date_jalali,OperatorCode_FK,PushingTime_min,IncomingCarID,productName,GlazeType,temp_exhaust,temp_preheat01,temp_preheat02,temp_termostat,temp_Zone00,temp_Zone01,temp_Zone02,temp_Zone03,temp_Zone04,temp_Zone05,temp_Zone06,temp_Zone07,temp_rapid01,temp_Rapid02,temp_bottomA,temp_bottom01,temp_bottomB,temp_bottom02
1404.01.01,8,1:20:00,31,90000001,91000001,190,402,531,755,820,925,950,950,935,891,841,786,607,572,556,523,408,356
1404.01.01,8,3:30:00,71,90000001,91000001,190,404,530,754,820,925,950,950,935,890,840,781,606,572,558,522,409,357
1404.01.01,8,5:40:00,68,90000001,91000001,190,404,530,752,820,925,950,950,935,888,840,788,607,571,556,520,410,357
1404.01.01,4,7:50:00,11,90000001,91000001,190,404,529,760,820,925,950,950,935,888,838,780,606,572,558,522,414,362
1404.01.01,4,10:00:00,17,90000001,91000001,190,403,530,758,820,925,950,945,935,883,842,785,605,570,557,523,412,364
1404.01.01,4,12:10:00,51,90000001,91000001,190,405,531,758,820,925,950,950,935,880,841,784,604,571,556,520,411,363
1404.01.01,5,14:20:00,9,90000001,91000001,190,404,531,757,820,925,950,950,935,887,837,781,604,570,556,519,410,360
1404.01.01,5,16:30:00,46,90000001,91000001,190,404,531,753,820,925,950,950,933,882,841,782,605,570,555,520,407,360
1404.01.01,5,18:40:00,48,90000001,91000001,190,404,535,758,820,925,950,950,933,886,838,777,602,567,554,516,406,358
1404.01.01,5,20:50:00,73,90000001,91000001,190,406,935,757,820,935,950,950,935,888,839,780,603,566,554,518,408,356
1404.01.01,8,23:00:00,35,90000001,91000001,190,405,534,756,820,925,950,950,935,889,841,777,602,568,554,517,406,359
1404.01.02,8,1:10:00,8,90000001,91000001,190,40,532,755,820,925,950,950,935,893,840,778,603,568,552,516,405,356
1404.01.02,8,3:20:00,52,90000001,91000001,190,401,531,747,820,925,950,950,935,888,842,782,600,568,551,517,406,359
1404.01.02,8,5:30:00,28,90000001,91000001,190,400,533,747,820,925,950,950,935,886,840,787,598,568,552,517,406,361
1404.01.02,4,7:40:00,43,90000001,91000001,190,400,535,752,820,925,950,950,935,886,840,787,599,566,554,515,408,363
1404.01.02,4,9:50:00,20,90000001,91000001,190,401,534,745,820,925,950,950,935,888,841,787,599,565,554,515,408,360
1404.01.02,4,12:00:00,34,90000001,91000001,190,399,531,746,820,825,950,950,935,888,840,773,600,565,551,516,405,361
1404.01.02,8,14:10:00,47,90000001,91000001,190,401,532,747,820,925,950,950,935,887,840,783,600,565,548,513,401,361
1404.01.02,8,16:20:00,22,90000001,91000001,190,401,532,748,820,925,950,950,935,888,840,781,601,566,547,514,402,360
1404.01.02,8,18:30:00,6,90000001,91000001,190,403,543,749,820,925,950,950,935,889,841,779,600,566,550,511,403,357
1404.01.02,8,20:40:00,24,90000001,91000001,190,406,549,750,820,925,950,950,935,891,840,787,600,565,552,513,400,357
1404.01.02,5,22:50:00,4,90000001,91000001,190,408,552,751,820,925,950,950,935,890,841,782,601,566,552,515,400,359
1404.01.03,5,1:00:00,39,90000001,91000001,190,408,555,749,820,925,950,950,935,889,841,779,600,566,550,516,403,358
1404.01.03,5,3:10:00,27,90000001,91000001,190,410,559,757,820,925,950,950,935,887,840,787,599,565,554,515,405,356
1404.01.03,5,5:20:00,70,90000001,91000001,190,412,563,750,820,925,950,950,935,887,842,788,597,563,553,514,408,357
1404.01.03,4,7:30:00,62,90000001,91000001,190,415,565,774,820,925,950,950,935,886,840,787,601,564,552,512,409,354
1404.01.03,4,9:40:00,65,90000001,91000001,190,414,563,775,820,925,950,950,935,885,840,787,600,565,552,512,408,355
1404.01.03,4,11:50:00,76,90000001,91000001,190,413,562,774,820,925,950,950,935,884,841,787,601,565,551,511,409,354
1404.01.03,8,14:00:00,45,90000001,91000001,190,425,568,773,820,925,950,950,935,881,837,779,600,563,549,511,396,348
1404.01.03,8,16:10:00,59,90000001,91000001,190,427,576,774,820,925,950,950,935,882,839,777,600,564,548,510,396,349
1404.01.03,8,18:20:00,36,90000001,91000001,190,428,578,780,820,925,950,950,935,885,840,776,598,564,547,512,398,351
1404.01.03,8,20:30:00,58,90000001,91000001,190,431,577,776,820,925,950,950,935,885,839,783,597,563,548,511,399,351
1404.01.03,5,22:40:00,21,90000001,91000001,190,432,583,777,820,925,950,950,935,886,840,784,596,563,548,510,399,350
1404.01.04,5,0:50:00,33,90000001,91000001,190,432,584,776,820,925,950,950,935,889,838,786,597,562,547,512,401,355
1404.01.04,5,3:00:00,78,90000001,91000001,190,436,582,782,820,925,950,950,936,883,838,784,594,560,547,511,400,351
1404.01.04,5,5:10:00,13,90000001,91000001,190,433,588,783,820,925,950,950,935,885,833,781,595,560,546,509,400,350
1404.01.04,4,7:20:00,5,90000001,91000001,190,438,593,781,820,925,950,950,935,887,835,785,596,561,546,507,400,348
1404.01.04,4,9:30:00,79,90000001,91000001,190,437,593,781,820,925,950,950,935,887,835,784,595,561,545,506,401,347
1404.01.04,4,11:40:00,42,90000001,91000001,190,437,593,782,820,925,950,950,935,886,835,778,594,560,544,505,401,345
1404.01.04,4,13:50:00,77,90000001,91000001,190,438,514,781,820,925,950,950,935,885,836,778,591,560,545,504,395,345
1404.01.04,8,16:00:00,18,90000001,91000001,190,441,593,783,820,925,950,945,935,886,838,780,591,557,543,503,393,348
1404.01.04,8,18:10:00,74,90000001,91000001,190,441,593,787,820,925,950,948,935,887,838,783,592,558,544,504,394,349
1404.01.04,8,20:20:00,12,90000001,91000001,190,442,595,792,820,925,950,950,935,887,838,784,592,558,540,502,396,348
1404.01.04,5,22:30:00,37,90000001,91000001,190,444,596,789,820,925,950,950,935,884,837,780,593,558,541,501,392,344
1404.01.05,5,0:40:00,3,90000001,91000001,190,444,598,784,820,925,950,950,935,888,836,782,592,559,540,497,392,345
1404.01.05,5,2:50:00,15,90000001,91000001,190,445,599,787,820,925,950,950,935,888,835,783,593,560,541,500,390,346
1404.01.05,5,5:00:00,30,90000001,91000001,190,444,600,786,820,925,950,950,935,888,838,783,594,561,541,496,388,340
1404.01.05,4,7:10:00,14,90000001,91000001,190,445,596,786,820,925,950,950,935,888,837,784,594,562,543,497,387,341
1404.01.05,4,9:20:00,75,90000001,91000001,190,444,595,786,820,925,950,950,935,888,838,785,595,564,544,498,386,335
1404.01.05,4,11:30:00,41,90000001,91000001,190,443,594,787,820,925,950,950,935,890,837,790,597,565,543,498,385,335
1404.01.05,4,13:40:00,50,90000001,91000001,190,442,553,786,820,925,950,950,935,878,838,785,598,565,544,497,385,334
1404.01.05,8,15:50:00,67,90000001,91000001,190,446,560,785,820,925,950,950,935,880,839,788,596,567,544,494,383,331
1404.01.05,8,18:00:00,64,90000001,91000001,190,445,580,784,820,935,950,950,935,881,835,782,595,566,546,497,382,330
1404.01.05,8,20:10:00,72,90000001,91000001,190,446,585,786,820,925,950,950,935,883,838,777,595,567,547,496,380,328
1404.01.05,5,22:20:00,40,90000001,91000001,190,449,594,787,820,925,950,950,935,883,839,781,596,567,544,498,379,328
1404.01.06,5,0:30:00,23,90000001,91000001,190,448,594,784,820,925,950,950,936,886,839,786,596,568,545,499,380,329
1404.01.06,5,2:40:00,54,90000001,91000001,190,447,597,788,820,925,950,950,936,886,840,788,597,567,546,498,382,332
1404.01.06,5,4:50:00,38,90000001,91000001,190,443,595,787,820,925,950,950,935,887,839,785,598,568,545,498,383,328
1404.01.06,4,7:00:00,61,90000001,91000001,190,444,595,785,820,925,950,950,935,888,841,784,599,568,546,498,383,328
1404.01.06,4,9:10:00,80,90000001,91000001,190,444,594,784,820,925,950,950,935,888,841,783,599,568,546,499,383,327
1404.01.06,4,11:20:00,57,90000001,91000001,190,444,595,783,820,925,950,950,935,888,841,783,599,568,546,498,383,325
1404.01.06,4,13:30:00,11,90000001,91000001,190,440,585,782,820,925,950,950,935,887,841,785,599,573,550,499,381,331
1404.01.06,8,15:40:00,32,90000001,91000001,190,431,568,784,820,925,950,950,935,888,840,787,601,572,551,499,383,329
1404.01.06,8,17:50:00,17,90000001,91000001,190,430,567,783,820,925,950,950,935,888,840,790,600,573,550,499,378,330
1404.01.06,8,20:00:00,9,90000001,91000001,190,428,565,784,820,925,950,950,935,884,840,790,603,573,552,500,377,328
1404.01.06,5,22:10:00,48,90000001,91000001,190,430,562,778,820,925,950,950,935,887,838,791,603,575,552,500,379,326
1404.01.07,5,0:20:00,28,90000001,91000001,190,428,561,777,820,925,950,948,935,885,839,794,603,576,552,503,377,330
1404.01.07,5,2:30:00,35,90000001,91000001,190,421,560,775,820,925,950,950,934,892,843,755,603,575,555,506,388,334
1404.01.07,5,4:40:00,52,90000001,91000001,190,420,561,771,820,925,950,950,935,892,841,796,604,575,553,505,385,338
1404.01.07,4,6:50:00,46,90000001,91000001,190,420,561,773,820,925,950,950,935,890,841,795,605,575,553,506,386,334
1404.01.07,4,9:00:00,43,90000001,91000001,190,420,561,773,820,925,950,950,935,891,841,795,606,576,554,506,385,334
1404.01.07,4,11:10:00,29,90000001,91000001,190,410,560,752,820,925,950,950,935,890,841,794,607,577,553,506,385,335
1404.01.07,4,13:20:00,22,90000001,91000001,190,411,541,752,820,925,950,950,935,888,840,794,606,578,555,508,386,336
1404.01.07,8,15:30:00,49,90000001,91000001,190,409,537,746,820,925,950,950,935,882,840,782,606,578,560,510,392,338
1404.01.07,8,17:40:00,34,90000001,91000001,190,410,532,749,820,925,950,950,935,882,841,781,606,576,560,511,387,338
1404.01.07,8,19:50:00,47,90000001,91000001,190,408,537,756,820,925,950,950,935,882,841,784,606,575,558,511,390,337
1404.01.07,5,22:00:00,20,90000001,91000001,190,407,540,758,820,925,950,950,935,882,841,785,604,575,558,512,392,338
1404.01.08,5,0:10:00,55,90000001,91000001,190,403,546,755,820,925,950,950,935,884,840,787,605,571,559,514,393,343
1404.01.08,5,2:20:00,66,90000001,91000001,190,405,545,757,820,925,950,950,935,883,841,786,605,573,558,513,391,340
1404.01.08,5,4:30:00,73,90000001,91000001,190,408,548,756,820,925,950,950,935,885,839,790,603,571,554,516,395,340
1404.01.08,4,6:40:00,8,90000001,91000001,190,402,544,754,820,925,950,950,935,883,841,793,605,572,552,515,394,359
1404.01.08,4,8:50:00,51,90000001,91000001,190,403,544,755,820,925,950,950,935,884,841,792,605,571,552,515,394,345
1404.01.08,4,11:00:00,25,90000001,91000001,190,404,545,755,820,925,950,950,935,884,841,791,605,571,552,515,393,345
1404.01.08,4,13:10:00,53,90000001,91000001,190,405,546,763,820,925,950,950,935,885,841,792,606,571,551,515,393,345
1404.01.08,8,15:20:00,69,90000001,91000001,190,400,529,753,820,925,950,950,935,878,840,779,604,572,557,514,398,344
1404.01.08,8,17:30:00,70,90000001,91000001,190,401,527,753,820,925,950,950,935,883,840,779,605,571,556,515,397,346
1404.01.08,8,19:40:00,31,90000001,91000001,190,400,528,754,820,925,950,950,935,883,840,781,606,571,555,515,396,346
1404.01.08,8,21:50:00,71,90000001,91000001,190,400,530,750,820,925,950,940,935,883,840,777,606,572,555,515,396,345
1404.01.08,5,0:00:00,10,90000001,91000001,190,399,533,753,820,925,950,941,935,882,840,780,607,573,556,515,398,346
1404.01.09,5,2:10:00,68,90000001,91000001,190,397,535,763,820,925,950,943,935,885,841,787,605,573,558,516,402,352
1404.01.09,5,4:20:00,63,90000001,91000001,190,397,533,756,820,925,950,942,935,881,841,788,602,571,558,517,403,353
1404.01.09,4,6:30:00,27,90000001,91000001,190,397,531,755,820,925,950,942,935,881,841,789,603,571,557,517,404,353
1404.01.09,4,8:40:00,62,90000001,91000001,190,398,530,755,820,925,950,942,935,882,840,793,605,571,558,517,404,354
1404.01.09,4,10:50:00,39,90000001,91000001,190,399,531,751,820,925,950,942,935,881,840,793,605,572,558,518,404,353
1404.01.09,4,13:00:00,60,90000001,91000001,190,399,532,745,820,925,950,941,935,886,840,794,606,572,557,518,404,353
1404.01.09,5,15:10:00,6,90000001,91000001,190,394,515,743,820,925,950,940,935,882,839,780,606,573,557,515,403,352
1404.01.09,5,17:20:00,19,90000001,91000001,190,398,528,736,820,920,950,942,935,880,839,774,602,574,557,518,403,353
1404.01.09,5,19:30:00,33,90000001,91000001,190,397,522,738,820,925,950,942,935,881,840,788,602,568,556,517,399,354
1404.01.09,5,21:40:00,7,90000001,91000001,190,394,535,739,820,925,950,942,935,877,840,787,603,569,557,518,402,355
1404.01.09,8,23:50:00,13,90000001,91000001,190,396,523,740,820,925,950,942,935,884,838,780,603,570,553,519,407,358
1404.01.10,8,2:00:00,78,90000001,91000001,190,396,524,740,820,925,950,942,935,880,840,780,603,570,554,518,406,356
1404.01.10,8,4:10:00,65,90000001,91000001,190,400,519,745,820,925,950,942,935,875,842,783,603,570,553,515,406,361
1404.01.10,4,6:20:00,21,90000001,91000001,190,392,524,746,820,925,950,942,935,877,841,783,603,572,553,515,403,363
1404.01.10,4,8:30:00,5,90000001,91000001,190,390,522,738,820,925,950,942,935,880,838,781,606,571,553,513,405,360
1404.01.10,4,10:40:00,79,90000001,91000001,190,394,519,739,820,925,950,942,935,880,838,780,606,572,553,514,404,361
1404.01.10,4,12:50:00,30,90000001,91000001,190,395,520,738,820,925,950,942,935,881,838,781,605,572,553,514,404,361
1404.01.10,5,15:00:00,3,90000001,91000001,190,394,513,739,820,925,950,942,935,877,838,774,604,571,555,514,401,355
1404.01.10,5,17:10:00,74,90000001,91000001,190,393,514,731,820,925,950,941,935,879,838,770,604,572,556,515,402,354
1404.01.10,5,19:20:00,14,90000001,91000001,190,394,522,738,820,925,950,940,935,880,838,778,604,573,556,517,404,354
1404.01.10,5,21:30:00,,90000001,91000001,190,397,525,747,820,925,950,942,935,883,839,777,602,569,558,518,405,351
1404.01.10,8,23:40:00,75,90000001,91000001,190,401,523,750,820,925,950,942,935,882,840,780,604,571,555,518,405,359
1404.01.11,8,1:50:00,77,90000001,91000001,190,400,523,751,820,925,950,942,935,882,840,780,604,571,555,518,405,359
1404.01.11,8,4:00:00,18,90000001,91000001,190,400,522,750,820,925,950,942,935,880,840,782,605,572,554,516,404,360
1404.01.11,4,6:10:00,26,90000001,91000001,190,400,522,751,820,925,950,942,935,880,840,781,605,572,554,515,403,357
1404.01.11,4,8:20:00,50,90000001,91000001,190,400,524,756,820,925,950,938,935,880,840,770,605,572,554,512,404,355
1404.01.11,4,10:30:00,41,90000001,91000001,190,402,518,748,820,925,950,940,935,874,838,766,605,572,554,512,403,356
1404.01.11,4,12:40:00,12,90000001,91000001,190,404,514,742,820,925,950,940,935,874,838,765,605,572,555,515,403,356
1404.01.11,5,14:50:00,67,90000001,91000001,190,399,510,733,820,925,950,941,935,878,837,761,603,572,555,516,402,357
1404.01.11,5,17:00:00,37,90000001,91000001,190,398,514,733,820,925,950,940,935,877,840,766,603,570,556,516,404,359
1404.01.11,5,19:10:00,15,90000001,91000001,190,399,517,735,820,925,950,941,935,879,836,770,604,571,555,516,406,356
1404.01.11,5,21:20:00,76,90000001,91000001,190,405,514,737,820,925,950,942,935,882,839,766,603,571,554,517,406,358
1404.01.11,8,23:30:00,45,90000001,91000001,190,400,517,741,820,925,950,942,935,884,839,766,603,572,556,517,404,361
1404.01.12,8,1:40:00,59,90000001,91000001,190,399,517,740,820,925,950,942,935,883,840,771,601,571,555,516,404,359
1404.01.12,8,3:50:00,36,90000001,91000001,190,400,517,737,820,925,950,942,935,882,839,766,603,570,554,517,406,358
1404.01.12,4,6:00:00,58,90000001,91000001,190,400,518,740,820,925,950,941,935,884,839,772,604,571,554,518,417,360
1404.01.12,4,8:10:00,16,90000001,91000001,190,400,518,738,820,925,950,941,935,883,839,771,604,571,553,513,406,360
1404.01.12,4,10:20:00,54,90000001,91000001,190,400,523,738,820,925,950,941,935,883,840,770,603,571,553,512,404,359
1404.01.12,4,12:30:00,38,90000001,91000001,190,400,513,734,820,925,950,940,935,884,840,763,603,570,553,512,405,360
1404.01.12,5,14:40:00,23,90000001,91000001,190,400,512,733,820,925,950,940,935,885,840,760,604,570,553,512,400,362
1404.01.12,5,16:50:00,40,90000001,91000001,190,400,514,730,820,925,950,940,935,882,840,769,604,571,552,514,402,361
1404.01.12,5,19:00:00,72,90000001,91000001,190,400,518,742,820,925,950,942,935,882,839,771,603,571,554,513,399,358
1404.01.12,5,21:10:00,64,90000001,91000001,190,398,520,744,820,925,950,942,935,883,839,771,603,570,554,513,399,358
1404.01.12,8,23:20:00,61,90000001,91000001,190,400,521,750,820,925,950,942,935,884,840,773,605,571,554,513,402,355
1404.01.13,8,1:30:00,6,90000001,91000001,190,404,524,755,820,925,950,942,935,888,839,773,604,572,554,516,402,357
1404.01.13,8,3:40:00,24,90000001,91000001,190,402,523,753,820,925,950,942,935,885,839,780,605,571,554,515,400,356
1404.01.13,8,5:50:00,4,90000001,91000001,190,402,525,743,820,925,950,942,935,882,839,775,605,572,544,515,402,356
1404.01.13,4,8:00:00,80,90000001,91000001,190,402,520,740,820,925,950,941,935,883,839,776,605,571,545,514,401,356
1404.01.13,4,10:10:00,57,90000001,91000001,190,401,517,736,820,925,950,941,935,885,838,777,604,571,545,513,400,355
1404.01.13,4,12:20:00,11,90000001,91000001,190,398,516,735,820,925,950,938,935,883,838,768,604,570,552,512,400,352
1404.01.13,5,14:30:00,2,90000001,91000001,190,398,514,728,820,925,950,940,935,885,840,773,604,569,555,518,400,354
1404.01.13,5,16:40:00,44,90000001,91000001,190,398,514,732,820,925,950,942,935,884,840,768,605,571,552,515,397,351
1404.01.13,5,18:50:00,1,90000001,91000001,190,398,517,740,820,925,950,941,935,881,838,769,604,572,552,514,399,350
1404.01.13,5,21:00:00,9,90000001,91000001,190,399,518,739,820,925,950,942,935,888,840,777,604,570,556,517,408,359
1404.01.13,8,23:10:00,28,90000001,91000001,190,397,516,740,820,925,950,942,935,889,839,776,606,573,557,517,406,361
1404.01.14,8,1:20:00,35,90000001,91000001,190,398,515,740,820,925,950,942,935,885,839,771,605,572,556,515,400,359
1404.01.14,8,3:30:00,52,90000001,91000001,190,396,512,739,820,925,950,942,935,886,840,773,606,573,556,518,405,361
1404.01.14,8,5:40:00,46,90000001,91000001,190,394,518,745,820,925,950,942,935,889,740,774,608,574,556,519,409,362
1404.01.14,4,7:50:00,43,90000001,91000001,190,396,517,740,820,925,950,943,935,888,841,775,605,575,555,520,708,364
1404.01.14,4,10:00:00,48,90000001,91000001,190,395,516,740,820,925,950,945,935,887,842,775,606,576,555,520,706,365
1404.01.14,4,12:10:00,29,90000001,91000001,190,399,507,715,820,925,950,946,935,886,840,770,607,575,555,518,706,362
1404.01.14,5,14:20:00,49,90000001,91000001,190,397,506,721,820,925,950,944,935,888,840,767,608,575,555,518,407,359
1404.01.14,5,16:30:00,34,90000001,91000001,190,398,512,720,820,925,950,945,935,888,840,773,608,575,557,518,406,356
1404.01.14,5,18:40:00,20,90000001,91000001,190,400,522,734,820,925,950,942,935,888,841,770,608,575,558,515,407,356
1404.01.14,5,20:50:00,55,90000001,91000001,190,398,530,735,720,925,950,945,935,889,838,772,607,575,558,519,408,360
1404.01.14,8,23:00:00,66,90000001,91000001,190,398,533,736,820,925,950,945,935,892,838,775,609,576,559,522,406,362
1404.01.15,8,1:10:00,73,90000001,91000001,190,398,535,740,820,925,950,945,935,887,838,773,607,573,558,517,405,361
1404.01.15,8,3:20:00,8,90000001,91000001,190,409,549,752,820,925,950,945,935,882,837,771,605,571,556,516,405,351
1404.01.15,8,5:30:00,51,90000001,91000001,190,411,546,751,820,925,950,942,935,884,841,777,605,573,556,520,408,360
1404.01.15,4,7:40:00,32,90000001,91000001,190,414,549,756,820,925,950,940,935,889,840,782,606,572,555,516,406,360
1404.01.15,4,9:50:00,47,90000001,91000001,190,414,558,758,820,925,950,942,935,890,840,778,606,572,556,517,406,358
1404.01.15,4,12:00:00,17,90000001,91000001,190,414,559,759,820,925,950,943,935,889,840,778,606,571,555,515,406,357
1404.01.15,5,14:10:00,33,90000001,91000001,190,417,560,758,820,925,950,945,935,887,840,775,605,572,554,515,402,357
1404.01.15,5,16:20:00,65,90000001,91000001,190,419,561,760,820,925,950,945,935,888,840,777,604,572,554,514,402,355
1404.01.15,5,18:30:00,21,90000001,91000001,190,424,563,763,820,925,950,946,935,888,839,779,604,571,554,514,402,354
1404.01.15,5,20:40:00,78,90000001,91000001,190,428,564,765,820,920,950,944,935,891,838,776,604,571,553,514,403,356
1404.01.15,8,22:50:00,62,90000001,91000001,190,427,565,776,820,925,950,944,935,892,837,781,604,571,555,516,403,358
1404.01.16,8,1:00:00,13,90000001,91000001,190,427,564,778,820,925,950,945,935,893,839,778,604,572,555,515,405,356
1404.01.16,8,3:10:00,7,90000001,91000001,190,429,567,775,820,925,950,945,935,895,841,780,604,572,554,517,404,357
1404.01.16,8,5:20:00,19,90000001,91000001,190,429,565,775,820,925,950,945,935,893,840,780,603,570,554,516,404,354
1404.01.16,4,7:30:00,22,90000001,91000001,190,430,565,774,820,925,950,944,935,893,840,783,604,570,555,515,404,354
1404.01.16,4,9:40:00,56,90000001,91000001,190,429,564,775,820,925,950,945,935,892,841,782,603,570,555,515,404,354
1404.01.16,4,11:50:00,60,90000001,91000001,190,430,556,775,820,925,950,947,935,891,841,785,605,570,550,514,403,354
1404.01.16,8,14:00:00,39,90000001,91000001,190,429,555,773,820,925,950,950,935,896,841,785,604,572,552,513,404,356
1404.01.16,8,16:10:00,15,90000001,91000001,190,425,554,772,820,925,950,950,935,894,842,785,604,571,552,513,400,356
1404.01.16,8,18:20:00,79,90000001,91000001,190,420,550,773,820,925,950,950,935,893,842,785,604,571,555,513,400,355
1404.01.16,8,20:30:00,58,90000001,91000001,190,415,548,770,820,925,950,950,935,893,830,783,605,572,553,514,400,353
1404.01.16,5,22:40:00,5,90000001,91000001,190,419,547,765,820,925,950,945,935,893,839,776,606,572,553,514,398,356
1404.1.17,5,0:50:00,36,90000001,91000001,190,419,544,764,820,925,950,943,935,890,840,770,605,57,553,514,400,355
1404.1.17,5,3:00:00,59,90000001,91000001,190,419,540,767,820,925,950,943,935,891,840,773,605,572,553,514,403,350
1404.1.17,5,5:10:00,45,90000001,91000001,190,419,534,765,820,925,950,943,935,890,839,774,601,573,552,514,402,353
1404.1.17,4,7:20:00,12,90000001,91000001,190,418,535,763,820,925,950,944,935,891,840,775,602,572,553,514,401,353
1404.1.17,4,9:30:00,16,90000001,91000001,190,414,536,758,820,925,950,944,935,890,842,777,604,570,555,515,403,351
1404.1.17,4,11:40:00,41,90000001,91000001,190,413,537,755,820,925,950,944,935,891,842,778,605,571,555,515,403,351
1404.1.17,4,13:50:00,50,90000001,91000001,190,412,536,755,820,925,950,944,935,810,841,777,607,571,555,516,403,350
1404.1.17,8,16:00:00,54,90000001,91000001,190,412,520,744,820,925,950,943,935,889,840,766,607,574,554,510,400,350
1404.1.17,8,18:10:00,23,90000001,91000001,190,410,520,749,820,925,950,943,935,889,840,773,607,576,557,511,402,354
1404.1.17,8,20:20:00,40,90000001,91000001,190,412,521,772,820,925,950,941,935,892,840,775,607,576,557,513,403,356
1404.1.17,5,22:30:00,26,90000001,91000001,190,419,523,769,820,925,950,940,935,890,839,776,609,576,558,516,400,358
1404.01.18,5,0:40:00,64,90000001,91000001,190,415,523,761,820,925,950,943,935,891,838,776,609,577,557,514,402,356
1404.01.18,5,2:50:00,38,90000001,91000001,190,412,522,759,820,925,950,941,935,890,841,776,609,577,557,516,405,358
1404.01.18,5,5:00:00,67,90000001,91000001,190,410,527,755,820,925,950,942,935,887,839,778,609,576,558,516,405,357
1404.01.18,4,7:10:00,61,90000001,91000001,190,409,525,753,820,925,950,942,935,885,840,777,609,576,558,516,404,356
1404.01.18,4,9:20:00,72,90000001,91000001,190,408,520,745,820,925,950,940,935,887,838,772,610,576,560,518,405,356
1404.01.18,4,11:30:00,80,90000001,91000001,190,408,521,740,820,925,950,944,935,891,838,771,610,576,560,518,404,355
1404.01.18,4,13:40:00,11,90000001,91000001,190,408,520,742,820,925,950,944,935,890,838,772,610,575,560,517,402,356
1404.01.18,8,15:50:00,57,90000001,91000001,190,405,506,732,820,925,950,942,935,888,840,761,610,577,562,521,407,359
1404.01.18,8,18:00:00,43,90000001,91000001,190,404,508,738,820,925,950,942,935,892,837,771,610,578,562,520,410,360
1404.01.18,8,20:10:00,44,90000001,91000001,190,406,513,742,820,925,950,942,935,892,840,773,610,577,561,522,409,362
1404.01.18,5,22:20:00,74,90000001,91000001,190,403,515,742,820,925,950,942,935,891,841,766,611,576,560,520,409,362
1404.01.19,5,0:30:00,48,90000001,91000001,190,402,516,744,820,925,950,942,935,891,840,774,610,578,560,520,412,360
1404.01.19,5,2:40:00,3,90000001,91000001,190,402,516,744,820,925,950,942,935,891,840,774,610,578,560,520,412,360
1404.01.19,5,4:50:00,1,90000001,91000001,190,402,521,745,820,925,950,942,935,891,840,777,611,578,560,520,412,364
1404.01.19,4,7:00:00,30,90000001,91000001,190,402,521,742,820,925,950,942,935,892,841,780,608,577,562,520,410,364
1404.01.19,4,9:10:00,9,90000002,92000001,190,407,510,732,820,925,950,940,935,891,841,775,611,575,563,522,410,365
1404.01.19,4,11:20:00,28,90000001,91000001,190,402,504,735,820,925,950,940,935,893,842,773,613,577,561,523,411,361
1404.01.19,4,13:30:00,35,90000001,91000001,190,401,506,733,720,925,950,940,935,891,842,774,613,577,562,524,411,362
1404.01.19,8,15:40:00,46,90000001,91000001,190,400,506,720,820,925,950,940,935,890,840,781,613,578,562,522,416,366
1404.01.19,8,17:50:00,52,90000001,91000001,190,398,506,724,820,925,950,940,935,890,841,778,617,580,564,522,415,365
1404.01.19,8,20:00:00,2,90000001,91000001,190,401,506,728,820,925,950,940,935,886,842,784,615,582,565,527,409,373
1404.01.19,5,22:10:00,27,90000002,92000001,190,408,512,729,820,925,950,941,935,888,840,780,614,580,565,523,406,366
1404.01.20,5,0:20:00,14,90000001,91000001,190,409,516,728,820,925,950,941,935,890,840,781,612,579,567,525,410,365
1404.01.20,5,2:30:00,42,90000001,91000001,190,410,516,735,820,925,950,941,935,890,840,780,612,576,566,525,411,361
1404.01.20,5,4:40:00,75,90000001,91000001,190,409,520,736,820,925,950,940,935,890,841,786,613,575,563,528,413,362
1404.01.20,4,6:50:00,29,90000001,91000001,190,409,527,737,820,925,950,941,935,891,841,787,612,575,563,528,413,364
1404.01.20,4,9:00:00,49,90000001,91000001,190,400,526,734,820,925,950,940,935,890,841,778,613,577,564,529,418,368
1404.01.20,4,11:10:00,66,90000001,91000001,190,401,527,737,820,925,950,940,935,891,841,778,613,577,564,525,420,365
1404.01.20,4,13:20:00,32,90000001,91000001,190,409,520,739,820,925,950,940,95,891,841,777,613,577,564,524,421,365
1404.01.20,8,15:30:00,10,90000001,91000001,190,412,517,753,820,925,950,940,935,890,842,785,614,577,564,528,422,375
1404.01.20,8,17:40:00,33,90000001,91000001,190,410,514,755,820,925,950,940,935,888,842,788,614,578,564,527,421,373
1404.01.20,8,19:50:00,71,90000001,91000001,190,413,521,775,820,925,950,940,935,890,841,790,613,578,564,528,422,373
1404.01.20,5,22:00:00,31,90000001,91000001,190,413,531,775,820,925,950,941,935,889,841,793,614,576,565,528,423,374
1404.01.21,5,0:10:00,17,90000001,91000001,190,410,532,770,820,925,950,940,935,890,841,789,613,574,563,526,419,374
1404.01.21,5,2:20:00,62,90000001,91000001,190,410,529,761,820,925,950,940,935,892,841,790,612,573,561,528,421,373
1404.01.21,5,4:30:00,47,90000001,91000001,190,408,532,758,820,925,950,940,935,891,841,789,615,575,561,528,423,375
1404.01.21,4,6:40:00,22,90000001,91000001,190,405,531,757,820,925,950,940,935,892,841,788,615,577,561,528,423,374
1404.01.21,4,8:50:00,7,90000001,91000001,190,405,531,757,820,925,950,940,935,891,841,787,613,576,561,527,423,375
1404.01.21,4,11:00:00,19,90000001,91000001,190,404,530,753,820,925,950,940,935,891,841,786,612,576,561,526,422,375
1404.01.21,4,13:10:00,65,90000001,91000001,190,403,530,450,820,925,950,940,935,891,841,786,611,575,561,527,423,375
1404.01.21,8,15:20:00,70,90000001,91000001,190,400,518,747,825,930,955,945,940,880,826,765,611,574,561,525,418,373
1404.01.21,8,17:30:00,68,90000001,91000001,190,400,525,755,825,930,955,945,940,882,825,771,612,574,561,525,419,372
1404.01.21,8,19:40:00,55,90000001,91000001,190,401,529,750,825,930,955,945,930,886,825,752,605,575,560,525,418,372
1404.01.21,8,21:50:00,20,90000001,91000001,190,402,525,751,825,930,955,945,940,890,835,764,605,574,560,525,417,373
1404.01.21,5,0:00:00,73,90000001,91000001,190,398,529,756,825,930,955,925,940,890,837,765,600,569,560,523,417,371
1404.1.22,5,2:10:00,13,90000001,91000001,190,397,528,754,825,930,955,945,940,890,835,764,601,569,561,524,416,370
1404.1.22,5,4:20:00,8,90000001,91000001,190,392,531,748,825,930,955,945,940,882,838,781,592,550,560,524,418,373
1404.1.22,4,6:30:00,51,90000001,91000001,190,390,530,754,825,930,955,942,940,889,836,770,594,557,560,520,417,372
1404.1.22,4,8:40:00,34,90000001,91000001,190,390,529,755,825,930,955,943,940,892,831,770,599,558,560,520,416,371
1404.1.22,4,10:50:00,78,90000001,91000001,190,387,531,752,825,930,955,944,940,892,833,768,604,563,546,501,408,365
1404.1.22,4,13:00:00,63,90000002,92000001,190,388,530,753,825,930,955,944,940,892,833,767,603,563,546,499,409,365
1404.1.22,8,15:10:00,77,90000001,91000001,190,393,530,860,825,930,955,944,940,893,836,770,598,565,547,505,412,365
1404.1.22,8,17:20:00,18,90000001,91000001,190,392,529,757,825,930,955,944,940,894,839,775,581,562,549,509,400,365
1404.1.22,8,19:30:00,6,90000001,91000001,190,388,529,767,825,930,955,944,940,893,839,771,592,546,550,509,393,361
1404.1.22,8,21:40:00,24,90000001,91000001,190,378,525,764,825,930,955,944,940,891,840,786,599,558,548,511,399,343
1404.1.22,5,23:50:00,4,90000001,91000001,190,383,527,759,825,930,955,944,940,893,839,786,598,561,535,512,398,350
1404.1.23,5,2:00:00,37,90000001,91000001,190,383,528,753,825,930,954,944,940,893,840,781,597,563,540,509,397,348
1404.1.23,5,4:10:00,76,90000001,91000001,190,388,523,751,825,930,955,944,940,891,839,789,602,564,545,494,400,349
1404.1.23,8,6:20:00,21,90000001,91000001,190,391,521,746,825,930,955,944,940,891,841,786,605,568,545,502,402,352
1404.1.23,8,8:30:00,39,90000001,91000001,190,391,516,743,825,930,955,944,940,890,841,788,605,572,546,508,389,356
1404.1.23,8,10:40:00,60,90000001,91000001,190,391,516,747,825,930,955,944,940,889,841,789,605,573,550,508,388,354
1404.1.23,8,12:50:00,45,90000001,91000001,190,390,525,750,825,930,955,944,940,890,838,790,608,574,553,507,394,334
1404.1.23,5,15:00:00,59,90000001,91000001,190,389,526,747,825,930,955,944,940,890,840,784,609,573,553,510,396,342
1404.1.23,5,17:10:00,36,90000001,91000001,190,389,522,725,825,930,952,943,940,894,835,787,607,573,552,513,390,343
1404.1.23,5,19:20:00,5,90000001,91000001,190,390,524,738,825,930,952,943,940,897,835,786,607,571,555,514,395,348
1404.1.23,5,21:30:00,56,90000001,91000001,190,389,517,739,825,930,955,943,940,889,839,780,607,571,555,513,399,348
1404.1.23,5,23:40:00,25,90000001,91000001,190,389,518,742,825,930,955,944,937,893,840,780,606,569,554,518,400,350
1404.1.24,5,1:50:00,53,90000001,91000001,190,388,523,760,825,930,955,942,940,895,841,783,606,569,555,517,403,353
1404.1.24,5,4:00:00,69,90000001,91000001,190,389,520,755,825,930,955,944,938,892,840,784,605,570,553,515,400,352
1404.1.24,8,6:10:00,58,90000001,91000001,190,385,523,747,825,930,955,944,940,893,841,787,606,571,554,515,403,354
1404.1.24,8,8:20:00,48,90000001,91000001,190,383,519,745,825,930,955,944,940,890,840,793,606,570,554,515,401,353
1404.1.24,8,10:30:00,1,90000001,91000001,190,385,518,740,825,930,955,944,940,892,840,795,604,570,554,514,403,354
1404.1.24,8,12:40:00,3,90000001,91000001,190,387,515,745,825,930,955,944,940,893,841,792,606,568,552,516,401,354
1404.1.24,5,14:50:00,11,90000001,91000001,190,388,516,743,825,930,955,945,940,894,842,778,607,569,553,515,398,355
1404.1.24,5,17:00:00,72,90000001,91000001,190,388,515,752,825,930,955,945,940,894,842,789,608,570,552,515,403,355
1404.1.24,5,19:10:00,61,90000001,91000001,190,388,517,751,825,930,955,945,940,890,840,792,609,565,552,516,408,358
1404.1.24,5,21:20:00,64,90000001,91000001,190,384,516,751,825,930,955,945,940,887,837,783,610,572,553,515,405,362
1404.1.24,8,23:30:00,38,90000001,91000001,190,384,516,748,825,930,954,943,940,895,827,782,610,572,553,513,405,362
1404.1.25,8,1:40:00,35,90000001,91000001,190,384,514,749,825,930,955,945,940,895,839,765,611,574,555,515,402,362
1404.1.25,8,3:50:00,67,90000001,91000001,190,383,511,748,825,930,955,945,940,895,841,774,611,574,556,516,403,365
1404.1.25,4,6:00:00,28,90000001,91000001,190,384,510,745,825,930,955,945,940,894,841,782,606,573,556,520,405,364
1404.1.25,4,8:10:00,46,90000001,91000001,190,383,510,744,825,930,955,943,940,890,843,781,585,569,556,522,404,364
1404.1.25,4,10:20:00,14,90000001,91000001,190,384,509,745,825,920,955,944,940,891,843,781,586,561,555,522,404,364
1404.1.25,4,12:30:00,26,90000001,91000001,190,388,513,742,825,930,955,946,940,887,838,787,604,562,552,521,406,365
1404.1.25,5,14:40:00,49,90000001,91000001,190,388,513,741,825,930,955,945,940,891,838,783,605,565,540,522,408,364
1404.1.25,5,16:50:00,54,90000001,91000001,190,388,510,749,825,930,955,945,940,891,841,786,608,568,548,516,411,366
1404.1.25,5,19:00:00,50,90000001,91000001,190,382,505,747,825,930,955,945,940,891,841,781,608,569,549,501,412,366
1404.1.25,5,21:10:00,32,90000001,91000001,190,380,505,758,825,930,955,945,940,892,842,783,612,570,547,508,410,368
1404.1.25,8,23:20:00,66,90000001,91000001,190,376,503,760,825,930,955,945,940,892,842,787,610,574,555,513,398,365
1404.1.26,8,1:30:00,33,90000001,91000001,190,377,504,753,825,930,955,945,940,888,842,794,610,572,555,517,392,362
1404.1.26,8,3:40:00,23,90000001,91000001,190,378,506,754,825,930,955,945,940,885,842,794,610,572,558,519,402,345
1404.1.26,8,5:50:00,40,90000001,91000001,190,378,508,746,825,930,955,945,940,891,841,792,612,573,558,521,406,356
1404.1.26,4,8:00:00,62,90000001,91000001,190,379,509,745,825,930,955,945,940,891,841,791,613,573,557,521,406,358
1404.1.26,4,10:10:00,52,90000001,91000001,190,379,506,744,825,930,955,945,940,891,841,793,613,574,557,522,407,359
1404.1.26,4,12:20:00,31,90000001,91000001,190,379,505,742,825,930,955,945,940,890,841,795,614,575,560,522,409,361
1404.1.26,5,14:30:00,71,90000001,91000001,190,379,507,744,825,930,955,945,940,892,841,800,607,574,560,524,417,360
1404.1.26,5,16:40:00,41,90000001,91000001,190,381,508,747,825,930,955,945,940,890,842,794,602,571,562,526,415,371
1404.1.26,5,18:50:00,7,90000002,92000001,190,381,508,747,825,930,955,945,940,890,842,794,602,571,562,526,415,371
1404.1.26,5,21:00:00,17,90000001,91000001,190,380,504,744,825,930,955,945,940,893,842,785,601,566,561,527,417,272
1404.1.26,8,23:10:00,47,90000001,91000001,190,384,508,739,825,930,955,945,940,891,842,783,601,565,558,528,419,373
1404.1.27,8,1:20:00,10,90000001,91000001,190,381,511,735,825,930,955,945,940,894,842,786,598,564,558,532,422,377
1404.1.27,8,3:30:00,22,90000001,91000001,190,378,510,738,825,930,955,945,940,893,842,787,593,565,557,529,421,378
1404.1.27,8,5:40:00,2,90000001,91000001,190,377,514,738,825,930,955,945,940,893,842,790,596,557,555,527,422,375
1404.1.27,4,7:50:00,70,90000001,91000001,190,381,515,738,825,930,955,945,940,893,842,790,596,558,551,526,422,375
1404.1.27,4,10:00:00,27,90000001,91000001,190,387,516,740,825,930,955,945,940,893,841,785,597,561,550,526,421,378
1404.1.27,4,12:10:00,20,90000001,91000001,190,387,515,742,825,930,955,945,940,893,841,785,599,561,550,520,422,380
1404.1.27,4,14:20:00,55,90000001,91000001,190,387,515,749,825,930,955,945,940,893,844,785,599,564,551,520,422,378
1404.1.27,4,16:30:00,73,90000001,91000001,190,388,511,747,825,930,955,945,940,894,842,783,599,564,550,520,418,378
1404.1.27,4,18:40:00,13,90000001,91000001,190,390,519,752,825,930,955,945,940,894,841,784,598,563,551,52,420,379
1404.1.27,4,20:50:00,8,90000001,91000001,190,390,518,769,825,930,955,944,940,894,841,783,599,563,551,521,421,378
1404.1.27,8,23:00:00,68,90000001,91000001,190,392,518,758,825,930,955,944,940,892,842,780,596,562,554,524,423,377
1404.1.28,8,1:10:00,65,90000001,91000001,190,392,523,758,825,930,955,945,940,891,841,782,595,559,553,523,421,379
1404.1.28,8,3:20:00,51,90000001,91000001,190,393,530,763,825,930,955,945,940,892,841,783,594,558,551,524,423,378
1404.1.28,8,5:30:00,34,90000001,91000001,190,392,527,762,825,930,955,945,940,892,840,780,594,558,550,524,421,378
1404.1.28,4,7:40:00,77,90000001,91000001,190,387,533,776,825,930,955,945,940,892,840,784,595,557,550,522,422,380
1404.1.28,4,9:50:00,18,90000001,91000001,190,387,531,763,825,930,955,945,940,887,841,785,595,559,551,521,422,371
1404.1.28,4,12:00:00,63,90000001,91000001,190,385,530,761,825,930,955,945,940,889,840,784,594,558,551,521,422,372
1404.1.28,5,14:10:00,78,90000001,91000001,190,386,524,761,825,930,955,945,940,884,839,777,591,556,548,518,412,374
1404.1.28,5,16:20:00,19,90000002,92000001,190,393,525,769,825,930,955,945,940,882,837,779,589,555,548,518,415,372
1404.1.28,5,18:30:00,29,90000001,91000001,190,392,522,764,825,930,955,940,889,832,780,785,585,554,546,518,415,371
1404.1.28,5,20:40:00,42,90000001,91000001,190,395,521,768,825,930,955,945,940,891,836,777,587,554,546,518,413,370
1404.1.28,8,22:50:00,21,90000001,91000001,190,394,522,766,825,930,955,945,940,890,837,776,588,556,547,517,413,368
1404.1.29,8,1:00:00,75,90000001,91000001,190,395,529,756,825,930,955,945,940,887,837,777,589,558,542,517,412,367
1404.1.29,8,3:10:00,9,90000001,91000001,190,385,528,753,825,930,955,945,940,887,834,779,590,559,546,515,411,367
1404.1.29,8,5:20:00,30,90000001,91000001,190,388,530,751,825,930,955,945,940,893,830,775,592,560,545,512,409,393
1404.1.29,4,7:30:00,80,90000001,91000001,190,387,529,753,825,930,955,945,940,891,831,776,593,560,546,513,410,364
1404.1.29,4,9:40:00,57,90000001,91000001,190,392,531,750,825,930,955,940,940,890,831,777,593,560,546,513,411,365
1404.1.29,4,11:50:00,43,90000001,91000001,190,393,532,751,825,930,955,942,940,891,831,777,593,561,546,514,410,365
1404.1.29,5,14:00:00,44,90000001,91000001,190,390,522,768,825,930,955,940,938,890,829,772,570,556,548,511,407,362
1404.1.29,5,16:10:00,74,90000001,91000001,190,390,527,755,825,930,955,940,940,859,836,772,579,544,548,513,406,363
1404.1.29,5,18:20:00,16,90000001,91000001,190,390,529,751,825,930,955,940,940,880,836,780,584,550,544,513,403,359
1404.1.29,5,20:30:00,15,90000001,91000001,190,389,530,749,825,930,955,940,940,889,833,774,584,555,533,513,401,355
1404.1.29,8,22:40:00,76,90000001,91000001,190,387,531,751,825,930,955,940,940,888,839,766,587,555,540,509,405,355
1404.1.30,8,0:50:00,4,90000001,91000001,190,387,531,750,825,930,955,942,940,891,840,776,590,559,544,495,403,355
1404.1.30,8,3:00:00,12,90000001,91000001,190,385,530,747,825,930,955,943,940,891,839,780,591,561,542,501,404,359
1404.1.30,8,5:10:00,79,90000001,91000001,190,388,530,775,825,930,955,944,940,894,842,785,587,560,546,508,393,360
1404.1.30,4,7:20:00,24,90000001,91000001,190,384,525,760,825,930,959,942,940,881,840,785,589,557,545,505,380,353
1404.1.30,4,9:30:00,6,90000001,91000001,190,383,525,759,825,930,955,942,940,885,840,784,593,557,546,509,381,353
1404.1.30,4,11:40:00,59,90000001,91000001,190,386,526,756,825,930,955,942,940,885,840,784,593,557,549,510,381,353
1404.1.30,4,13:50:00,5,90000001,91000001,190,388,527,745,825,930,955,941,940,893,840,781,594,556,549,510,381,353
1404.1.30,8,16:00:00,53,90000001,91000001,190,387,515,751,825,930,955,940,940,892,840,773,597,566,548,503,401,350
1404.1.30,8,18:10:00,56,90000001,91000001,190,391,515,750,825,930,955,942,940,890,840,782,595,567,550,507,404,354
1404.1.30,8,20:20:00,33,90000001,91000001,190,387,518,751,825,930,955,942,940,892,840,784,576,565,553,511,395,357
1404.1.30,5,22:30:00,40,90000001,91000001,190,387,522,750,825,930,955,942,940,879,839,784,589,555,551,511,395,354
1404.1.31,5,0:40:00,32,90000001,91000001,190,384,523,744,825,930,955,942,940,884,837,779,593,554,548,513,396,350
1404.1.31,5,2:50:00,23,90000001,91000001,190,382,522,737,825,930,955,942,940,889,830,785,595,559,538,514,397,350
1404.1.31,5,5:00:00,62,90000001,91000001,190,380,520,740,825,930,955,942,940,892,838,770,598,564,546,512,399,350
1404.1.31,4,7:10:00,50,90000001,91000001,190,378,520,742,825,930,955,942,940,892,840,771,599,565,547,501,398,355
1404.1.31,4,9:20:00,26,90000001,91000001,190,371,520,741,825,930,955,942,940,892,841,781,595,567,555,503,404,353
1404.1.31,4,11:30:00,14,90000001,91000001,190,380,521,740,825,930,955,942,940,891,841,782,581,565,555,503,404,353
1404.1.31,4,13:40:00,67,90000001,91000001,190,380,522,735,825,930,955,943,940,892,840,781,588,552,555,511,405,353
1404.1.31,8,15:50:00,52,90000001,91000001,190,373,503,736,825,930,955,941,940,892,842,784,592,560,550,516,400,338
1404.1.31,8,18:00:00,35,90000001,91000001,190,375,505,738,825,930,955,940,940,892,842,786,595,564,540,516,403,357
1404.1.31,8,20:10:00,28,90000001,91000001,190,379,513,737,825,930,955,940,940,894,842,791,598,566,546,513,401,352
1404.1.31,5,22:20:00,46,90000001,91000001,190,379,515,738,825,930,955,941,940,893,842,785,600,568,548,500,399,350
1404.02.01,5,0:30:00,49,90000001,91000001,190,377,517,739,825,930,955,941,940,891,841,785,600,570,552,505,405,350
1404.02.01,5,2:40:00,54,90000001,91000001,190,378,520,734,825,930,955,941,940,892,841,789,600,574,556,513,393,354
1404.02.01,5,4:50:00,66,90000001,91000001,190,377,525,735,825,930,955,942,940,891,842,786,599,571,557,514,388,351
1404.02.01,4,7:00:00,41,90000001,91000001,190,377,524,735,825,930,955,941,940,891,841,787,599,571,556,513,389,352
1404.02.01,4,9:10:00,22,90000001,91000001,190,378,515,737,825,930,955,943,940,893,842,791,600,571,556,517,400,350
1404.02.01,4,11:20:00,10,90000001,91000001,190,379,515,737,825,930,955,943,940,892,842,791,598,572,556,520,401,350
1404.02.01,4,13:30:00,17,90000001,91000001,190,379,516,731,825,930,955,942,940,891,841,790,597,571,55,521,401,355
1404.02.01,8,15:40:00,64,90000001,91000001,190,380,508,730,825,930,955,942,940,890,841,783,597,572,558,523,408,356
1404.02.01,8,17:50:00,47,90000001,91000001,190,381,509,741,825,930,955,941,940,890,841,776,597,571,559,524,409,359
1404.02.01,8,20:00:00,2,90000001,91000001,190,378,513,746,825,930,95,942,940,890,841,785,597,572,559,525,413,361
1404.02.01,5,22:10:00,71,90000001,91000001,190,381,516,744,825,930,955,944,940,889,841,781,598,572,557,523,412,361
1404.02.02,5,0:20:00,38,90000001,91000001,190,383,518,740,825,930,955,942,940,891,842,783,598,570,558,523,413,362
1404.02.02,5,2:30:00,31,90000001,91000001,190,382,517,743,825,930,955,943,940,890,842,784,597,574,559,524,413,361
1404.02.02,5,4:40:00,48,90000001,91000001,190,377,517,737,825,930,955,940,940,893,842,790,597,570,560,524,413,361
1404.02.02,4,6:50:00,11,90000001,91000001,190,378,518,737,825,930,955,940,940,894,842,788,597,570,561,523,412,363
1404.02.02,4,9:00:00,3,90000001,91000001,190,382,520,731,825,930,955,942,940,897,841,787,597,571,562,523,411,363
1404.02.02,4,11:10:00,27,90000001,91000001,190,381,519,730,825,930,955,945,940,891,841,787,598,572,561,524,410,363
1404.02.02,4,13:20:00,7,90000001,91000001,190,382,520,731,825,930,955,945,940,891,841,787,598,571,561,525,411,362
1404.02.02,8,15:30:00,34,90000001,91000001,190,379,507,726,825,930,955,945,940,890,840,776,596,572,562,525,419,361
1404.02.02,8,17:40:00,73,90000001,91000001,190,378,509,798,825,930,955,942,940,893,840,782,596,570,560,524,417,361
1404.02.02,8,19:50:00,,90000001,91000001,190,380,507,723,825,930,955,943,940,890,841,782,595,571,556,524,411,367
1404.02.02,5,22:00:00,55,90000001,91000001,190,383,510,746,825,930,955,943,940,892,841,783,595,570,558,526,411,371
1404.2.3,5,0:10:00,1,90000001,91000001,190,383,513,746,825,930,955,943,940,888,841,792,593,569,558,523,416,370
1404.2.3,5,2:20:00,20,90000001,91000001,190,382,517,746,825,930,955,943,940,891,841,794,595,569,559,525,418,370
1404.2.3,5,4:30:00,70,90000001,91000001,190,382,522,744,825,930,955,943,940,892,840,795,594,569,559,526,415,370
1404.2.3,4,6:40:00,51,90000001,91000001,190,382,524,745,825,930,955,942,940,891,841,794,595,568,558,526,417,370
1404.2.3,4,8:50:00,13,90000001,91000001,190,381,522,740,825,930,955,942,940,891,841,794,598,568,557,524,416,370
1404.2.3,4,11:00:00,63,90000001,91000001,190,382,522,735,825,930,955,941,940,893,841,793,598,569,557,524,417,370
1404.2.3,4,13:10:00,78,90000001,91000001,190,383,522,735,825,930,955,941,940,893,841,793,598,569,556,525,416,370
1404.2.3,8,15:20:00,42,90000001,91000001,190,384,502,726,825,930,955,941,940,892,841,774,601,572,560,525,418,367
1404.2.3,8,17:30:00,29,90000001,91000001,190,387,503,747,825,930,955,943,940,892,842,784,600,572,561,527,418,371
1404.2.3,8,19:40:00,19,90000001,91000001,190,386,507,748,825,930,955,943,940,894,840,784,601,573,560,528,416,370
1404.2.3,8,21:50:00,80,90000001,91000001,190,389,509,743,825,930,955,944,940,893,842,778,602,574,559,529,417,371
1404.2.3,5,0:00:00,21,90000001,91000001,190,390,509,746,825,930,955,943,940,893,842,785,602,574,561,525,420,373
1404.2.4,5,2:10:00,57,90000001,91000001,190,391,513,742,825,930,955,943,940,894,841,778,596,574,561,526,422,372
1404.2.4,5,4:20:00,44,90000001,91000001,190,391,515,735,825,930,955,943,940,894,843,785,601,574,563,531,422,377
1404.2.4,4,6:30:00,75,90000001,91000001,190,391,515,735,825,930,955,941,940,893,843,784,602,573,563,531,422,377
1404.2.4,4,8:40:00,43,90000001,91000001,190,391,516,731,825,930,955,941,940,894,840,783,603,573,563,531,423,375
1404.2.4,4,10:50:00,30,90000001,91000001,190,391,517,731,825,930,955,941,940,894,841,782,603,574,563,531,422,374
1404.2.4,4,13:00:00,9,90000001,91000001,190,390,515,725,825,930,955,941,940,894,841,781,601,573,564,531,422,373
1404.2.4,8,15:10:00,74,90000001,91000001,190,388,507,727,825,930,955,941,940,893,838,777,600,575,560,530,422,374
1404.2.4,8,17:20:00,18,90000001,91000001,190,386,504,721,825,930,955,941,940,893,839,777,600,575,563,530,424,371
1404.2.4,8,19:30:00,77,90000001,91000001,190,388,506,725,825,930,955,941,940,894,840,778,601,574,562,528,423,372
1404.2.4,8,21:40:00,8,90000001,91000001,190,387,509,725,825,930,955,941,940,893,840,779,600,574,563,530,525,375
1404.2.4,5,23:50:00,68,90000001,91000001,190,388,509,728,825,930,955,944,941,892,840,779,596,574,564,531,425,380
1404.2.5,5,2:00:00,61,90000001,91000001,190,385,509,735,825,930,955,944,941,894,840,773,594,567,562,528,423,374
1404.2.5,5,4:10:00,72,90000001,91000001,190,383,507,724,825,930,955,942,942,896,841,774,597,567,564,531,423,377
1404.2.5,4,6:20:00,36,90000001,91000001,190,381,508,727,825,930,955,940,940,894,841,782,602,571,564,532,423,379
1404.2.5,4,8:30:00,25,90000001,91000001,190,383,508,728,825,930,955,940,940,897,841,781,602,572,564,531,422,377
1404.2.5,4,10:40:00,69,90000001,91000001,190,384,509,727,825,930,955,940,940,898,841,780,602,571,566,531,422,375
1404.2.5,4,12:50:00,58,90000001,91000001,190,381,508,723,825,930,955,941,940,897,841,781,603,574,565,530,421,374
1404.2.5,8,15:00:00,60,90000001,91000001,190,382,495,717,825,930,955,941,940,896,843,774,604,575,564,529,427,378
1404.2.5,8,17:10:00,45,90000001,91000001,190,378,497,714,825,930,955,941,940,895,841,775,604,575,565,529,425,380
1404.2.5,8,19:20:00,39,90000001,91000001,190,379,502,720,825,930,955,941,940,895,840,776,605,575,565,530,426,376
1404.2.5,8,21:30:00,37,90000001,91000001,190,378,508,726,825,930,955,941,940,894,840,776,606,578,565,533,426,377
1404.2.5,5,23:40:00,16,90000001,91000001,190,378,506,724,825,930,955,942,940,895,841,780,606,579,566,532,426,380
1404.2.6,5,1:50:00,79,90000001,91000001,190,378,505,725,825,930,955,942,940,895,840,774,605,578,565,532,424,380
1404.2.6,5,4:00:00,12,90000001,91000001,190,378,503,720,825,930,955,942,940,897,841,778,607,579,567,535,428,380
1404.2.6,4,6:10:00,4,90000001,91000001,190,378,504,723,825,930,955,941,940,896,841,778,606,578,567,535,427,381
1404.2.6,4,8:20:00,59,90000001,91000001,190,377,505,720,825,930,955,941,940,896,841,778,606,578,567,535,426,381
1404.2.6,4,10:30:00,5,90000001,91000001,190,379,505,722,825,930,955,941,940,897,841,777,605,576,566,535,426,381
1404.2.6,4,12:40:00,33,90000001,91000001,190,378,505,720,825,930,955,941,940,898,841,778,605,576,566,534,427,381
1404.2.6,5,14:50:00,31,90000001,91000001,190,379,495,721,825,930,955,941,940,895,839,779,606,577,567,534,430,382
1404.2.6,5,17:00:00,2,90000001,91000001,190,379,493,718,825,930,955,940,940,895,840,780,607,578,567,533,436,381
1404.2.6,5,19:10:00,71,90000001,91000001,190,378,494,719,825,930,955,942,940,896,839,785,606,578,568,532,430,379
1404.2.6,5,21:20:00,38,90000001,91000001,190,378,495,716,825,930,955,941,940,896,841,781,607,577,566,534,427,380
1404.2.6,8,23:30:00,48,90000001,91000001,190,378,498,730,825,930,955,941,940,896,841,785,608,578,566,535,425,379
1404.2.7,8,1:40:00,47,90000001,91000001,190,374,499,725,825,930,955,942,940,896,840,783,607,579,563,534,425,381
1404.2.7,8,3:50:00,64,90000001,91000001,190,378,500,724,825,930,955,941,941,896,840,785,607,578,564,535,425,379
1404.2.7,4,6:00:00,11,90000001,91000001,190,375,501,722,825,830,955,944,941,897,841,784,606,578,564,535,425,382
1404.2.7,4,8:10:00,41,90000001,91000001,190,375,501,718,825,830,955,942,940,897,841,783,607,579,564,536,425,381
1404.2.7,4,10:20:00,66,90000001,91000001,190,375,496,719,825,930,955,943,940,897,841,783,608,579,564,537,426,382
1404.2.7,4,12:30:00,54,90000001,91000001,190,374,496,720,825,930,955,942,940,898,841,782,608,579,564,537,425,381
1404.2.7,5,14:40:00,7,90000001,91000001,190,378,494,712,825,930,955,943,941,897,844,770,610,582,570,540,436,390
1404.2.7,5,16:50:00,55,90000001,91000001,190,379,498,713,825,930,955,943,940,890,845,771,610,584,572,540,438,389
1404.2.7,5,19:00:00,28,90000001,91000001,190,381,496,723,825,930,955,942,940,896,840,783,610,584,573,539,438,387
1404.2.7,5,21:10:00,51,90000001,91000001,190,381,497,732,825,930,955,943,940,895,841,777,611,583,573,539,437,390
1404.2.7,8,23:20:00,52,90000001,91000001,190,380,506,732,825,930,955,943,940,897,841,775,610,583,571,539,437,388
1404.2.8,8,1:30:00,35,90000001,91000001,190,380,518,747,825,930,955,941,940,898,841,776,610,583,569,541,436,390
1404.2.8,8,3:40:00,73,90000001,91000001,190,383,517,744,825,930,955,942,940,897,841,777,610,583,571,540,437,391
1404.2.8,8,5:50:00,65,90000001,91000001,190,380,519,743,825,930,955,942,940,895,840,778,610,580,570,540,437,391
1404.2.8,4,8:00:00,1,90000001,91000001,190,381,522,744,825,930,955,941,940,895,841,789,610,574,570,541,439,393
1404.2.8,4,10:10:00,20,90000001,91000001,190,381,521,740,825,930,955,941,940,896,841,788,607,574,571,541,438,393
1404.2.8,4,12:20:00,70,90000001,91000001,190,381,521,749,825,930,955,941,940,897,841,787,606,574,571,542,437,393
1404.2.8,5,14:30:00,34,90000001,91000001,190,382,516,755,825,930,955,944,940,898,840,783,607,574,570,541,440,395
1404.2.8,5,16:40:00,46,90000001,91000001,190,388,507,745,825,930,955,945,940,895,840,781,606,573,566,541,438,396
1404.2.8,5,18:50:00,13,90000002,92000001,190,389,505,745,825,930,955,944,940,895,840,780,605,572,565,540,436,395
1404.2.8,5,21:00:00,27,90000001,91000001,190,390,502,743,825,930,955,944,940,896,840,780,604,571,564,540,435,393
1404.2.8,8,23:10:00,49,90000001,91000001,190,390,508,744,825,930,955,942,940,896,840,775,603,570,563,540,436,392
1404.02.09,8,1:20:00,3,90000001,91000001,190,390,516,746,825,930,955,942,940,897,840,776,602,569,561,537,437,392
1404.02.09,8,3:30:00,10,90000001,91000001,190,388,518,740,825,930,955,942,940,896,841,779,604,569,561,537,436,394
1404.02.09,8,5:40:00,17,90000001,91000001,190,385,517,739,825,930,955,942,940,892,840,775,597,568,561,536,435,393
1404.02.09,4,7:50:00,63,90000001,91000001,190,384,512,734,825,930,955,942,940,897,840,780,597,564,562,536,434,394
1404.02.09,4,10:00:00,44,90000001,91000001,190,389,514,731,825,930,955,942,940,893,841,781,597,564,561,535,434,391
1404.02.09,4,12:10:00,21,90000001,91000001,190,392,509,739,825,930,955,943,940,892,841,774,598,566,560,533,432,388
1404.02.09,5,14:20:00,80,90000001,91000001,190,390,504,761,825,930,955,941,940,894,839,774,599,569,558,532,432,389
1404.02.09,5,16:30:00,57,90000001,91000001,190,390,505,756,825,930,955,943,940,892,840,778,600,564,555,529,434,390
1404.02.09,5,18:40:00,67,90000001,91000001,190,393,521,752,825,930,955,943,940,892,838,780,593,565,554,531,432,388
1404.02.09,5,20:50:00,78,90000001,91000001,190,393,524,749,825,930,955,943,940,887,839,784,596,559,555,530,425,388
1404.02.09,8,23:00:00,19,90000001,91000001,190,391,519,750,825,930,955,943,940,893,839,782,596,564,555,528,428,387
1404.02.10,8,1:10:00,22,90000001,91000001,190,390,521,740,825,930,955,941,940,896,841,784,600,565,550,528,431,380
1404.02.10,8,3:20:00,29,90000001,91000001,190,390,522,744,825,930,955,945,940,894,840,780,599,566,554,528,429,385
1404.02.10,8,5:30:00,42,90000001,91000001,190,390,521,745,825,930,955,945,940,894,841,780,600,567,554,524,427,384
1404.02.10,4,7:40:00,50,90000001,91000001,190,385,520,745,825,930,955,944,940,893,841,781,602,566,554,524,426,383
1404.02.10,4,9:50:00,9,90000001,91000001,190,389,510,754,825,930,955,944,940,886,837,794,599,568,555,524,427,384
1404.02.10,4,12:00:00,30,90000001,91000001,190,385,510,750,825,930,955,944,940,889,822,794,599,568,555,525,426,385
1404.02.10,5,14:10:00,36,90000001,91000001,190,384,506,744,825,930,955,945,941,893,835,769,600,569,555,524,424,376
1404.02.10,5,16:20:00,72,90000001,91000001,190,389,505,744,825,930,955,945,940,893,838,771,603,571,557,525,422,378
1404.02.10,5,18:30:00,56,90000001,91000001,190,388,512,740,825,930,955,944,940,892,838,774,601,571,557,524,422,380
1404.02.10,5,20:40:00,25,90000001,91000001,190,390,509,736,825,930,955,945,940,894,838,773,576,566,559,525,421,380
1404.02.10,8,22:50:00,58,90000001,91000001,190,390,510,739,825,930,955,945,940,893,839,776,589,552,560,527,421,381
1404.02.11,8,1:00:00,40,90000001,91000001,190,387,516,741,825,930,955,945,940,885,839,775,593,559,554,527,418,378
1404.02.11,8,3:10:00,69,90000001,91000001,190,378,516,736,825,930,955,942,940,887,838,777,594,563,544,529,421,380
1404.02.11,8,5:20:00,74,90000001,91000001,190,386,514,737,825,930,955,942,940,892,835,780,599,564,550,526,422,381
1404.02.11,4,7:30:00,60,90000001,91000001,190,388,513,745,825,930,955,942,940,895,835,770,599,566,553,511,426,380
1404.02.11,4,9:40:00,45,90000001,91000001,190,385,512,745,825,930,955,945,940,891,840,771,602,567,555,517,428,382
1404.02.11,4,11:50:00,18,90000001,91000001,190,384,513,740,825,930,955,940,940,895,838,777,597,568,557,519,412,382
1404.02.11,5,14:00:00,77,90000001,91000001,190,383,510,751,825,930,955,942,940,893,839,780,580,567,558,522,408,379
1404.02.11,5,16:10:00,8,90000001,91000001,190,384,511,747,825,930,955,943,940,892,839,779,589,553,561,523,415,359
1404.02.11,5,18:20:00,68,90000001,91000001,190,388,510,745,825,930,955,942,940,892,839,778,594,559,558,524,416,361
1404.02.11,5,20:30:00,61,90000001,91000001,190,389,511,745,825,930,955,941,940,892,838,780,597,563,547,527,420,369
1404.02.11,8,22:40:00,43,90000001,91000001,190,383,510,745,825,930,955,943,940,892,838,781,598,565,553,523,420,369
1404.02.12,8,0:50:00,23,90000001,91000001,190,383,512,741,825,930,955,944,940,892,840,781,599,566,555,510,420,371
1404.02.12,8,3:00:00,26,90000001,91000001,190,381,507,736,825,930,955,942,940,885,840,781,599,567,555,515,422,371
1404.02.12,8,5:10:00,75,90000001,91000001,190,383,507,733,825,930,955,944,940,886,840,786,603,569,556,520,410,372
1404.02.12,4,7:20:00,14,90000001,91000001,190,384,505,735,825,930,955,944,940,890,838,787,602,571,558,522,405,371
1404.02.12,4,9:30:00,4,90000001,91000001,190,384,505,735,825,930,955,944,940,890,838,787,602,572,557,522,404,371
1404.02.12,4,11:40:00,62,90000001,91000001,190,388,506,731,825,930,955,942,940,891,838,787,602,573,557,522,403,371
1404.02.12,4,13:50:00,12,90000001,91000001,190,388,507,731,825,930,955,942,940,895,842,788,603,572,556,523,404,371
1404.02.12,5,16:00:00,53,90000001,91000001,190,383,501,721,825,930,955,944,940,894,842,778,598,572,563,527,418,367
1404.02.12,5,18:10:00,6,90000001,91000001,190,384,502,721,825,930,955,944,940,893,842,780,599,571,563,532,421,370
1404.02.12,5,20:20:00,24,90000001,91000001,190,384,508,726,825,930,955,944,940,895,840,783,60,569,561,530,420,371
1404.02.12,8,22:30:00,15,90000001,91000001,190,379,506,726,825,930,955,944,940,897,841,784,601,572,557,530,424,371
1404.02.13,8,0:40:00,76,90000001,91000001,190,379,505,727,825,930,955,945,940,879,841,784,603,572,559,528,424,375
1404.02.13,8,2:50:00,79,90000001,91000001,190,382,505,724,825,930,955,943,940,896,842,784,603,572,560,525,425,370
1404.02.13,8,5:00:00,16,90000001,91000001,190,380,504,725,825,930,955,943,940,894,840,788,604,573,562,525,424,379
1404.02.13,4,7:10:00,32,90000001,91000001,190,381,504,724,825,930,955,943,940,894,840,787,604,572,562,524,423,378
1404.02.13,4,9:20:00,39,90000001,91000001,190,381,503,727,825,930,955,942,940,895,841,787,605,573,563,525,433,375
1404.02.13,4,11:30:00,33,90000001,91000001,190,381,501,727,825,930,955,942,940,895,841,780,606,572,563,525,433,375
1404.02.13,4,13:40:00,5,90000001,91000001,190,381,501,720,825,930,955,941,940,894,840,781,606,572,564,526,434,375
1404.02.13,8,15:50:00,11,90000001,91000001,190,380,501,724,825,930,955,940,940,896,841,782,608,576,565,528,423,373
1404.02.13,8,18:00:00,64,90000001,91000001,190,380,503,731,825,930,955,942,940,894,842,787,607,577,566,531,423,378
1404.02.13,8,20:10:00,71,90000001,91000001,190,381,507,727,825,930,955,943,940,893,840,785,606,575,566,531,423,373
1404.02.13,5,22:20:00,2,90000001,91000001,190,378,506,734,825,930,955,945,940,891,841,788,605,572,565,531,424,374
1404.2.14,5,0:30:00,41,90000001,91000001,190,379,506,747,825,930,955,945,940,892,841,792,604,572,566,531,424,375
1404.2.14,5,2:40:00,38,90000001,91000001,190,383,505,740,825,930,955,945,940,894,841,795,603,570,565,534,427,378
1404.2.14,5,4:50:00,47,90000001,91000001,190,385,504,737,825,930,955,944,940,896,840,794,603,570,564,535,426,383
1404.2.14,4,7:00:00,48,90000001,91000001,190,384,505,738,825,930,955,944,940,895,840,793,604,570,564,535,425,382
1404.2.14,4,9:10:00,27,90000001,91000001,190,383,505,738,825,930,955,944,940,895,840,793,604,571,564,535,424,381
1404.2.14,4,11:20:00,20,90000001,91000001,190,381,502,715,825,930,955,942,940,892,841,776,602,570,561,532,429,382
1404.2.14,4,13:30:00,34,90000001,91000001,190,381,502,729,825,930,955,944,940,893,841,777,600,568,561,530,428,381
1404.2.14,8,15:40:00,70,90000001,91000001,190,377,521,727,825,930,955,945,940,895,840,785,599,568,560,531,429,384
1404.2.14,8,17:50:00,44,90000001,91000001,190,377,511,729,825,930,955,945,940,893,841,781,600,565,559,530,429,383
1404.2.14,8,20:00:00,46,90000001,91000001,190,376,508,729,825,930,955,945,940,894,841,785,600,566,558,531,430,386
1404.2.14,5,22:10:00,13,90000001,91000001,190,380,509,732,825,930,955,944,940,895,836,791,601,564,555,527,428,384
1404.2.15,5,0:20:00,63,90000001,91000001,190,381,508,752,825,930,955,945,940,895,840,781,601,565,556,526,426,384
1404.2.15,5,2:30:00,49,90000001,91000001,190,382,506,745,825,930,955,945,940,897,841,780,598,566,557,528,427,383
1404.2.15,5,4:40:00,3,90000001,91000001,190,382,510,744,825,930,955,945,940,894,840,783,598,564,556,526,424,381
1404.2.15,4,6:50:00,1,90000001,91000001,190,382,515,740,825,930,955,945,940,892,841,791,598,564,555,526,424,380
1404.2.15,4,9:00:00,50,90000001,91000001,190,382,512,735,825,930,955,944,940,895,841,791,597,564,555,526,423,381
1404.2.15,4,11:10:00,67,90000001,91000001,190,382,511,735,825,930,955,945,940,895,841,791,597,564,555,525,423,382
1404.2.15,4,13:20:00,78,90000001,91000001,190,384,507,734,825,930,955,945,940,895,841,791,597,564,555,526,424,381
1404.2.15,8,15:30:00,19,90000001,91000001,190,382,505,723,825,930,955,945,940,895,840,783,597,564,555,526,423,379
1404.2.15,8,17:40:00,29,90000001,91000001,190,381,502,725,825,930,955,945,940,895,841,784,597,546,555,525,421,380
1404.2.15,8,19:50:00,42,90000001,91000001,190,381,503,749,825,930,955,945,940,893,840,783,599,564,555,525,424,376
1404.2.15,5,22:00:00,73,90000001,91000001,190,382,505,747,825,930,955,945,940,894,838,779,600,565,555,525,420,375
1404.2.16,5,0:10:00,22,90000001,91000001,190,381,503,737,825,930,955,945,940,896,840,784,601,566,555,526,422,379
1404.2.16,5,2:20:00,80,90000001,91000001,190,384,502,737,825,930,955,945,940,897,841,779,601,566,556,527,424,377
1404.2.16,5,4:30:00,65,90000001,91000001,190,378,503,735,825,930,955,945,940,895,842,778,597,565,556,525,422,380
1404.2.16,4,6:40:00,57,90000001,91000001,190,380,503,733,825,930,955,942,940,894,841,778,599,565,556,526,420,375
1404.2.16,4,8:50:00,28,90000001,91000001,190,380,502,730,825,930,955,942,940,894,841,778,598,565,555,525,420,375
1404.2.16,4,11:00:00,51,90000001,91000001,190,378,501,725,825,930,955,942,940,894,841,778,598,565,555,526,421,375
1404.2.16,4,13:10:00,30,90000001,91000001,190,378,500,720,825,930,955,942,940,891,841,777,599,565,556,526,422,375
1404.2.16,4,15:20:00,9,90000001,91000001,190,381,496,720,825,930,955,944,940,891,841,780,599,565,555,524,424,375
1404.2.16,4,17:30:00,55,90000001,91000001,190,380,499,720,825,930,955,944,940,894,830,783,600,565,555,526,424,378
1404.2.16,4,19:40:00,52,90000001,91000001,190,380,500,720,825,930,955,944,940,894,840,779,601,565,556,525,426,381
1404.2.16,4,21:50:00,21,90000001,91000001,190,380,500,728,825,930,955,945,940,895,840,778,601,565,555,525,425,381
1404.2.16,5,0:00:00,17,90000001,91000001,190,374,511,729,825,930,955,944,940,894,841,776,601,564,558,527,426,383
1404.2.17,5,2:10:00,10,90000001,91000001,190,375,507,727,825,930,955,945,940,895,840,777,600,565,557,526,424,380
1404.2.17,5,4:20:00,31,90000001,91000001,190,373,509,728,825,930,955,945,940,894,840,783,598,563,558,527,421,378
1404.2.17,4,6:30:00,36,90000001,91000001,190,375,507,729,825,930,955,945,940,894,841,783,598,564,557,528,431,377
1404.2.17,4,8:40:00,25,90000001,91000001,190,375,508,730,825,930,955,944,940,895,841,784,599,565,557,528,431,375
1404.2.17,4,10:50:00,56,90000001,91000001,190,374,505,722,825,930,955,944,940,894,840,783,599,562,557,527,425,375
1404.2.17,4,13:00:00,7,90000001,91000001,190,377,497,738,825,930,955,943,940,893,840,780,600,565,555,521,422,378
1404.2.17,8,15:10:00,54,90000001,91000001,190,372,500,733,825,930,955,943,940,894,840,781,600,568,555,521,421,375
1404.2.17,8,17:20:00,72,90000001,91000001,190,372,500,728,825,930,955,943,940,892,841,779,600,567,555,521,420,377
1404.2.17,8,19:30:00,58,90000001,91000001,190,372,504,723,825,930,955,945,940,894,840,783,599,566,557,523,412,374
1404.2.17,8,21:40:00,40,90000001,91000001,190,372,505,726,825,930,955,944,940,894,840,783,600,566,556,525,417,372
1404.2.17,5,23:50:00,69,90000001,91000001,190,374,504,723,825,930,955,941,940,893,840,783,600,566,555,525,417,371
1404.2.18,5,2:00:00,74,90000001,91000001,190,374,506,722,825,930,955,944,940,891,841,782,600,566,554,524,417,370
1404.2.18,5,4:10:00,59,90000001,91000001,190,375,505,724,825,930,955,945,940,891,840,785,599,567,556,524,418,369
1404.2.18,4,6:20:00,37,90000001,91000001,190,374,505,724,825,930,955,944,940,884,840,784,599,565,555,523,417,370
1404.2.18,4,8:30:00,75,90000001,91000001,190,378,504,720,825,930,955,944,940,890,840,784,599,565,555,523,415,371
1404.2.18,4,10:40:00,26,90000001,91000001,190,378,502,720,825,930,955,944,940,892,840,785,597,566,555,524,416,369
1404.2.18,4,12:50:00,35,90000001,91000001,190,378,502,701,825,930,955,944,940,892,841,784,598,565,555,524,415,368
1404.2.18,5,15:00:00,23,90000001,91000001,190,377,496,707,825,930,955,943,940,893,838,768,599,566,556,523,415,366
1404.2.18,5,17:10:00,18,90000001,91000001,190,378,492,710,825,930,955,943,940,891,840,771,598,566,555,524,415,368
1404.2.18,5,19:20:00,77,90000001,91000001,190,379,497,715,825,930,955,944,940,890,840,778,598,566,555,524,416,368
1404.2.18,5,21:30:00,66,90000001,91000001,190,378,504,721,825,930,955,944,940,893,839,779,599,566,555,523,415,369
1404.2.18,5,23:40:00,60,90000001,91000001,190,378,508,726,825,930,955,944,940,892,841,779,599,566,555,521,415,368
1404.2.19,5,1:50:00,43,90000001,91000001,190,375,506,722,825,930,955,943,935,895,840,780,601,566,556,523,417,368
1404.2.19,5,4:00:00,61,90000001,91000001,190,370,504,716,825,930,955,944,940,895,839,782,600,566,521,415,417,369
1404.2.19,4,6:10:00,45,90000001,91000001,190,370,503,716,835,930,955,944,940,896,841,782,602,568,556,524,414,371
1404.2.19,4,8:20:00,68,90000001,91000001,190,371,503,719,825,930,955,944,940,894,841,782,602,568,555,525,414,370
1404.2.19,4,10:30:00,14,90000001,91000001,190,372,504,720,825,930,955,944,940,894,841,782,602,567,555,525,413,371
1404.2.19,4,12:40:00,8,90000001,91000001,190,373,500,711,825,930,955,944,940,894,841,781,600,566,555,525,413,372
1404.2.19,4,14:50:00,4,90000001,91000001,190,369,486,704,825,930,955,940,940,891,840,775,602,569,557,524,418,373
1404.2.19,4,17:00:00,20,90000001,91000001,190,368,491,701,825,930,955,942,940,893,840,771,602,569,569,524,418,373
1404.2.19,4,19:10:00,34,90000001,91000001,190,368,493,708,825,930,955,943,940,893,841,771,602,570,570,525,417,374
1404.2.19,4,21:20:00,70,90000001,91000001,190,372,493,711,825,930,955,942,940,893,841,772,602,570,570,525,416,373
1404.2.19,5,23:30:00,44,90000001,91000001,190,370,500,716,825,930,955,945,940,894,841,780,602,570,558,525,416,372
1404.2.20,5,1:40:00,46,90000001,91000001,190,369,500,713,825,930,955,944,940,895,841,781,602,568,561,527,418,375
1404.2.20,5,3:50:00,13,90000001,91000001,190,369,501,719,825,930,955,944,940,894,840,789,603,568,560,527,415,373
1404.2.20,4,6:00:00,62,90000001,91000001,190,360,505,724,825,930,955,945,940,894,840,783,602,569,557,527,417,371
1404.2.20,4,8:10:00,53,90000001,91000001,190,360,500,715,825,930,955,945,940,894,840,782,602,569,557,526,416,372
1404.2.20,4,10:20:00,16,90000001,91000001,190,363,491,711,825,930,955,945,940,894,840,771,602,569,559,526,417,370
1404.2.20,4,12:30:00,79,90000001,91000001,190,364,492,712,825,930,955,944,940,894,840,772,603,569,559,525,417,370
1404.2.20,5,14:40:00,76,90000001,91000001,190,369,488,704,825,930,955,943,941,888,839,774,602,571,558,524,420,373
1404.2.20,5,16:50:00,15,90000001,91000001,190,369,494,704,825,930,955,943,940,893,841,772,602,570,561,524,421,374
1404.2.20,5,19:00:00,24,90000001,91000001,190,368,497,705,825,930,955,943,941,890,840,773,601,570,560,523,421,374
1404.2.20,5,21:10:00,6,90000001,91000001,190,372,500,710,825,930,955,944,941,892,841,780,603,570,561,525,417,375
1404.2.20,5,23:20:00,32,90000001,91000001,190,375,506,716,825,930,955,943,940,892,839,782,603,571,562,526,417,373
1404.2.21,5,1:30:00,12,90000001,91000001,190,376,513,704,825,930,955,944,940,892,840,782,602,570,560,527,418,374
1404.2.21,5,3:40:00,39,90000001,91000001,190,379,522,708,825,930,955,944,940,895,840,781,602,569,561,529,417,369
1404.2.21,5,5:50:00,33,90000001,91000001,190,377,528,718,825,930,955,945,940,892,838,783,601,567,560,526,416,369
1404.2.21,4,8:00:00,5,90000001,91000001,190,375,523,721,825,930,955,942,940,888,840,775,601,560,558,526,418,366
1404.2.21,4,10:10:00,47,90000001,91000001,190,375,520,724,825,930,955,945,940,889,841,776,601,560,558,526,421,371
1404.2.21,4,12:20:00,38,90000001,91000001,190,378,509,728,825,930,955,942,940,894,841,776,601,560,558,526,422,374
1404.2.21,5,14:30:00,41,90000001,91000001,190,378,507,730,825,930,955,943,940,894,839,769,602,568,558,525,424,373
1404.2.21,5,16:40:00,11,90000001,91000001,190,377,505,739,825,930,955,944,940,892,840,770,602,565,559,524,423,375
1404.2.21,5,18:50:00,2,90000001,91000001,190,378,506,741,825,930,955,943,940,892,840,77,600,565,557,523,420,378
1404.2.21,5,21:00:00,71,90000001,91000001,190,379,510,742,825,930,955,943,940,895,840,777,600,566,558,523,418,374
1404.2.21,7,23:10:00,48,90000001,91000001,190,377,512,737,825,930,955,942,940,894,840,780,600,567,557,522,418,369
1404.2.22,7,1:20:00,27,90000001,91000001,190,379,512,735,825,930,955,941,940,897,840,778,600,567,556,524,417,371
1404.2.22,7,3:30:00,64,90000001,91000001,190,376,511,726,825,930,955,942,940,896,841,777,600,567,557,523,417,370
1404.2.22,7,5:40:00,80,90000001,91000001,190,379,512,727,825,930,955,942,940,895,841,782,602,568,559,523,417,370
1404.2.22,4,7:50:00,42,90000001,91000001,190,379,511,728,825,930,955,942,940,895,841,782,600,568,559,530,417,371
1404.2.22,4,10:00:00,29,90000002,92000001,190,378,507,720,825,930,955,943,940,896,841,771,602,566,557,526,416,366
1404.2.22,4,12:10:00,73,90000001,91000001,190,377,508,720,825,930,955,943,940,898,841,777,601,565,557,524,415,365
1404.2.22,4,14:20:00,65,90000001,91000001,190,378,509,722,825,930,955,942,940,897,841,779,602,567,558,527,417,368
1404.2.22,4,16:30:00,63,90000001,91000001,190,377,509,722,825,930,955,943,940,898,841,778,602,567,557,525,416,366
1404.2.22,4,18:40:00,49,90000001,91000001,190,375,507,716,825,930,955,943,940,898,841,777,601,568,557,523,415,370
1404.2.22,4,20:50:00,3,90000001,91000001,190,375,508,722,825,930,955,944,940,898,841,776,600,567,557,523,414,371
1404.2.22,5,23:00:00,9,90000001,91000001,190,376,509,717,825,930,955,944,940,895,840,780,598,568,557,524,415,364
1404.2.23,5,1:10:00,19,90000002,92000001,190,380,507,716,825,930,955,944,940,895,841,785,598,567,558,527,416,369
1404.2.23,5,3:20:00,55,90000001,91000001,190,380,505,720,825,930,955,944,940,896,842,790,600,565,557,526,418,368
1404.2.23,5,5:30:00,72,90000001,91000001,190,376,505,721,825,930,955,944,940,895,841,784,600,565,555,525,418,370
1404.2.23,4,7:40:00,78,90000001,91000001,190,373,506,720,825,930,955,944,940,895,841,784,600,565,553,522,416,370
1404.2.23,4,9:50:00,50,90000001,91000001,190,374,506,720,825,930,955,944,940,894,841,783,600,565,553,522,415,372
1404.2.23,4,12:00:00,57,90000001,91000001,190,374,505,711,825,930,955,944,940,894,841,783,600,566,555,521,414,371
1404.2.23,5,14:10:00,30,90000001,91000001,190,377,500,703,825,930,955,944,940,895,840,771,597,566,556,521,413,368
1404.2.23,5,16:20:00,51,90000001,91000001,190,383,504,705,825,930,955,943,940,896,840,769,599,565,556,521,412,364
1404.2.23,5,18:30:00,28,90000001,91000001,190,383,511,713,825,930,955,944,940,895,841,772,599,566,555,522,409,365
1404.2.23,5,20:40:00,67,90000001,91000001,190,390,510,710,825,930,955,944,940,890,838,777,599,566,556,522,409,362
1404.2.23,7,22:50:00,1,90000001,91000001,190,390,515,752,825,930,955,942,940,893,839,777,599,565,556,520,410,361
1404.2.24,7,1:00:00,31,90000001,91000001,190,392,530,737,825,930,955,942,940,890,839,779,599,565,556,521,411,363
1404.2.24,7,3:10:00,10,90000001,91000001,190,390,538,730,825,930,955,941,940,893,840,776,600,567,556,523,411,365
1404.2.24,7,5:20:00,17,90000001,91000001,190,391,541,737,825,930,955,941,940,892,842,783,602,570,557,525,414,368
1404.2.24,4,7:30:00,22,90000001,91000001,190,390,543,735,825,930,955,942,940,892,841,782,603,570,556,525,413,367
1404.2.24,4,9:40:00,36,90000001,91000001,190,388,540,742,825,930,955,943,940,893,841,779,600,568,556,523,412,364
1404.2.24,4,11:50:00,7,90000001,91000001,190,388,540,741,825,930,955,945,940,892,841,778,600,567,555,523,413,364
1404.2.24,5,14:00:00,56,90000001,91000001,190,394,521,771,825,930,955,945,940,889,840,774,599,566,555,524,413,368
1404.2.24,5,16:10:00,25,90000001,91000001,190,399,520,766,825,930,955,944,940,883,838,771,599,566,554,524,413,367
1404.2.24,5,18:20:00,54,90000001,91000001,190,398,523,761,825,930,955,945,940,888,831,771,599,566,553,522,413,365
1404.2.24,5,20:30:00,37,90000001,91000001,190,397,530,755,825,930,955,945,940,892,825,771,599,566,552,520,414,365
1404.2.24,5,22:40:00,59,90000001,91000001,190,389,531,755,825,930,955,945,940,899,835,755,600,566,553,518,413,370
1404.2.25,5,0:50:00,69,90000001,91000001,190,391,527,751,825,930,955,945,940,899,841,764,595,566,553,519,411,365
1404.2.25,5,3:00:00,58,90000001,91000001,190,388,525,748,825,930,955,945,940,899,843,777,591,568,553,519,410,365
1404.2.25,5,5:10:00,40,90000001,91000001,190,389,523,747,825,930,955,945,940,898,842,779,572,560,551,518,408,362
1404.2.25,4,7:20:00,23,90000001,91000001,190,389,520,742,825,930,955,945,940,890,842,778,585,549,551,516,408,362
1404.2.25,4,9:30:00,35,90000001,91000001,190,388,520,749,825,930,955,945,940,893,841,778,589,555,547,515,408,362
1404.2.25,4,11:40:00,26,90000001,91000001,190,388,520,745,825,930,955,945,940,892,840,777,591,555,547,516,407,362
1404.2.25,4,13:50:00,62,90000001,91000001,190,389,515,744,825,930,955,945,940,898,841,777,594,560,547,512,408,363
1404.2.25,5,16:00:00,75,90000001,91000001,190,380,515,737,825,930,955,945,940,898,840,762,596,564,544,495,402,361
1404.2.25,5,18:10:00,45,90000001,91000001,190,381,514,736,825,930,955,945,940,898,840,765,596,566,546,499,400,362
1404.2.25,5,20:20:00,61,90000001,91000001,190,383,511,737,825,930,955,945,940,899,840,767,574,560,548,501,389,359
1404.2.25,8,22:30:00,68,90000001,91000001,190,384,512,735,825,930,955,945,940,899,841,776,585,548,549,504,383,351
1404.2.26,8,0:40:00,8,90000001,91000001,190,385,513,739,825,930,955,945,940,899,841,780,588,555,548,509,389,353
1404.2.26,8,2:50:00,14,90000001,91000001,190,384,515,734,825,930,955,945,940,888,842,782,591,555,545,510,390,345
1404.2.26,8,5:00:00,60,90000001,91000001,190,385,523,733,825,930,955,945,940,887,841,785,592,558,541,505,394,345
1404.2.26,4,7:10:00,18,90000001,91000001,190,384,522,731,825,930,955,945,940,891,841,784,594,559,543,492,391,345
1404.2.26,4,9:20:00,77,90000001,91000001,190,385,521,732,825,930,955,945,940,893,841,783,596,558,544,497,393,348
1404.2.26,4,11:30:00,66,90000001,91000001,190,385,518,738,825,930,955,945,940,891,840,780,598,561,547,501,386,349
1404.2.26,4,13:40:00,16,90000001,91000001,190,385,517,738,825,930,955,945,940,891,840,781,599,562,548,504,380,349
1404.2.26,5,15:50:00,76,90000001,91000001,190,382,516,741,825,930,955,944,937,894,840,778,579,566,552,507,386,326
1404.2.26,5,18:00:00,15,90000001,91000001,190,387,513,746,825,930,955,945,938,892,841,77,589,559,552,510,386,334
1404.2.26,5,20:10:00,24,90000001,91000001,190,379,512,748,825,930,955,945,930,888,840,783,592,558,553,512,391,328
1404.2.26,8,22:20:00,6,90000001,91000001,190,379,513,749,825,930,955,945,938,892,841,786,595,562,540,515,394,341
1404.2.27,8,0:30:00,32,90000001,91000001,190,379,512,745,825,930,955,945,939,894,841,787,595,564,544,514,396,342
1404.2.27,8,2:40:00,47,90000001,91000001,190,377,511,739,825,930,955,945,940,895,843,789,600,566,548,500,400,347
1404.2.27,8,4:50:00,38,90000001,91000001,190,380,510,735,825,930,955,945,940,894,841,788,599,568,549,504,402,350
1404.2.27,4,7:00:00,41,90000001,91000001,190,380,515,733,825,930,955,945,940,894,841,787,599,569,551,505,400,350
1404.2.27,4,9:10:00,43,90000001,91000001,190,380,520,731,825,930,955,945,940,895,841,788,600,570,552,509,381,347
1404.2.27,4,11:20:00,4,90000001,91000001,190,382,524,730,825,930,955,945,940,895,841,787,600,570,551,509,391,331
1404.2.27,4,13:30:00,62,90000001,91000001,190,382,523,730,825,930,955,945,940,895,841,787,600,571,551,509,393,338
1404.2.27,8,15:40:00,46,90000001,91000001,190,383,523,723,825,930,955,945,940,895,842,779,600,572,554,513,392,341
1404.2.27,8,17:50:00,44,90000001,91000001,190,389,527,722,825,930,955,945,940,896,842,781,602,572,554,513,395,342
1404.2.27,8,20:00:00,70,90000001,91000001,190,390,533,724,825,930,955,945,940,895,842,783,599,573,556,514,397,342
1404.2.27,5,22:10:00,13,90000001,91000001,190,397,537,737,825,930,955,945,940,895,842,784,599,570,555,514,397,346
1404.2.28,5,0:20:00,52,90000001,91000001,190,397,540,741,825,930,955,945,940,895,841,785,599,570,555,514,395,349
1404.2.28,5,2:30:00,34,90000001,91000001,190,396,547,744,825,930,955,945,940,893,842,785,599,571,553,514,395,348
1404.2.28,5,4:40:00,53,90000001,91000001,190,396,555,750,825,930,955,945,940,894,842,787,599,570,553,515,396,349
1404.2.28,4,6:50:00,72,90000001,91000001,190,399,550,751,825,930,955,945,940,889,841,777,600,571,552,518,395,361
1404.2.28,4,9:00:00,39,90000001,91000001,190,399,535,747,825,930,955,945,940,891,841,786,599,570,554,516,400,353
1404.2.28,4,11:10:00,12,90000001,91000001,190,396,532,745,825,930,955,945,940,893,841,786,599,571,554,515,398,353
1404.2.28,4,13:20:00,5,90000001,91000001,190,395,531,743,825,930,955,945,940,893,841,787,599,571,555,516,398,355
1404.2.28,8,15:30:00,33,90000001,91000001,190,394,521,744,825,930,955,945,940,892,841,777,600,572,555,515,405,353
1404.2.28,8,17:40:00,19,90000001,91000001,190,393,523,752,825,930,955,945,940,894,841,772,601,573,555,515,404,355
1404.2.28,8,19:50:00,29,90000001,91000001,190,396,525,758,825,930,955,945,940,895,841,777,602,574,555,516,405,355
1404.2.28,5,22:00:00,72,90000001,91000001,190,393,525,756,825,930,955,945,940,897,842,779,604,575,551,517,404,356
1404.2.29,5,0:10:00,55,90000001,91000001,190,391,522,753,825,930,955,945,941,897,843,783,604,576,559,517,404,355
1404.2.29,5,2:20:00,9,90000001,91000001,190,390,518,750,825,930,955,945,941,898,844,785,604,575,560,517,406,356
1404.2.29,5,4:30:00,78,90000001,91000001,190,388,521,748,825,930,955,945,941,894,842,781,605,574,560,520,403,357
1404.2.29,4,6:40:00,11,90000001,91000001,190,386,517,738,825,930,955,945,940,893,843,778,604,575,559,524,405,360
1404.2.29,4,8:50:00,3,90000001,91000001,190,385,512,729,825,930,955,945,940,892,841,775,603,574,560,522,408,362
1404.2.29,4,11:00:00,63,90000001,91000001,190,382,513,726,825,930,955,945,940,891,841,775,603,574,560,522,407,360
1404.2.29,4,13:10:00,2,90000001,91000001,190,382,514,725,825,920,955,945,940,891,840,776,602,575,560,522,406,361
1404.2.29,8,15:20:00,71,90000001,91000001,190,384,508,720,825,930,955,945,940,890,840,772,602,576,562,524,414,364
1404.2.29,8,17:30:00,48,90000001,91000001,190,382,506,724,825,930,955,945,940,888,840,771,604,576,563,524,412,367
1404.2.29,8,19:40:00,27,90000001,91000001,190,379,505,730,825,930,955,945,940,886,841,777,605,576,562,526,414,366
1404.2.29,8,21:50:00,64,90000001,91000001,190,377,508,728,825,930,955,945,940,889,840,777,605,576,562,526,413,363
1404.2.29,5,0:00:00,80,90000001,91000001,190,380,510,727,825,930,955,945,940,888,840,779,605,578,564,525,415,366
1404.2.30,5,2:10:00,49,90000002,92000001,190,384,508,724,825,930,955,945,940,890,840,778,603,577,563,525,415,366
1404.2.30,5,4:20:00,42,90000001,91000001,190,385,512,724,825,930,955,945,940,888,841,781,603,575,564,527,414,357
1404.2.30,4,6:30:00,36,90000001,91000001,190,385,511,725,825,930,955,945,940,889,841,780,603,576,564,527,413,351
1404.2.30,4,8:40:00,73,90000001,91000001,190,385,511,720,825,930,955,945,940,890,841,779,603,576,564,526,414,355
1404.2.30,4,10:50:00,30,90000001,91000001,190,384,510,720,825,930,955,945,940,891,841,778,603,575,564,525,414,356
1404.2.30,4,13:00:00,57,90000001,91000001,190,379,524,711,825,930,955,945,940,884,840,780,602,574,563,524,415,359
1404.2.30,4,15:10:00,51,90000001,91000001,190,382,526,709,825,930,955,945,940,886,840,775,605,576,562,524,412,361
1404.2.30,4,17:20:00,65,90000001,91000001,190,389,528,712,825,930,955,945,940,887,839,785,605,576,562,526,414,365
1404.2.30,4,19:30:00,20,90000001,91000001,190,395,529,735,825,930,955,945,940,889,840,784,602,575,562,524,413,365
1404.2.30,4,21:40:00,10,90000001,91000001,190,399,529,742,825,930,955,945,940,888,840,783,603,575,562,524,414,362
1404.2.30,5,23:50:00,17,90000001,91000001,190,405,533,765,825,930,955,945,940,886,838,781,602,575,561,523,411,360
1404.2.31,5,2:00:00,1,90000001,91000001,190,403,556,756,825,930,955,945,940,887,837,785,600,574,560,522,410,363
1404.2.31,5,4:10:00,28,90000001,91000001,190,404,559,759,825,930,955,945,940,885,837,783,597,571,560,524,411,365
1404.2.31,4,6:20:00,22,90000001,91000001,190,400,555,757,825,930,955,945,940,887,838,784,597,570,560,524,410,365
1404.2.31,4,8:30:00,67,90000001,91000001,190,405,549,761,825,930,955,945,940,887,840,778,600,571,557,523,411,365
1404.2.31,4,10:40:00,50,90000001,91000001,190,406,551,762,825,930,955,945,940,888,841,779,600,571,556,523,410,366
1404.2.31,4,12:50:00,56,90000001,91000001,190,405,537,762,825,930,955,945,940,887,839,780,559,570,558,520,413,367
1404.2.31,7,15:00:00,7,90000001,91000001,190,406,533,786,825,930,955,945,940,886,838,779,599,570,559,518,412,366
1404.2.31,7,17:10:00,40,90000001,91000001,190,404,539,772,825,930,955,945,940,880,835,775,599,570,556,518,405,361
1404.2.31,7,19:20:00,58,90000001,91000001,190,406,540,767,825,930,955,945,940,883,830,775,599,570,556,519,405,360
1404.2.31,7,21:30:00,69,90000001,91000001,190,400,530,764,825,930,955,945,940,887,818,775,599,570,555,521,406,361
1404.2.31,5,23:40:00,59,90000001,91000001,190,400,530,757,825,930,955,945,940,885,831,775,598,569,554,518,403,359
1404.3.1,5,1:50:00,37,90000001,91000001,190,406,530,750,825,930,955,945,940,883,831,775,598,569,555,519,405,361
1404.3.1,5,4:00:00,23,90000001,91000001,190,403,528,743,825,930,955,945,940,884,835,777,588,568,553,518,402,361
1404.3.1,4,6:10:00,74,90000001,91000001,190,404,528,752,825,930,955,945,940,886,838,777,570,559,553,520,402,364
1404.3.1,4,8:20:00,75,90000001,91000001,190,401,525,753,825,930,955,945,940,881,837,777,582,550,552,520,402,363
1404.3.1,4,10:30:00,14,90000001,91000001,190,400,538,747,825,930,955,945,940,880,825,777,587,551,552,519,401,363
1404.3.1,4,12:40:00,68,90000001,91000001,190,401,537,741,825,930,955,945,940,881,825,777,587,553,550,518,401,363
1404.3.1,8,14:50:00,18,90000001,91000001,190,394,528,738,825,930,955,945,940,885,831,750,591,561,544,509,409,361
1404.3.1,8,17:00:00,8,90000001,91000001,190,394,525,743,825,930,955,945,940,886,835,745,592,561,544,500,407,362
1404.3.1,8,19:10:00,60,90000001,91000001,190,395,524,741,825,940,955,945,940,887,837,761,586,562,545,502,405,358
1404.3.1,8,21:20:00,16,90000001,91000001,190,393,519,742,825,930,955,945,940,887,383,770,570,557,547,505,390,362
1404.3.1,5,23:30:00,66,90000001,91000001,190,392,520,770,825,930,955,945,940,883,838,775,580,545,548,508,385,349
1404.3.2,5,1:40:00,77,90000001,91000001,190,393,520,758,825,930,955,945,940,884,838,776,583,551,542,507,395,330
1404.3.2,5,3:50:00,38,90000001,91000001,190,390,523,752,825,930,955,945,940,886,828,777,586,555,535,508,396,345
1404.3.2,4,6:00:00,25,90000001,91000001,190,390,522,750,825,930,955,945,940,889,835,777,589,556,539,502,395,346
1404.3.2,4,8:10:00,54,90000001,91000001,190,389,519,737,825,930,955,945,940,888,838,772,591,557,541,495,398,348
1404.3.2,4,10:20:00,35,90000001,91000001,190,390,520,743,825,930,955,945,940,887,837,775,590,556,540,498,397,347
1404.3.2,4,12:30:00,26,90000001,91000001,190,390,521,740,825,930,955,945,940,889,840,775,578,552,544,499,395,345
1404.3.2,8,14:40:00,45,90000001,91000001,190,390,510,730,825,930,955,945,940,889,840,770,587,551,545,502,371,341
1404.3.2,8,16:50:00,61,90000001,91000001,190,388,512,733,825,930,955,945,940,878,838,768,590,558,546,504,386,325
1404.3.2,8,19:00:00,43,90000001,91000001,190,387,514,733,825,930,955,945,940,882,837,769,593,561,540,506,387,332
1404.3.2,8,21:10:00,4,90000001,91000001,190,386,512,730,825,930,955,945,940,886,825,773,595,563,543,506,388,337
1404.3.2,5,23:20:00,44,90000001,91000001,190,386,513,728,825,930,955,945,940,889,832,760,597,564,545,496,391,341
1404.3.3,5,1:30:00,12,90000001,91000001,190,387,515,730,825,930,955,945,940,890,835,760,597,563,547,501,393,341
1404.3.3,5,3:40:00,5,90000001,91000001,190,388,517,729,825,930,955,945,940,890,837,769,593,566,549,506,390,344
1404.3.3,5,5:50:00,33,90000001,91000001,190,390,523,728,825,930,955,945,940,889,838,776,575,562,549,508,384,345
1404.3.3,4,8:00:00,32,90000001,91000001,190,388,522,722,825,930,955,945,940,888,839,777,584,548,549,508,385,330
1404.3.3,4,10:10:00,6,90000001,91000001,190,389,520,720,825,930,955,945,940,887,838,778,589,550,550,508,381,339
1404.3.3,4,12:20:00,24,90000001,91000001,190,392,525,721,825,930,955,945,940,888,837,777,591,535,535,508,388,340
1404.3.3,5,14:30:00,47,90000001,91000001,190,392,529,718,825,930,955,945,940,887,837,773,594,561,540,505,393,342
1404.3.3,5,16:40:00,41,90000001,91000001,190,397,529,725,825,930,955,945,940,888,837,777,595,562,542,490,392,342
1404.3.3,5,18:50:00,76,90000001,91000001,190,399,535,732,825,930,955,945,940,884,837,777,594,564,545,495,394,343
1404.3.3,5,21:00:00,62,90000001,91000001,190,399,540,740,825,930,955,945,940,885,837,774,594,564,546,498,378,343
1404.3.3,8,23:10:00,15,90000001,91000001,190,401,544,737,825,930,955,945,940,887,837,775,595,565,547,502,370,337
1404.3.4,8,1:20:00,46,90000001,91000001,190,404,549,751,825,930,955,945,940,887,839,776,596,565,548,507,384,327
1404.3.4,8,3:30:00,53,90000001,91000001,190,402,548,748,825,930,955,945,940,886,838,772,595,565,549,508,385,332
1404.3.4,8,5:40:00,34,90000001,91000001,190,403,546,753,825,930,955,945,940,886,837,773,596,566,549,508,388,333
1404.3.4,4,7:50:00,32,90000001,91000001,190,403,542,748,825,930,955,945,940,888,838,781,598,567,550,509,390,335
1404.3.4,4,10:00:00,13,90000001,91000001,190,402,541,749,825,930,955,945,940,888,838,780,595,565,551,508,391,332
1404.3.4,4,12:10:00,70,90000001,91000001,190,402,540,753,825,930,955,945,940,888,839,781,596,566,551,509,392,331
1404.3.4,5,14:20:00,79,90000001,91000001,190,403,532,761,825,930,955,945,940,890,839,777,598,566,552,511,394,344
1404.3.4,5,16:30:00,31,90000001,91000001,190,402,832,762,825,930,955,945,940,888,839,776,598,568,552,513,397,345
1404.3.4,5,18:40:00,39,90000001,91000001,190,402,530,765,825,930,955,945,940,890,838,775,599,568,552,513,397,345
1404.3.4,5,20:50:00,42,90000001,91000001,190,400,529,760,825,930,955,945,940,889,839,779,600,570,553,515,399,348
1404.3.4,8,23:00:00,49,90000001,91000001,190,400,526,754,825,930,955,945,940,887,840,781,603,570,554,515,404,349
1404.3.5,8,1:10:00,63,90000001,91000001,190,401,528,758,825,930,955,945,940,888,839,778,601,569,553,514,401,348
1404.3.5,8,3:20:00,64,90000001,91000001,190,398,525,747,825,930,955,945,940,889,842,784,602,572,555,518,406,355
1404.3.5,8,5:30:00,19,90000001,91000001,190,397,524,747,825,930,955,945,940,889,841,783,602,572,556,515,405,357
1404.3.5,4,7:40:00,36,90000001,91000001,190,395,521,745,825,930,955,945,940,890,841,787,605,575,558,518,408,359
1404.3.5,4,9:50:00,27,90000001,91000001,190,391,518,732,825,930,955,945,940,890,840,787,604,574,557,518,407,357
1404.3.5,4,12:00:00,57,90000001,91000001,190,392,517,731,825,930,955,945,940,891,840,787,604,575,556,517,406,356
1404.3.5,5,14:10:00,51,90000001,91000001,190,387,512,729,825,930,955,945,940,887,841,770,604,577,560,521,408,358
1404.3.5,5,16:20:00,65,90000001,91000001,190,387,511,736,825,930,955,945,940,888,840,772,604,577,560,520,410,358
1404.3.5,5,18:30:00,28,90000001,91000001,190,381,508,728,825,930,955,945,940,887,841,774,604,577,560,521,410,360
1404.3.5,5,20:40:00,22,90000001,91000001,190,384,509,732,825,930,955,945,940,888,840,774,605,579,562,522,411,362
1404.3.5,8,22:50:00,1,90000001,91000001,190,386,506,735,825,930,955,945,940,887,840,772,606,580,561,521,410,361
1404.3.6,8,1:00:00,17,90000001,91000001,190,385,507,733,825,930,955,945,940,888,840,773,605,578,560,521,411,361
1404.3.6,8,3:10:00,10,90000001,91000001,190,387,508,741,825,930,955,945,940,883,840,782,605,578,562,525,411,361
1404.3.6,8,5:20:00,73,90000001,91000001,190,384,508,743,825,930,955,945,940,887,838,781,605,577,562,526,415,370
1404.3.6,4,7:30:00,20,90000001,91000001,190,383,504,738,825,930,955,945,940,888,838,784,608,578,564,528,415,370
1404.3.6,4,9:40:00,48,90000001,91000001,190,382,500,724,825,930,955,945,940,890,838,775,608,578,564,528,417,366
1404.3.6,4,11:50:00,80,90000001,91000001,190,384,495,720,825,930,955,945,940,890,841,778,609,578,565,530,418,370
1404.3.6,5,14:00:00,56,90000001,91000001,190,382,493,724,825,930,955,945,940,889,839,868,609,577,565,528,418,370
1404.3.6,5,16:10:00,7,90000001,91000001,190,382,493,722,825,930,955,945,940,886,840,776,608,576,566,527,418,371
1404.3.6,5,18:20:00,59,90000001,91000001,190,383,495,730,825,930,955,945,940,889,839,771,607,574,565,528,418,370
1404.3.6,5,20:30:00,75,90000001,91000001,190,382,499,734,825,93,955,945,940,888,839,777,606,572,566,530,421,373
1404.3.6,8,22:40:00,38,90000001,91000001,190,382,499,736,825,930,955,945,940,890,840,780,606,570,526,531,423,376
1404.3.7,8,0:50:00,23,90000001,91000001,190,383,503,736,825,930,955,945,940,888,840,788,605,570,563,536,424,276
1404.3.7,8,3:00:00,68,90000001,91000001,190,381,504,736,825,930,955,945,940,889,840,787,605,569,560,536,427,377
1404.3.7,8,5:10:00,74,90000001,91000001,190,380,505,735,825,930,955,945,940,887,840,784,604,567,559,535,427,376
1404.3.7,4,7:20:00,14,90000001,91000001,190,380,504,733,825,930,955,945,940,880,839,784,604,566,559,530,427,379
1404.3.7,4,9:30:00,25,90000001,91000001,190,378,505,733,825,930,955,945,940,880,839,781,603,566,555,530,427,384
1404.3.7,4,11:40:00,38,90000001,91000001,190,379,504,731,825,930,955,945,940,881,839,781,603,565,555,531,427,383
1404.3.7,4,13:50:00,16,90000001,91000001,190,378,503,722,825,930,955,945,940,885,838,780,604,567,555,530,427,383
1404.3.7,4,16:00:00,60,90000001,91000001,190,378,504,722,825,930,955,945,940,887,839,781,605,567,555,529,428,382
1404.3.7,4,18:10:00,54,90000001,91000001,190,378,493,722,825,930,955,945,940,887,840,771,605,566,557,530,431,384
1404.3.7,4,20:20:00,77,90000001,91000001,190,379,495,723,825,930,955,945,940,887,840,771,604,566,556,529,427,387
1404.3.7,8,22:30:00,26,90000001,91000001,190,379,497,725,825,930,955,945,940,887,840,783,608,570,557,531,432,387
1404.3.8,8,0:40:00,35,90000001,91000001,190,380,500,730,825,930,955,945,940,889,840,784,604,568,558,530,431,287
1404.3.8,8,2:50:00,45,90000001,91000001,190,383,499,730,825,930,955,945,940,888,840,787,602,565,560,529,426,382
1404.3.8,8,5:00:00,21,90000001,91000001,190,385,499,728,825,930,955,945,940,887,840,783,602,565,562,528,426,382
1404.3.8,4,7:10:00,61,90000001,91000001,190,384,498,727,825,930,955,945,940,889,840,783,603,565,561,529,426,383
1404.3.8,4,9:20:00,33,90000001,91000001,190,385,497,725,825,930,955,945,940,889,840,783,602,565,559,533,426,386
1404.3.8,4,11:30:00,66,90000001,91000001,190,386,498,725,825,930,955,945,940,891,841,781,603,565,558,533,429,385
1404.3.8,4,13:40:00,12,90000001,91000001,190,387,499,720,825,930,955,945,940,890,841,780,604,565,557,528,428,383
1404.3.8,5,15:50:00,6,90000002,92000001,190,382,488,710,825,930,955,945,940,889,841,771,605,568,556,521,434,389
1404.3.8,5,18:00:00,43,90000001,91000001,190,388,493,709,825,930,955,945,940,889,840,773,605,569,558,525,430,392
1404.3.8,5,20:10:00,32,90000001,91000001,190,388,497,709,825,930,955,945,940,897,840,780,605,570,558,527,427,390
1404.3.8,8,22:20:00,4,90000001,91000001,190,386,502,710,825,930,955,945,940,890,840,780,604,568,558,527,427,382
1404.3.9,8,0:30:00,44,90000001,91000001,190,387,503,712,825,930,955,945,940,888,840,781,603,569,558,526,425,380
1404.3.9,8,2:40:00,5,90000001,91000001,190,380,506,716,825,930,955,945,940,885,840,785,602,566,558,526,425,380
1404.3.9,8,4:50:00,24,90000001,91000001,190,384,505,725,825,930,955,945,940,886,840,784,603,566,556,527,424,383
1404.3.9,4,7:00:00,2,90000001,91000001,190,394,505,724,825,930,955,945,940,891,840,780,604,567,556,527,424,381
1404.3.9,4,9:10:00,18,90000001,91000001,190,397,507,724,825,930,955,945,940,890,841,781,602,566,555,524,423,381
1404.3.9,4,11:20:00,50,90000001,91000001,190,398,508,723,825,930,955,945,940,890,841,780,603,566,555,523,422,378
1404.3.9,4,13:30:00,11,90000001,91000001,190,397,506,722,825,930,955,945,940,890,841,781,603,564,555,525,422,380
1404.3.9,5,15:40:00,71,90000001,91000001,190,388,517,718,825,930,955,945,940,890,843,767,603,567,556,526,423,379
1404.3.9,5,17:50:00,30,90000001,91000001,190,392,518,720,825,930,955,945,940,887,842,7769,603,567,556,525,423,379
1404.3.9,5,20:00:00,47,90000002,92000001,190,397,517,710,825,930,955,945,940,889,838,778,601,567,555,524,423,376
1404.3.9,8,22:10:00,76,90000001,91000001,190,402,513,721,825,930,955,945,940,890,839,778,602,566,555,524,421,378
1404.3.10,8,0:20:00,34,90000001,91000001,190,403,508,721,825,930,955,945,940,889,839,775,601,565,554,523,421,377
1404.3.10,8,2:30:00,62,90000001,91000001,190,401,510,720,825,930,955,945,940,890,840,777,602,566,555,522,420,377
1404.3.10,8,4:40:00,41,90000001,91000001,190,402,530,718,825,930,955,945,940,892,840,775,601,564,554,522,420,378
1404.3.10,4,6:50:00,43,90000001,91000001,190,400,523,751,825,930,955,945,940,890,840,775,601,563,554,522,421,377
1404.3.10,4,9:00:00,56,90000001,91000001,190,395,521,740,825,930,955,945,940,891,840,772,600,561,555,522,420,378
1404.3.10,4,11:10:00,52,90000001,91000001,190,399,522,741,825,930,955,945,940,891,840,771,595,560,555,523,421,377
1404.3.10,4,13:20:00,15,90000001,91000001,190,399,523,741,825,930,955,945,940,891,840,773,595,561,554,521,422,375
1404.3.10,4,15:30:00,63,90000001,91000001,190,398,503,736,825,930,955,945,940,889,842,765,596,560,552,520,418,373
1404.3.10,4,17:40:00,49,90000001,91000001,190,398,504,739,825,930,955,945,940,891,842,766,596,561,552,520,417,373
1404.3.10,4,19:50:00,73,90000001,91000001,190,397,505,753,825,930,955,945,940,891,842,768,596,561,551,520,417,373
1404.3.10,5,22:00:00,10,90000001,91000001,190,398,528,757,825,930,955,945,940,873,840,772,595,562,548,514,412,370
1404.3.11,5,0:10:00,20,90000001,91000001,190,399,528,752,825,930,955,945,940,876,832,771,593,560,547,515,413,370
1404.3.11,5,2:20:00,17,90000001,91000001,190,400,526,747,825,930,955,945,940,886,820,774,594,560,548,514,412,370
1404.3.11,5,4:30:00,22,90000001,91000001,190,400,526,745,825,930,955,945,940,889,833,775,594,560,546,514,410,368
1404.3.11,4,6:40:00,1,90000001,91000001,190,400,525,742,825,930,955,945,940,890,835,774,595,561,547,513,411,367
1404.3.11,4,8:50:00,48,90000001,91000001,190,401,524,763,825,930,955,945,940,890,837,773,585,560,547,511,410,365
1404.3.11,4,11:00:00,80,90000001,91000001,190,401,522,749,825,930,955,945,940,891,838,774,588,557,546,511,408,365
1404.3.11,4,13:10:00,7,90000001,91000001,190,404,525,744,825,930,955,945,940,891,838,774,580,541,545,511,407,366
1404.3.11,8,15:20:00,64,90000001,91000001,190,403,513,742,825,930,955,945,940,887,823,760,578,542,542,514,407,362
1404.3.11,8,17:30:00,74,90000001,91000001,190,404,511,738,825,930,955,945,940,886,836,740,582,545,530,509,406,359
1404.3.11,8,19:40:00,68,90000001,91000001,190,403,518,740,825,930,955,945,940,888,836,752,586,548,534,502,404,358
1404.3.11,8,21:50:00,23,90000001,91000001,190,403,517,739,825,930,955,945,940,888,835,756,578,551,533,489,402,356
1404.3.11,5,0:00:00,5,90000001,91000001,190,405,518,740,825,930,955,945,940,890,837,761,561,546,535,492,400,355
1404.3.12,5,2:10:00,37,90000001,91000001,190,406,519,739,825,930,955,945,940,877,836,765,570,528,537,495,390,356
1404.3.12,5,4:20:00,75,90000001,91000001,190,405,523,748,825,930,955,945,940,884,832,772,577,536,532,498,375,348
1404.3.12,4,6:30:00,14,90000001,91000001,190,404,522,744,825,930,955,945,940,889,831,771,578,540,533,501,374,347
1404.3.12,4,8:40:00,59,90000001,91000001,190,404,522,745,825,930,955,945,940,889,834,772,581,541,535,500,373,342
1404.3.12,4,10:50:00,13,90000001,91000001,190,405,525,731,825,930,955,945,940,887,843,773,584,545,537,482,373,342
1404.3.12,4,13:00:00,16,90000001,91000001,190,404,525,741,825,930,955,945,940,890,840,771,583,547,539,485,473,343
1404.3.12,5,15:10:00,38,90000001,91000001,190,404,505,724,825,930,955,945,940,892,841,756,565,547,534,491,381,348
1404.3.12,5,17:20:00,60,90000001,91000001,190,408,509,727,825,930,955,945,940,890,841,755,577,532,534,494,374,340
1404.3.12,5,19:30:00,21,90000001,91000001,190,405,510,740,825,930,955,945,940,889,839,765,582,541,534,496,381,322
1404.3.12,5,21:40:00,45,90000001,91000001,190,406,513,736,825,930,955,945,940,888,839,769,585,546,523,499,382,333
1404.3.12,8,23:50:00,35,90000001,91000001,190,403,523,742,825,930,955,945,940,890,839,771,586,548,57,496,384,334
1404.3.13,8,2:00:00,26,90000001,91000001,190,401,525,736,825,930,955,945,940,890,838,774,589,551,531,485,388,334
1404.3.13,8,4:10:00,29,90000001,91000001,190,400,523,730,825,930,955,945,940,890,840,771,591,551,534,490,390,340
1404.3.13,4,6:20:00,72,90000001,91000001,190,401,522,732,825,930,955,945,940,891,840,770,591,552,535,493,391,342
1404.3.13,4,8:30:00,77,90000001,91000001,190,400,521,732,825,930,955,945,940,891,840,771,592,554,535,493,392,342
1404.3.13,4,10:40:00,54,90000001,91000001,190,398,518,732,825,930,955,945,940,891,840,775,592,555,537,496,391,324
1404.3.13,4,12:50:00,25,90000001,91000001,190,395,519,731,825,930,955,945,940,890,840,776,594,555,539,500,391,331
1404.3.13,8,15:00:00,28,90000001,91000001,190,395,519,729,825,930,955,945,940,890,840,775,595,556,540,502,385,339
1404.3.13,8,17:10:00,61,90000001,91000001,190,390,520,729,825,930,955,945,940,891,839,776,596,557,540,502,387,340
1404.3.13,8,19:20:00,51,90000001,91000001,190,390,522,730,825,930,955,945,940,891,838,778,596,558,542,501,387,340
1404.3.13,8,21:30:00,12,90000001,91000001,190,393,520,733,825,930,955,945,940,892,840,765,598,560,542,503,390,340
1404.3.13,5,23:40:00,66,90000001,91000001,190,392,521,737,825,930,955,945,940,892,839,777,598,561,545,507,390,342
1404.3.14,5,1:50:00,6,90000001,91000001,190,392,521,735,825,930,955,945,940,891,839,771,601,561,546,508,390,342
1404.3.14,5,4:00:00,65,90000001,91000001,190,389,525,736,825,930,955,945,940,890,838,769,596,562,546,508,391,341
1404.3.14,4,6:10:00,55,90000001,91000001,190,391,524,737,825,930,955,945,940,891,839,769,597,562,547,508,393,344
1404.3.14,4,8:20:00,9,90000001,91000001,190,392,523,738,825,930,955,945,940,892,840,771,598,562,547,511,395,345
1404.3.14,4,10:30:00,78,90000001,91000001,190,391,521,731,825,930,955,945,940,891,840,772,598,562,547,511,396,345
1404.3.14,4,12:40:00,3,90000001,91000001,190,395,522,731,825,930,955,945,940,891,841,772,598,562,547,511,391,346
1404.3.14,8,14:50:00,67,90000001,91000001,190,395,522,735,825,930,955,945,940,890,841,779,598,562,547,512,400,352
1404.3.14,8,17:00:00,40,90000001,91000001,190,394,525,739,825,930,955,945,940,890,840,782,596,561,548,514,403,353
1404.3.14,8,19:10:00,58,90000001,91000001,190,390,528,745,825,930,955,945,940,889,840,780,598,559,546,513,400,352
1404.3.14,8,21:20:00,69,90000001,91000001,190,391,527,742,825,930,955,945,940,890,840,776,598,560,545,513,401,353
1404.3.14,5,23:30:00,8,90000001,91000001,190,388,524,737,825,930,955,940,940,889,840,781,599,563,545,513,406,355
1404.3.15,5,1:40:00,70,90000001,91000001,190,390,526,737,825,930,955,945,940,890,840,780,600,563,547,512,405,357
1404.3.15,5,3:50:00,79,90000001,91000001,190,390,527,733,825,930,955,945,940,891,840,781,599,561,548,511,403,356
1404.3.15,4,6:00:00,31,90000001,91000001,190,393,528,733,825,930,955,945,940,891,840,782,598,561,549,512,402,355
1404.3.15,4,8:10:00,39,90000001,91000001,190,394,533,732,825,930,955,945,940,886,840,776,597,561,546,512,400,352
1404.3.15,4,10:20:00,42,90000001,91000001,190,394,533,728,825,930,955,944,940,886,840,774,597,561,546,512,401,353
1404.3.15,4,12:30:00,19,90000001,91000001,190,395,534,724,825,930,955,944,940,887,840,772,597,561,546,512,402,352
1404.3.15,8,14:40:00,36,90000001,91000001,190,398,535,733,825,930,955,945,940,890,840,769,595,559,548,513,404,352
1404.3.15,8,16:50:00,27,90000001,91000001,190,404,535,726,825,930,955,945,940,889,839,772,594,560,546,511,403,354
1404.3.15,8,19:00:00,57,90000001,91000001,190,406,537,740,825,930,955,945,940,888,839,770,594,560,545,510,400,352
1404.3.15,8,21:10:00,33,90000001,91000001,190,408,545,741,825,930,955,945,940,888,839,781,590,559,548,511,403,353
1404.3.15,5,23:20:00,43,90000001,91000001,190,409,550,751,825,930,955,945,940,886,837,777,591,556,545,508,395,350
1404.3.16,5,1:30:00,32,90000001,91000001,190,410,553,754,825,930,955,945,940,886,839,779,592,556,543,509,398,350
1404.3.16,5,3:40:00,50,90000001,91000001,190,409,563,757,825,930,955,945,940,887,837,777,591,556,540,507,397,347
1404.3.16,5,5:50:00,71,90000001,91000001,190,409,566,757,825,930,955,945,940,897,837,778,591,556,540,505,394,348
1404.3.16,4,8:00:00,30,90000001,91000001,190,409,556,754,825,930,955,945,940,887,837,776,591,556,540,503,395,345
1404.3.16,4,10:10:00,76,90000001,91000001,190,408,555,755,825,930,955,945,940,887,837,776,593,557,541,503,396,347
1404.3.16,4,12:20:00,34,90000001,91000001,190,407,551,754,825,930,955,945,940,886,835,771,593,558,542,502,388,346
1404.3.16,8,14:30:00,62,90000001,91000001,190,412,549,760,825,930,955,945,940,886,837,769,591,560,546,504,390,345
1404.3.16,8,16:40:00,53,90000001,91000001,190,416,547,768,825,930,955,945,940,884,840,775,592,560,544,505,390,353
1404.3.16,8,18:50:00,46,90000001,91000001,190,418,550,766,825,930,955,945,940,887,837,770,592,557,544,505,392,346
1404.3.16,8,21:00:00,52,90000001,91000001,190,417,553,763,825,930,955,945,940,887,838,770,591,558,542,506,390,344
1404.3.16,5,23:10:00,15,90000001,91000001,190,419,560,762,825,930,955,945,940,888,837,772,590,557,542,505,391,342
1404.3.17,5,1:20:00,63,90000001,91000001,190,416,563,762,825,930,955,945,940,890,840,775,593,557,543,505,391,345
1404.3.17,5,3:30:00,49,90000001,91000001,190,421,573,769,825,930,955,945,940,887,840,770,585,553,540,502,387,341
1404.3.17,5,5:40:00,72,90000001,91000001,190,418,565,756,825,930,955,945,940,888,840,775,590,553,542,504,389,343
1404.3.17,4,7:50:00,10,90000001,91000001,190,417,563,749,825,930,955,945,940,889,840,779,588,553,542,505,392,346
1404.3.17,4,10:00:00,20,90000001,91000001,190,417,562,747,825,930,955,945,94,887,837,778,591,552,542,502,391,346
1404.3.17,4,12:10:00,5,90000001,91000001,190,423,561,749,825,930,955,945,940,887,837,777,590,551,543,503,391,346
1404.3.17,5,14:20:00,2,90000001,91000001,190,423,563,754,825,930,955,945,940,885,836,766,589,552,539,502,389,342
1404.3.17,5,16:30:00,44,90000001,91000001,190,423,565,763,825,930,955,945,940,887,838,770,589,554,539,502,389,343
1404.3.17,5,18:40:00,4,90000001,91000001,190,424,566,766,825,930,955,945,940,886,837,780,588,555,539,502,390,340
1404.3.17,5,20:50:00,24,90000001,91000001,190,427,571,768,825,930,955,945,940,888,837,774,588,552,539,502,389,340
1404.3.17,8,23:00:00,18,90000001,91000001,190,431,578,769,825,930,955,945,940,891,840,778,587,552,539,501,389,339
1404.3.18,8,1:10:00,47,90000001,91000001,190,433,577,767,825,930,955,945,940,893,840,780,588,551,537,502,388,339
1404.3.18,8,3:20:00,11,90000001,91000001,190,434,571,763,825,930,955,945,940,896,840,777,588,552,536,502,388,341
1404.3.18,8,5:30:00,26,90000001,91000001,190,434,577,763,825,930,955,945,940,891,840,780,589,552,536,501,390,341
1404.3.18,4,7:40:00,17,90000001,91000001,190,435,575,765,825,930,955,945,940,891,840,781,590,551,536,500,390,342
1404.3.18,4,9:50:00,35,90000001,91000001,190,432,574,764,825,930,955,945,940,891,840,780,592,551,537,500,390,342
1404.3.18,4,12:00:00,72,90000002,92000001,190,431,573,763,825,930,955,945,940,893,840,781,592,553,538,501,391,341
1404.3.18,5,14:10:00,77,90000001,91000001,190,429,553,761,825,930,955,945,940,894,840,771,592,556,538,500,388,341
1404.3.18,5,16:20:00,21,90000001,91000001,190,429,547,767,825,930,955,945,940,893,840,773,592,556,538,500,389,340
1404.3.18,5,18:30:00,25,90000001,91000001,190,430,550,768,825,930,955,945,940,896,842,775,594,556,538,500,390,341
1404.3.18,5,20:40:00,54,90000001,91000001,190,420,548,770,825,930,955,945,940,892,841,772,592,558,539,499,389,341
1404.3.18,8,22:50:00,65,90000001,91000001,190,427,548,772,825,930,955,945,940,894,841,777,591,555,542,500,391,344
1404.3.19,8,1:00:00,29,90000001,91000001,190,434,547,770,825,930,955,945,940,896,843,778,593,554,540,500,386,341
1404.3.19,8,3:10:00,22,90000001,91000001,190,433,552,768,825,930,955,945,940,896,842,779,595,555,539,503,387,341
1404.3.19,8,5:20:00,1,90000001,91000001,190,431,552,761,825,930,955,945,940,894,841,780,595,560,539,504,390,342
1404.3.19,4,7:30:00,48,90000001,91000001,190,431,551,760,825,930,955,945,940,895,841,780,595,560,540,503,391,341
1404.3.19,4,9:40:00,55,90000001,91000001,190,428,553,744,825,930,955,945,940,892,841,769,595,558,541,501,391,341
1404.3.19,4,11:50:00,6,90000001,91000001,190,427,547,742,825,930,955,945,940,891,841,762,595,559,542,503,392,345
1404.3.19,5,14:00:00,66,90000001,91000001,190,422,545,736,825,930,955,945,940,895,841,763,596,559,544,505,392,347
1404.3.19,5,16:10:00,45,90000002,92000001,190,425,542,743,825,930,955,945,940,895,840,764,594,560,544,505,390,347
1404.3.19,5,18:20:00,12,90000001,91000001,190,425,541,751,825,930,955,945,940,896,842,765,594,559,545,505,397,346
1404.3.19,5,20:30:00,51,90000001,91000001,190,424,535,760,825,930,955,945,940,895,839,766,595,558,544,504,398,349
1404.3.19,8,22:40:00,61,90000001,91000001,190,428,541,780,825,930,955,945,940,890,839,772,596,557,542,504,397,350
1404.3.20,8,0:50:00,28,90000001,91000001,190,428,552,770,825,930,955,945,940,890,838,771,515,558,539,504,394,351
1404.3.20,8,3:00:00,9,90000001,91000001,190,429,558,765,825,930,955,945,940,890,839,772,516,557,539,503,393,350
1404.3.20,8,5:10:00,41,90000001,91000001,190,422,559,764,825,930,955,945,940,890,838,775,595,559,541,501,391,349
1404.3.20,4,7:20:00,3,90000001,91000001,190,427,555,754,825,930,955,945,940,891,838,775,595,557,542,502,395,345
1404.3.20,4,9:30:00,78,90000001,91000001,190,430,546,750,825,930,955,945,940,891,837,768,595,555,542,53,395,346
1404.3.20,4,11:40:00,31,90000001,91000001,190,428,546,751,825,930,955,945,940,893,837,769,595,555,542,503,391,345
1404.3.20,4,13:50:00,79,90000001,91000001,190,428,538,771,825,930,955,945,940,891,839,768,595,555,541,504,391,345
1404.3.20,5,16:00:00,8,90000001,91000001,190,424,547,769,825,930,955,945,940,873,835,760,591,557,541,502,390,338
1404.3.20,5,18:10:00,70,90000001,91000001,190,424,545,768,825,930,955,945,940,880,831,756,590,556,541,503,390,340
1404.3.20,5,20:20:00,69,90000001,91000001,190,427,545,770,825,930,955,945,940,886,817,760,91,555,540,503,392,342
1404.3.20,8,22:30:00,58,90000001,91000001,190,425,547,767,825,930,955,945,940,888,837,745,591,555,540,503,391,345
1404.3.21,8,0:40:00,40,90000001,91000001,190,422,545,761,825,930,955,945,940,889,834,749,587,555,540,502,390,344
1404.3.21,8,2:50:00,39,90000001,91000001,190,424,543,762,825,930,955,945,940,887,834,758,581,552,539,501,390,340
1404.3.21,8,5:00:00,67,90000001,91000001,190,423,545,779,825,930,955,945,940,888,837,764,569,546,538,502,390,341
1404.3.21,4,7:10:00,80,90000001,91000001,190,421,540,746,825,930,955,945,940,880,836,766,577,533,535,502,389,341
1404.3.21,4,9:20:00,42,90000001,91000001,190,420,539,760,825,930,955,945,940,881,833,765,580,535,537,500,388,341
1404.3.21,4,11:30:00,60,90000001,91000001,190,420,539,760,825,930,955,945,940,881,833,765,584,537,538,502,387,341
1404.3.21,4,13:40:00,36,90000001,91000001,190,417,535,748,825,930,955,945,940,887,833,761,586,545,536,500,387,339
1404.3.21,5,15:50:00,19,90000001,91000001,190,417,529,738,825,930,955,945,940,889,834,745,589,548,527,476,379,335
1404.3.21,5,18:00:00,71,90000001,91000001,190,419,531,746,825,930,955,945,940,887,837,754,582,551,529,482,382,337
1404.3.21,5,20:10:00,50,90000001,91000001,190,414,533,748,825,930,955,945,940,887,835,758,568,544,532,485,369,336
1404.3.21,8,22:20:00,32,90000001,91000001,190,416,534,752,825,930,955,945,940,876,835,760,577,530,532,487,363,330
1404.3.22,8,0:30:00,43,90000001,91000001,190,416,537,750,825,930,955,945,940,883,836,764,580,538,527,490,370,313
1404.3.22,8,2:40:00,33,90000001,91000001,190,414,534,750,825,930,955,945,940,886,836,766,584,543,526,491,370,323
1404.3.22,8,4:50:00,57,90000001,91000001,190,414,540,750,825,930,955,945,940,888,835,756,588,547,525,486,373,319
1404.3.22,4,7:00:00,7,90000001,91000001,190,414,531,745,825,930,955,945,940,888,835,753,587,548,527,483,373,320
1404.3.22,4,9:10:00,27,90000001,91000001,190,413,528,740,825,930,955,945,940,889,837,751,587,549,528,481,375,324
1404.3.22,4,11:20:00,16,90000001,91000001,190,414,527,733,825,930,955,945,940,888,838,753,575,549,528,484,376,327
1404.3.22,4,13:30:00,34,90000001,91000001,190,415,520,733,825,930,955,945,940,888,838,755,583,539,529,485,371,325
1404.3.22,5,15:40:00,38,90000001,91000001,190,414,519,736,825,930,955,945,940,887,841,761,587,545,533,491,371,307
1404.3.22,5,17:50:00,62,90000001,91000001,190,415,521,736,825,930,955,945,940,887,837,765,590,545,522,489,375,319
1404.3.22,5,20:00:00,76,90000001,91000001,190,413,524,744,825,930,955,945,940,888,837,762,591,552,527,488,378,324
1404.3.22,8,22:10:00,73,90000001,91000001,190,413,530,744,825,930,955,945,940,888,837,764,593,553,530,474,375,324
1403.3.23,8,0:20:00,49,90000001,91000001,190,413,524,746,825,930,955,945,940,888,837,770,595,555,534,482,275,322
1404.3.23,8,2:30:00,15,90000001,91000001,190,412,534,741,825,930,955,945,940,888,838,773,594,558,535,487,368,327
1404.3.23,8,4:40:00,63,90000001,91000001,190,412,538,744,825,930,955,945,940,888,839,774,595,557,536,492,363,326
1404.3.23,4,6:50:00,64,90000001,91000001,190,411,538,743,825,930,955,945,940,888,839,774,595,556,537,493,364,309
1404.3.23,4,9:00:00,74,90000001,91000001,190,419,527,740,825,930,955,945,940,885,837,763,597,557,537,494,371,318
1404.3.23,4,11:10:00,68,90000001,91000001,190,415,525,737,825,930,955,945,940,886,837,766,597,557,538,493,370,320
1404.3.23,4,13:20:00,23,90000001,91000001,190,415,523,738,825,930,955,945,940,888,838,768,597,558,538,495,371,322
1404.3.23,5,15:30:00,56,90000001,91000001,190,413,525,742,825,930,955,945,940,887,838,769,597,560,541,495,378,326
1404.3.23,5,17:40:00,37,90000001,91000001,190,415,528,744,825,930,955,945,940,885,837,764,598,560,542,496,378,324
1404.3.23,5,19:50:00,75,90000001,91000001,190,414,531,749,825,930,955,945,940,884,836,767,598,560,542,496,378,325
1404.3.23,8,22:00:00,14,90000001,91000001,190,412,532,749,825,930,955,945,940,888,836,767,597,560,540,496,376,326
1404.3.24,8,0:10:00,59,90000001,91000001,190,414,531,744,825,930,955,945,940,887,837,770,597,560,542,498,380,327
1404.3.24,8,2:20:00,13,90000001,91000001,190,415,537,744,825,930,955,945,940,888,837,770,597,560,541,499,380,332
1404.3.24,8,4:30:00,44,90000001,91000001,190,418,538,745,825,930,955,945,940,888,837,771,597,560,540,500,379,330
1404.3.24,5,6:40:00,72,90000001,91000001,190,420,538,743,825,930,955,945,940,888,835,768,596,560,540,500,379,331
1404.3.24,5,8:50:00,77,90000001,91000001,190,420,539,740,825,930,955,945,940,888,833,761,596,558,540,499,381,331
1404.3.24,5,11:00:00,21,90000001,91000001,190,421,542,735,825,930,955,945,940,887,834,758,596,558,542,500,383,331
1404.3.24,5,13:10:00,25,90000001,91000001,190,423,542,732,825,930,955,945,940,886,834,754,597,559,542,500,384,335
1404.3.24,8,15:20:00,54,90000001,91000001,190,422,542,738,825,930,955,945,940,883,839,757,596,559,542,500,386,333
1404.3.24,8,17:30:00,65,90000001,91000001,190,423,545,743,825,930,955,945,940,885,837,756,594,559,542,500,383,332
1404.3.24,8,19:40:00,55,90000001,91000001,190,428,553,748,825,930,955,945,940,886,836,760,594,556,542,498,384,331
1404.3.24,8,21:50:00,6,90000001,91000001,190,430,557,750,825,930,955,945,940,884,835,763,594,556,541,497,385,334
1404.3.24,5,0:00:00,66,90000001,91000001,190,433,559,755,825,930,955,945,940,884,835,764,591,556,538,499,382,334
1404.3.25,5,2:10:00,12,90000001,91000001,190,424,565,762,825,930,955,945,940,886,836,768,592,553,539,500,383,335
1404.3.25,5,4:20:00,51,90000001,91000001,190,438,567,765,825,930,955,945,940,886,836,767,593,555,539,498,383,334
1404.3.25,4,6:30:00,61,90000001,91000001,190,437,566,761,825,930,955,945,940,886,837,766,593,555,539,497,383,333
1404.3.25,4,8:40:00,46,90000001,91000001,190,438,571,763,825,930,955,945,940,886,838,768,593,555,536,498,384,333
1404.3.25,4,10:50:00,52,90000001,91000001,190,439,572,759,825,930,955,945,940,887,838,766,593,555,537,495,383,334
1404.3.25,4,13:00:00,10,90000001,91000001,190,439,571,755,825,930,955,945,940,887,833,765,594,555,537,495,383,334
1404.3.25,8,15:10:00,53,90000001,91000001,190,439,5756,759,825,930,955,945,940,883,836,765,593,558,538,495,380,330
1404.3.25,8,17:20:00,30,90000001,91000001,190,441,578,760,825,930,955,945,940,886,835,761,593,557,538,496,381,332
1404.3.25,8,19:30:00,20,90000001,91000001,190,443,580,760,825,930,955,945,940,886,835,761,593,556,538,494,379,334
1404.3.25,8,21:40:00,2,90000001,91000001,190,446,574,760,825,930,955,945,940,885,835,765,593,557,536,494,378,331
1404.3.25,5,23:50:00,5,90000001,91000001,190,448,576,766,825,930,955,945,940,888,837,761,589,555,535,494,377,329
1404.3.26,5,2:00:00,26,90000001,91000001,190,449,578,765,825,930,955,945,940,888,836,765,590,551,537,495,376,330
1404.3.26,5,4:10:00,11,90000001,91000001,190,449,580,773,825,930,955,945,940,889,838,767,592,554,536,494,377,329
1404.3.26,4,6:20:00,28,90000001,91000001,190,444,577,768,825,930,955,945,940,889,838,766,593,555,536,494,377,329
1404.3.26,4,8:30:00,9,90000001,91000001,190,444,575,767,825,930,955,945,940,889,838,766,592,555,537,492,377,328
1404.3.26,4,10:40:00,47,90000001,91000001,190,440,565,764,825,930,955,945,940,886,837,766,595,553,536,490,378,330
1404.3.26,4,12:50:00,18,90000001,91000001,190,440,565,763,825,930,955,945,940,887,837,765,595,553,536,491,377,331
1404.3.26,8,15:00:00,24,90000001,91000001,190,438,559,770,825,930,955,945,940,889,837,767,595,558,535,494,373,333
1404.3.26,8,17:10:00,4,90000001,91000001,190,436,557,770,825,930,955,945,940,888,839,769,594,557,538,493,379,330
1404.3.26,8,19:20:00,17,90000001,91000001,190,432,557,775,825,930,955,945,940,887,837,770,594,556,539,494,380,329
1404.3.26,8,21:30:00,35,90000001,91000001,190,436,559,771,825,930,955,945,940,887,836,771,595,557,538,498,380,332
1404.3.26,5,23:40:00,1,90000001,91000001,190,436,558,777,825,930,955,945,940,887,837,772,594,556,539,498,383,333
1404.3.27,5,1:50:00,22,90000001,91000001,190,434,555,767,825,930,955,945,940,889,837,772,597,557,539,499,385,335
1404.3.27,5,4:00:00,45,90000001,91000001,190,438,556,765,825,930,955,945,940,887,836,771,596,560,542,500,385,338
1404.3.27,4,6:10:00,41,90000001,91000001,190,434,555,765,825,930,955,945,940,887,838,772,595,558,542,501,384,337
1404.3.27,4,8:20:00,3,90000001,91000001,190,434,555,761,825,930,955,945,940,887,838,771,595,557,544,502,383,338
1404.3.27,4,10:30:00,67,90000001,91000001,190,432,554,750,825,930,955,945,940,887,837,771,595,557,544,500,383,339
1404.3.27,4,12:40:00,39,90000001,91000001,190,430,548,750,825,930,955,945,940,887,839,765,596,560,542,501,390,342
1404.3.27,8,14:50:00,40,90000001,91000001,190,430,549,753,825,930,955,945,940,888,838,767,594,558,541,501,389,340
1404.3.27,8,17:00:00,69,90000001,91000001,190,428,547,755,825,930,955,945,940,886,837,768,594,556,541,501,388,341
1404.3.27,8,19:10:00,80,90000001,91000001,190,426,543,760,825,930,955,945,940,884,836,770,594,556,541,502,389,340
1404.3.27,8,21:20:00,58,90000001,91000001,190,427,545,763,825,930,955,945,940,883,835,773,594,557,540,502,389,340
1404.3.27,5,23:30:00,48,90000001,91000001,190,430,548,758,825,930,955,945,940,886,837,771,593,558,539,501,390,338
1404.3.28,5,1:40:00,36,90000001,91000001,190,428,546,759,825,930,955,945,940,885,836,772,592,558,538,500,390,339
1404.3.28,5,3:50:00,78,90000001,91000001,190,428,548,750,825,930,955,945,940,885,834,769,592,556,538,499,386,338
1404.3.28,4,6:00:00,31,90000001,91000001,190,427,547,751,825,930,955,945,940,887,834,768,593,555,538,499,385,333
1404.3.28,4,8:10:00,79,90000001,91000001,190,432,548,750,825,930,955,945,940,887,835,769,593,555,538,499,386,337
1404.3.28,4,10:20:00,60,90000001,91000001,190,433,547,745,825,930,955,945,940,887,835,769,593,555,539,499,386,337
1404.3.28,4,12:30:00,57,90000001,91000001,190,433,548,740,825,930,955,945,940,887,837,768,592,555,539,500,387,337
1404.3.28,8,14:40:00,43,90000001,91000001,190,428,545,744,825,930,955,945,940,886,836,763,592,556,539,501,388,336
1404.3.28,8,16:50:00,33,90000001,91000001,190,426,548,748,825,930,955,945,940,887,837,764,592,555,539,500,389,337
1404.3.28,8,19:00:00,50,90000001,91000001,190,425,548,761,825,930,955,945,940,887,836,764,591,555,538,499,387,338
1404.3.28,8,21:10:00,11,90000001,91000001,190,428,543,765,825,930,955,945,940,888,837,769,591,554,537,499,388,339
1404.3.28,5,23:20:00,32,90000001,91000001,190,432,551,764,825,930,955,945,940,888,837,772,590,554,538,499,389,341
1404.3.29,5,1:30:00,29,90000001,91000001,190,433,552,751,825,930,945,945,940,888,836,771,591,555,538,498,388,340
1404.3.29,5,3:40:00,8,90000001,91000001,190,433,555,759,825,930,955,945,940,887,836,771,590,553,537,499,388,340
1404.3.29,5,5:50:00,70,90000001,91000001,190,430,558,755,825,930,955,945,940,887,836,774,592,551,534,500,388,341
1404.3.29,4,8:00:00,42,90000001,91000001,190,431,557,755,825,930,955,945,940,888,837,773,592,551,534,500,387,342
1404.3.29,4,10:10:00,7,90000001,91000001,190,432,555,745,825,930,955,945,940,888,835,772,593,553,535,498,388,342
1404.3.29,4,12:20:00,71,90000001,91000001,190,430,543,745,825,930,955,945,940,885,835,760,595,557,536,496,386,339
1404.3.29,8,14:30:00,63,90000001,91000001,190,427,541,748,825,930,955,945,940,884,835,758,592,556,537,496,384,336
1404.3.29,8,16:40:00,15,90000001,91000001,190,423,544,755,825,930,955,945,940,888,835,761,592,555,539,498,386,338
1404.3.29,8,18:50:00,49,90000001,91000001,190,418,543,755,825,930,955,945,940,888,835,763,591,555,538,498,385,338
1404.3.29,8,21:00:00,76,90000001,91000001,190,425,543,764,825,930,955,945,940,888,837,765,591,555,538,499,387,339
1404.3.29,5,23:10:00,23,90000001,91000001,190,427,551,764,825,930,955,945,940,889,835,768,591,554,537,499,386,336
1404.3.30,5,1:20:00,68,90000001,91000001,190,427,550,762,825,930,955,945,940,889,837,770,591,554,536,498,385,336
1404.3.30,5,3:30:00,74,90000001,91000001,190,431,552,763,825,930,955,945,940,888,838,770,591,555,537,498,386,338
1404.3.30,5,5:40:00,16,90000001,91000001,190,428,559,761,825,930,955,945,940,888,838,770,593,553,536,498,388,337
1404.3.30,4,7:50:00,27,90000001,91000001,190,429,557,764,825,930,955,945,940,888,837,770,593,554,538,497,387,338
1404.3.30,4,10:00:00,34,90000001,91000001,190,428,555,750,825,930,955,945,940,887,836,771,593,554,539,498,388,337
1404.3.30,4,12:10:00,38,90000001,91000001,190,428,554,755,825,930,955,945,940,888,836,773,593,555,539,499,387,336
1404.3.30,8,14:20:00,52,90000001,91000001,190,427,537,750,825,930,955,945,940,888,837,757,595,557,538,499,389,342
1404.3.30,8,16:30:00,46,90000001,91000001,190,425,535,754,825,930,955,945,940,887,837,760,596,558,541,501,390,342
1404.3.30,8,18:40:00,10,90000001,91000001,190,424,538,762,825,930,955,945,940,887,838,763,595,556,539,500,387,340
1404.3.30,8,20:50:00,53,90000001,91000001,190,422,540,759,825,930,955,945,940,887,837,766,592,557,541,501,389,338
1404.3.30,5,23:00:00,30,90000001,91000001,190,422,548,761,825,930,955,945,940,897,838,770,592,554,541,502,389,338
1404.3.31,5,1:10:00,20,90000001,91000001,190,423,545,760,825,930,955,945,940,889,837,768,594,556,540,500,388,340
1404.3.31,5,3:20:00,2,90000001,91000001,190,425,552,756,825,930,955,945,940,888,836,773,593,554,538,503,393,343
1404.3.31,5,5:30:00,5,90000001,91000001,190,427,556,755,825,930,955,945,940,889,836,775,593,554,535,501,390,340
1404.3.31,4,7:40:00,26,90000001,91000001,190,429,550,745,825,930,955,945,940,886,840,763,593,555,535,500,392,340
1404.3.31,4,9:50:00,64,90000001,91000001,190,428,551,745,825,930,955,945,940,889,838,764,594,555,536,500,391,341
1404.3.31,4,12:00:00,44,90000001,91000001,190,430,552,741,825,930,955,945,940,890,838,765,595,555,537,500,391,347
1404.3.31,5,14:10:00,59,90000001,91000001,190,432,559,748,825,930,955,945,940,886,835,754,592,556,539,449,391,345
1404.3.31,5,16:20:00,14,90000001,91000001,190,435,564,749,825,930,955,945,940,885,835,761,594,555,538,499,87,338
1404.3.31,5,18:30:00,72,90000001,91000001,190,435,570,750,825,930,955,945,940,884,835,763,593,555,537,499,386,336
1404.3.31,5,20:40:00,37,90000001,91000001,190,442,568,749,825,930,955,945,940,885,836,759,589,554,536,498,387,338
1404.3.31,8,22:50:00,77,90000001,91000001,190,446,574,756,825,930,955,945,940,885,836,766,590,5652,536,499,386,340
1404.4.1,8,1:00:00,25,90000001,91000001,190,445,576,761,825,930,955,945,940,885,836,768,591,554,536,499,388,342
1404.4.1,8,3:10:00,13,90000001,91000001,190,445,582,765,825,930,955,945,940,886,835,770,591,554,534,498,390,343
1404.4.1,8,5:20:00,11,90000001,91000001,190,445,584,771,825,930,955,945,940,888,837,768,590,551,533,498,384,341
1404.4.1,4,7:30:00,47,90000001,91000001,190,442,580,770,825,930,955,945,940,887,836,764,591,552,533,494,384,340
1404.4.1,4,9:40:00,75,90000001,91000001,190,442,581,770,825,930,955,945,940,887,836,763,591,552,533,495,383,342
1404.4.1,4,11:50:00,21,90000001,91000001,190,443,570,770,825,930,955,945,940,888,835,767,591,552,534,496,383,341
1404.4.1,5,14:00:00,65,90000001,91000001,190,442,567,768,825,930,955,945,940,885,835,759,592,553,535,495,387,341
1404.4.1,5,16:10:00,61,90000001,91000001,190,440,564,773,825,930,955,945,940,889,836,755,592,553,532,495,384,342
1404.4.1,5,18:20:00,51,90000001,91000001,190,437,559,775,825,930,955,945,940,888,837,759,593,554,534,496,386,340
1404.4.1,5,20:30:00,12,90000001,91000001,190,440,561,778,825,930,955,945,940,888,838,761,592,554,535,495,385,340
1404.4.1,8,22:40:00,66,90000001,91000001,190,442,563,776,825,930,955,945,940,889,837,764,590,553,535,494,383,338
1404.4.2,8,0:50:00,6,90000001,91000001,190,438,557,770,825,930,955,945,940,888,836,768,590,552,535,495,383,338
1404.4.2,8,3:00:00,62,90000001,91000001,190,437,559,768,825,930,955,945,940,885,837,768,592,553,534,496,384,339
1404.4.2,8,5:10:00,18,90000001,91000001,190,437,563,766,825,930,955,945,940,888,838,767,591,553,532,496,383,337
1404.4.2,4,7:20:00,73,90000001,91000001,190,439,562,764,825,930,955,945,940,888,838,766,591,553,532,495,383,337
1404.4.2,4,9:30:00,24,90000001,91000001,190,437,558,756,825,930,955,945,940,890,837,761,591,552,532,494,382,337
1404.4.2,4,11:40:00,45,90000001,91000001,190,435,557,755,825,930,955,945,940,890,838,762,592,553,533,494,383,335
1404.4.2,4,13:50:00,22,90000001,91000001,190,434,556,754,825,930,955,945,940,890,838,761,592,554,533,494,383,335
1404.4.2,5,16:00:00,56,90000001,91000001,190,432,546,755,825,930,955,945,940,888,837,766,593,555,532,493,381,338
1404.4.2,5,18:10:00,1,90000001,91000001,190,417,548,755,825,930,955,945,940,883,837,766,592,556,534,494,380,336
1404.4.2,5,20:20:00,39,90000001,91000001,190,427,547,763,825,930,955,947,940,889,838,768,595,556,533,492,380,334
1404.4.2,8,22:30:00,55,90000001,91000001,190,436,547,764,825,930,955,945,940,890,837,770,599,560,535,492,379,332
1404.4.3,8,0:40:00,67,90000001,91000001,190,438,545,766,825,930,955,945,940,891,840,771,601,564,536,495,380,334
1404.4.3,8,2:50:00,4,90000001,91000001,190,438,545,756,825,930,955,945,940,890,841,771,604,566,537,496,380,333
1404.4.3,8,5:00:00,17,90000001,91000001,190,434,550,753,825,930,955,945,940,890,839,772,603,566,538,495,379,332
1404.4.3,4,7:10:00,35,90000001,91000001,190,433,555,752,825,930,955,945,940,890,840,771,605,566,538,495,378,332
1404.4.3,4,9:20:00,3,90000001,91000001,190,432,555,752,825,930,955,945,940,891,840,772,605,566,538,495,377,333
1404.4.3,4,11:30:00,31,90000001,91000001,190,433,555,752,825,930,955,945,940,892,841,772,605,566,538,495,378,333
1404.4.3,4,13:40:00,28,90000001,91000001,190,434,551,750,825,930,955,945,940,890,839,768,606,570,541,495,378,333
1404.4.3,5,15:50:00,78,90000001,91000001,190,430,550,751,825,930,955,945,940,889,939,767,607,571,542,495,380,332
1404.4.3,5,18:00:00,6,90000001,91000001,190,428,545,761,825,930,955,945,940,889,837,767,608,571,545,498,379,332
1404.4.3,5,20:10:00,48,90000001,91000001,190,430,544,782,825,930,955,945,940,884,836,769,608,573,545,497,377,330
1404.4.3,8,22:20:00,58,90000001,91000001,190,433,558,772,825,930,955,945,940,882,837,770,606,572,546,498,378,331
1404.4.4,8,0:30:00,80,90000001,91000001,190,425,559,763,825,930,955,945,940,885,837,769,604,572,546,500,377,330
1404.4.4,8,2:40:00,57,90000001,91000001,190,430,560,762,825,930,955,945,940,885,837,769,604,571,546,500,379,330
1404.4.4,8,4:50:00,60,90000001,91000001,190,438,563,760,825,930,955,945,940,884,835,768,602,570,545,500,380,330
1404.4.4,4,7:00:00,7,90000001,91000001,190,438,562,763,825,930,955,945,940,884,835,768,603,574,545,500,381,331
1404.4.4,4,9:10:00,79,90000001,91000001,190,439,561,760,825,930,955,945,940,888,837,768,602,570,545,500,381,330
1404.4.4,4,11:20:00,43,90000001,91000001,190,439,561,762,825,930,955,945,940,888,838,768,603,569,545,500,382,331
1404.4.4,4,13:30:00,70,90000001,91000001,190,439,561,765,825,930,955,945,940,888,839,768,602,568,545,500,381,332
1404.4.4,5,15:40:00,8,90000001,91000001,190,436,561,763,825,930,955,945,940,881,825,762,601,570,545,498,376,329
1404.4.4,5,17:50:00,29,90000001,91000001,190,435,556,765,825,930,955,945,940,884,814,761,602,568,545,498,380,329
1404.4.4,5,20:00:00,32,90000001,91000001,190,432,554,770,825,930,955,945,940,887,827,743,602,568,546,499,379,331
1404.4.4,8,22:10:00,42,90000001,91000001,190,436,553,768,825,930,955,945,940,886,833,749,603,568,544,499,379,331
1404.4.5,8,0:20:00,71,90000001,91000001,190,435,557,777,825,930,955,945,940,888,834,760,596,569,545,501,380,330
1404.4.5,8,2:30:00,7,90000001,91000001,190,435,555,787,825,930,955,945,940,889,834,763,585,562,544,501,381,333
1404.4.5,8,4:40:00,40,90000001,91000001,190,435,559,782,825,930,955,945,940,876,834,764,590,545,544,501,380,332
1404.4.5,4,6:50:00,69,90000001,91000001,190,435,558,781,825,930,955,945,940,877,834,763,590,549,543,500,381,332
1404.4.5,4,9:00:00,19,90000001,91000001,190,435,557,762,825,930,955,945,940,889,825,763,595,559,543,500,381,334
1404.4.5,4,11:10:00,63,90000001,91000001,190,434,543,753,825,930,955,945,940,889,830,740,597,559,532,492,381,333
1404.4.5,4,13:20:00,16,90000001,91000001,190,433,542,753,825,930,955,945,940,890,834,745,597,560,533,475,378,332
1404.4.5,5,15:30:00,74,90000001,91000001,190,429,542,751,825,930,955,945,940,889,835,750,597,562,537,482,378,331
1404.4.5,5,17:40:00,68,90000001,91000001,190,424,541,748,825,930,955,945,940,891,835,752,583,562,537,487,368,330
1404.4.5,5,19:50:00,23,90000001,91000001,190,426,543,755,825,930,955,945,940,876,835,757,590,545,538,490,363,324
1404.4.5,8,22:00:00,52,90000001,91000001,190,429,547,757,825,930,955,945,940,883,830,758,595,556,538,390,369,308
1404.4.6,8,0:10:00,38,90000001,91000001,190,430,546,756,825,930,955,945,940,888,825,763,596,560,528,494,371,320
1404.4.6,8,2:20:00,27,90000001,91000001,190,429,550,757,825,930,955,945,940,892,830,747,598,562,531,494,374,324
1404.4.6,8,4:30:00,33,90000001,91000001,190,429,559,765,825,930,955,945,940,890,835,747,596,556,532,474,375,321
1404.4.6,4,6:40:00,50,90000001,91000001,190,428,550,752,825,930,955,945,940,895,838,756,594,559,535,481,375,321
1404.4.6,4,8:50:00,15,90000001,91000001,190,428,547,753,825,930,955,945,940,894,839,755,580,559,535,491,371,330
1404.4.6,4,11:00:00,49,90000001,91000001,190,427,548,750,825,930,955,945,940,894,839,756,592,546,536,491,373,324
1404.4.6,4,13:10:00,76,90000001,91000001,190,428,547,747,825,930,955,945,940,893,839,755,595,553,538,492,373,305
1404.4.6,5,15:20:00,44,90000001,91000001,190,422,542,737,825,930,955,945,940,892,838,757,598,559,522,493,371,313
1404.4.6,5,17:30:00,59,90000001,91000001,190,418,542,749,825,930,955,945,940,891,838,761,601,563,532,489,373,319
1404.4.6,5,19:40:00,14,90000001,91000001,190,422,542,756,825,930,955,945,940,892,839,765,603,565,537,475,375,323
1404.4.6,5,21:50:00,72,90000001,91000001,190,423,541,756,825,930,955,945,940,890,838,771,606,568,538,483,376,325
1404.4.6,8,0:00:00,75,90000001,91000001,190,425,541,755,825,930,955,945,940,891,840,772,606,572,542,491,365,328
1404.4.7,8,2:10:00,21,90000001,91000001,190,423,544,753,825,930,955,945,940,892,837,775,608,572,544,492,362,323
1404.4.7,8,4:20:00,65,90000001,91000001,190,425,551,754,825,930,955,945,940,891,838,772,608,572,545,495,368,302
1404.4.7,4,6:30:00,61,90000001,91000001,190,424,548,752,825,930,955,945,940,892,839,774,607,570,543,494,365,320
1404.4.7,4,8:40:00,51,90000001,91000001,190,426,547,745,825,930,955,945,940,891,837,773,608,572,543,499,366,320
1404.4.7,4,10:50:00,12,90000001,91000001,190,425,548,744,825,930,955,945,940,893,838,764,607,573,547,499,376,320
1404.4.7,4,13:00:00,66,90000001,91000001,190,428,549,741,825,930,955,945,940,893,839,765,607,572,547,499,375,322
1404.4.7,8,15:10:00,6,90000001,91000001,190,430,555,736,825,930,955,945,940,892,837,760,607,574,550,501,383,329
1404.4.7,8,17:20:00,34,90000001,91000001,190,434,555,741,825,930,955,945,940,886,837,762,607,574,547,501,383,328
1404.4.7,8,19:30:00,5,90000001,91000001,190,437,560,751,825,930,955,945,940,888,835,766,607,573,549,502,381,328
1404.4.7,8,21:40:00,2,90000001,91000001,190,435,567,757,825,930,955,945,940,889,835,764,608,573,549,502,379,328
1404.4.7,5,23:50:00,20,90000001,91000001,190,438,574,759,825,930,955,945,940,888,836,764,609,574,547,502,381,328
1404.4.8,5,2:00:00,30,90000001,91000001,190,438,579,762,825,930,955,945,940,888,837,764,607,573,546,503,381,331
1404.4.8,5,4:10:00,26,90000001,91000001,190,440,580,763,825,930,955,945,940,889,836,763,605,569,546,502,382,331
1404.4.8,4,6:20:00,54,90000001,91000001,190,442,578,763,825,930,955,945,940,890,837,768,602,566,548,504,387,335
1404.4.8,4,8:30:00,53,90000001,91000001,190,442,575,763,825,930,955,945,940,890,838,766,600,565,548,504,387,333
1404.4.8,4,10:40:00,46,90000002,92000001,190,442,574,762,825,930,955,945,940,890,838,765,600,565,547,504,388,333
1404.4.8,4,12:50:00,77,90000001,91000001,190,446,570,758,825,930,955,945,940,888,836,760,599,563,543,506,392,341
1404.4.8,4,15:00:00,37,90000001,91000001,190,445,566,763,825,930,955,945,940,890,838,760,602,565,543,503,393,342
1404.4.8,4,17:10:00,11,90000001,91000001,190,445,565,763,825,930,955,945,940,890,837,761,602,565,544,504,393,341
1404.4.8,4,19:20:00,41,90000001,91000001,190,445,566,768,825,930,955,945,940,890,837,761,603,566,544,503,393,342
1404.4.8,4,21:30:00,47,90000001,91000001,190,445,565,767,825,930,955,945,940,891,837,763,603,565,545,502,393,342
1404.4.8,5,23:40:00,18,90000001,91000001,190,446,556,776,825,930,955,945,940,894,837,769,604,567,543,501,388,342
1404.4.9,5,1:50:00,10,90000002,92000001,190,445,556,772,825,930,955,945,940,890,838,766,605,565,542,503,388,342
1404.4.9,5,4:00:00,64,90000001,91000001,190,446,553,774,825,930,955,945,940,893,839,766,606,566,543,504,390,344
1404.4.9,4,6:10:00,62,90000001,91000001,190,444,552,766,825,930,955,945,940,894,841,766,605,568,543,505,390,345
1404.4.9,4,8:20:00,45,90000001,91000001,190,443,552,762,825,930,955,945,940,894,841,765,605,567,544,505,391,347
1404.4.9,4,10:30:00,24,90000001,91000001,190,443,552,762,825,930,955,945,940,894,841,766,605,567,545,504,391,347
1404.4.9,4,10:30:00,17,90000001,91000001,190,440,551,761,825,930,955,945,940,893,841,765,605,567,545,506,391,347
1404.4.9,8,10:30:00,4,90000001,91000001,190,434,546,757,825,930,955,945,940,891,841,757,607,570,545,506,398,347
1404.4.9,8,17:00:00,25,90000001,91000001,190,433,545,755,825,930,955,945,940,891,841,759,608,571,548,506,398,247
1404.4.9,8,19:10:00,67,90000001,91000001,190,430,537,753,825,930,955,945,940,891,841,767,608,571,548,505,400,348
1404.4.9,8,21:20:00,3,90000001,91000001,190,427,536,769,825,930,955,945,940,893,841,767,609,571,550,506,398,348
1404.4.9,5,23:30:00,60,90000001,91000001,190,430,548,769,825,930,955,945,940,892,845,767,609,571,548,505,398,349
1404.4.10,5,1:40:00,57,90000001,91000001,190,430,554,771,825,930,955,945,940,893,845,767,609,570,545,506,396,348
1404.4.10,5,3:50:00,35,90000001,91000001,190,428,558,768,825,930,955,945,940,893,841,773,609,572,545,507,396,349
1404.4.10,4,6:00:00,13,90000002,92000001,190,427,559,766,825,930,955,945,940,891,840,777,607,572,545,506,395,349
1404.4.10,4,8:10:00,48,90000001,91000001,190,429,555,765,825,930,955,945,940,891,840,777,609,571,545,506,397,348
1404.4.10,4,10:20:00,36,90000001,91000001,190,428,555,760,825,930,955,945,940,891,840,777,608,572,545,506,397,347
1404.4.10,4,12:30:00,70,90000001,91000001,190,427,555,762,825,930,955,945,940,893,841,777,608,572,545,507,398,351
1404.4.10,5,14:40:00,43,90000001,91000001,190,428,544,780,825,930,955,945,940,894,839,768,608,572,552,512,400,350
1404.4.10,5,16:50:00,28,90000001,91000001,190,427,548,769,825,930,955,945,940,878,839,766,609,571,550,508,398,352
1404.4.10,5,19:00:00,40,90000001,91000001,190,428,548,771,825,930,955,945,940,885,828,769,610,571,551,508,398,353
1404.4.10,5,21:10:00,42,90000001,91000001,190,429,547,779,825,930,955,945,940,893,818,771,610,571,552,509,398,354
1404.4.10,5,23:20:00,29,90000001,91000001,190,431,543,769,825,930,955,945,940,894,834,847,611,572,550,509,399,354
1404.4.11,5,1:30:00,69,90000001,91000001,190,427,537,764,825,930,955,945,940,895,838,760,612,574,550,510,399,355
1404.4.11,5,3:40:00,8,90000001,91000001,190,428,541,765,825,930,955,945,940,892,837,763,605,573,550,512,400,356
1404.4.11,5,5:50:00,19,90000001,91000001,190,424,549,780,825,930,955,945,940,893,838,765,590,568,550,511,397,354
1404.4.11,4,8:00:00,32,90000001,91000001,190,424,550,781,825,930,955,945,940,893,838,765,590,567,551,511,397,354
1404.4.11,4,10:10:00,33,90000001,91000001,190,425,551,780,825,930,955,945,940,892,838,766,591,566,551,511,398,354
1404.4.11,4,12:20:00,38,90000001,91000001,190,426,550,761,825,930,955,945,940,891,837,765,600,563,551,511,398,353
1404.4.11,4,14:30:00,52,90000001,91000001,190,429,551,761,825,930,955,945,940,893,839,766,601,565,551,507,397,353
1404.4.11,4,16:40:00,27,90000001,91000001,190,429,551,760,825,930,955,945,940,893,838,765,604,565,551,500,395,355
1404.4.11,4,18:50:00,63,90000001,91000001,190,428,551,761,825,930,955,945,940,893,839,766,604,565,551,500,394,354
1404.4.11,4,21:00:00,23,90000001,91000001,190,427,550,770,825,930,955,945,940,894,837,765,585,564,551,502,393,354
1404.4.11,5,23:10:00,68,90000001,91000001,190,429,535,764,825,930,955,945,940,886,837,758,595,546,544,503,384,351
1404.4.12,5,1:20:00,50,90000001,91000001,190,424,539,762,825,930,955,945,940,890,834,764,597,542,557,505,390,333
1404.4.12,5,3:30:00,74,90000001,91000001,190,426,538,757,825,930,955,945,940,893,827,766,598,558,530,506,393,345
1404.4.12,5,5:40:00,,90000001,91000001,190,424,538,762,825,930,955,945,940,893,834,757,599,558,534,502,393,344
1404.4.12,4,7:50:00,55,90000001,91000001,190,424,532,755,825,930,955,945,940,892,836,750,601,559,536,488,396,347
1404.4.12,4,10:00:00,76,90000001,91000001,190,424,535,751,825,930,955,945,940,894,841,755,600,561,535,493,395,346
1404.4.12,4,12:10:00,49,90000001,91000001,190,420,534,748,825,930,955,945,940,880,838,752,585,558,533,499,393,352
1404.4.12,8,14:20:00,44,90000001,91000001,190,420,537,747,825,930,955,945,940,884,837,765,598,548,541,499,381,347
1404.4.12,8,16:30:00,65,90000001,91000001,190,421,540,745,825,930,955,945,940,893,825,765,599,550,540,500,390,328
1404.4.12,8,18:40:00,21,90000001,91000001,190,421,535,750,825,930,955,945,940,892,831,746,603,561,533,500,390,340
1404.4.12,8,20:50:00,75,90000001,91000001,190,419,532,745,825,930,955,945,940,892,835,748,602,562,535,500,383,341
1404.4.12,5,23:00:00,72,90000001,91000001,190,419,533,747,825,930,955,945,940,892,835,752,597,562,537,490,386,342
1404.4.13,5,1:10:00,14,90000001,91000001,190,419,533,748,825,930,955,945,940,892,835,756,595,561,536,493,385,342
1404.4.13,5,3:20:00,16,90000001,91000001,190,419,535,746,825,930,955,945,940,892,837,760,594,554,536,494,386,340
1404.4.13,5,5:30:00,59,90000001,91000001,190,419,535,744,825,930,955,945,940,892,837,763,594,551,529,499,388,341
1404.4.13,4,7:40:00,61,90000001,91000001,190,415,533,742,825,930,955,945,940,892,837,760,598,555,524,501,387,325
1404.4.13,4,9:50:00,51,90000001,91000001,190,414,539,743,825,930,955,945,940,891,838,761,599,556,529,495,387,335
1404.4.13,4,12:00:00,71,90000001,91000001,190,419,534,744,825,930,955,945,940,893,840,766,602,562,533,483,390,338
1404.4.13,8,14:10:00,66,90000001,91000001,190,413,535,744,825,930,955,945,940,893,837,770,601,562,534,489,388,340
1404.4.13,8,16:20:00,12,90000001,91000001,190,415,533,742,825,930,955,945,940,891,838,768,602,562,535,492,383,342
1404.4.13,8,18:30:00,6,90000001,91000001,190,413,537,744,825,930,955,945,940,891,838,767,604,563,537,494,372,333
1404.4.13,8,20:40:00,26,90000001,91000001,190,415,537,745,825,930,955,945,940,890,837,765,606,565,538,496,378,315
1404.4.13,5,22:50:00,7,90000001,91000001,190,418,538,745,825,930,955,945,940,890,838,751,606,567,537,495,377,317
1404.4.14,5,1:00:00,79,90000001,91000001,190,412,533,748,825,930,955,945,940,889,837,764,607,565,541,497,382,326
1404.4.14,5,3:10:00,9,90000001,91000001,190,414,528,744,825,930,955,945,940,889,837,768,607,567,541,500,380,332
1404.4.14,5,5:20:00,58,90000001,91000001,190,413,530,746,825,930,955,945,940,889,835,766,605,565,542,499,378,333
1404.4.14,4,7:30:00,80,90000001,91000001,190,412,531,744,825,930,955,945,940,890,836,766,606,565,542,500,380,334
1404.4.14,4,9:40:00,73,90000001,91000001,190,411,531,745,825,930,955,945,940,889,837,766,607,566,542,503,381,336
1404.4.14,4,11:50:00,22,90000001,91000001,190,411,532,741,825,930,955,945,940,889,838,765,608,567,542,503,381,336
1404.4.14,5,14:00:00,56,90000001,91000001,190,414,527,736,825,930,955,945,940,890,837,768,606,569,543,504,387,340
1404.4.14,5,16:10:00,1,90000001,91000001,190,419,525,739,825,930,955,945,940,889,838,768,606,567,543,504,390,340
1404.4.14,5,18:20:00,39,90000001,91000001,190,414,526,739,825,930,955,945,940,890,839,768,607,568,544,505,390,341
1404.4.14,5,20:30:00,31,90000001,91000001,190,415,527,738,825,930,955,945,940,889,838,771,607,568,542,505,390,342
1404.4.14,8,22:40:00,78,90000001,91000001,190,416,528,746,825,930,955,945,940,892,837,772,608,569,543,506,396,348
1404.4.15,8,0:50:00,77,90000001,91000001,190,413,532,740,825,930,955,945,940,891,837,774,608,569,545,505,395,348
1404.4.15,8,3:00:00,37,90000001,91000001,190,408,531,738,825,930,955,945,940,890,837,767,608,568,545,504,394,348
1404.4.15,8,5:10:00,11,90000001,91000001,190,410,525,740,825,930,955,945,940,889,837,769,608,569,545,505,392,347
1404.4.15,4,7:20:00,41,90000001,91000001,190,408,527,738,825,930,955,945,940,890,836,769,609,570,545,506,382,346
1404.4.15,4,9:30:00,47,90000001,91000001,190,419,534,744,825,930,955,945,940,888,838,772,607,569,545,505,358,344
1404.4.15,4,11:40:00,18,90000001,91000001,190,418,535,742,825,930,955,945,940,888,841,771,607,568,545,505,357,343
1404.4.15,4,13:50:00,64,90000001,91000001,190,415,534,741,825,930,955,945,940,887,841,768,608,568,545,506,353,345
1404.4.15,5,16:00:00,24,90000001,91000001,190,418,539,742,825,930,955,945,940,886,836,764,607,567,545,505,391,345
1404.4.15,5,18:10:00,17,90000001,91000001,190,420,549,740,825,930,955,945,940,887,836,759,606,567,545,506,391,345
1404.4.15,5,20:20:00,4,90000001,91000001,190,423,554,740,825,930,955,945,940,883,835,567,607,567,544,506,391,344
1404.4.15,8,22:30:00,67,90000001,91000001,190,428,556,742,825,930,955,945,940,889,835,763,603,567,542,505,391,343
1404.4.16,8,0:40:00,3,90000001,91000001,190,426,564,749,825,930,955,945,940,887,835,772,603,565,542,504,392,343
1404.4.16,8,2:50:00,60,90000001,91000001,190,427,567,754,825,930,955,945,940,882,836,772,602,564,543,503,390,342
1404.4.16,8,5:00:00,57,90000001,91000001,190,430,566,759,825,930,955,945,940,886,835,767,603,565,542,502,389,342
1404.4.16,4,7:10:00,35,90000001,91000001,190,433,565,759,825,930,955,945,940,887,836,766,602,565,542,502,388,340
1404.4.16,4,9:20:00,30,90000002,92000001,190,433,569,761,825,930,955,945,940,887,835,761,602,564,541,502,386,338
1404.4.16,4,11:30:00,54,90000001,91000001,190,437,569,762,825,930,955,945,940,887,836,763,602,563,542,502,385,338
1404.4.16,4,13:40:00,34,90000001,91000001,190,435,569,760,825,930,955,945,940,887,837,764,603,564,542,503,384,341
1404.4.16,5,15:50:00,53,90000001,91000001,190,438,572,763,825,930,955,945,940,886,837,760,602,560,542,504,388,340
1404.4.16,5,18:00:00,62,90000001,91000001,190,441,572,765,825,930,955,945,940,888,836,761,601,562,542,501,388,340
1404.4.16,5,20:10:00,45,90000001,91000001,190,440,574,766,825,930,955,945,940,887,836,763,600,561,540,500,386,340
1404.4.16,8,22:20:00,15,90000001,91000001,190,449,581,770,825,930,955,945,940,888,837,763,602,562,540,501,389,340
1404.4.17,8,0:30:00,20,90000001,91000001,190,453,580,771,825,930,955,945,940,890,836,764,602,561,540,502,389,344
1404.4.17,8,2:40:00,48,90000001,91000001,190,452,578,771,825,930,955,945,940,890,836,764,602,562,540,502,388,344
1404.4.17,8,4:50:00,36,90000001,91000001,190,450,580,771,825,930,955,945,940,888,836,765,602,562,540,500,388,341
1404.4.17,8,7:00:00,70,90000001,91000001,190,445,582,772,825,930,955,945,940,889,836,761,601,563,541,499,389,340
1404.4.17,8,9:10:00,25,90000001,91000001,190,443,586,773,825,930,955,945,940,889,837,757,601,564,541,499,387,341
1404.4.17,8,11:20:00,13,90000001,91000001,190,437,582,771,825,930,955,945,940,888,837,759,601,563,541,501,385,340
1404.4.17,8,13:30:00,74,90000001,91000001,190,440,577,772,825,930,955,945,940,888,837,765,602,563,543,502,385,339
1404.4.17,5,15:40:00,5,90000002,92000001,190,442,572,774,825,930,955,945,940,886,835,759,600,562,539,500,387,338
1404.4.17,5,17:50:00,50,90000001,91000001,190,441,563,772,825,930,955,945,940,886,837,761,602,561,538,501,389,340
1404.4.17,5,20:00:00,68,90000001,91000001,190,441,564,771,825,930,955,945,940,887,836,760,601,560,539,500,390,339
1404.4.17,8,22:10:00,55,90000001,91000001,190,447,565,780,825,930,955,945,940,889,836,761,602,562,538,498,388,344
1404.4.18,8,0:20:00,23,90000001,91000001,190,444,569,778,825,930,955,945,940,889,837,765,601,564,538,500,387,342
1404.4.18,8,2:30:00,63,90000001,91000001,190,445,567,779,825,930,955,945,940,888,836,763,602,563,540,500,390,340
1404.4.18,8,4:40:00,44,90000001,91000001,190,445,574,772,825,930,955,945,940,890,836,766,601,563,539,496,384,339
1404.4.18,8,6:50:00,2,90000001,91000001,190,443,567,770,825,930,955,945,940,890,836,762,602,563,538,498,385,338
1404.4.18,8,9:00:00,49,90000001,91000001,190,442,563,768,825,930,955,945,940,890,836,760,603,563,538,498,386,338
1404.4.18,8,11:10:00,59,90000001,91000001,190,440,555,767,825,930,955,945,940,889,835,755,602,564,538,498,384,341
1404.4.18,8,13:20:00,16,90000001,91000001,190,440,558,773,825,930,955,945,940,890,836,759,602,563,540,500,385,340
1404.4.18,5,15:30:00,14,90000001,91000001,190,439,561,776,825,930,955,945,940,876,837,758,602,562,540,499,386,337
1404.4.18,5,17:40:00,72,90000001,91000001,190,430,561,776,825,930,955,945,940,883,828,752,604,563,539,500,386,336
1404.4.18,5,19:50:00,75,90000001,91000001,190,434,555,778,825,930,955,945,940,887,820,762,604,565,540,500,386,337
1404.4.18,8,22:00:00,21,90000001,91000001,190,435,555,772,825,930,955,945,940,889,830,755,604,564,540,500,386,340
1404.4.19,8,0:10:00,61,90000001,91000001,190,436,554,770,825,930,955,945,940,890,835,752,604,565,541,499,387,341
1404.4.19,8,2:20:00,46,90000001,91000001,190,436,544,780,825,930,955,945,940,890,835,763,594,564,540,501,385,340
1404.4.19,8,4:30:00,66,90000001,91000001,190,435,555,480,825,930,955,945,940,887,835,761,577,554,541,502,386,342
1404.4.19,5,6:40:00,71,90000001,91000001,190,432,552,762,825,930,955,945,940,884,830,762,585,552,535,501,385,339
1404.4.19,5,8:50:00,51,90000001,91000001,190,429,550,756,825,930,955,945,940,881,821,763,592,550,532,500,385,338
1404.4.19,5,11:00:00,58,90000001,91000001,190,429,547,752,825,930,955,945,940,888,818,760,594,551,520,500,388,338
1404.4.19,5,13:10:00,12,90000001,91000001,190,427,540,746,825,930,955,945,940,890,832,742,600,551,529,495,389,341
1404.4.19,7,15:20:00,9,90000001,91000001,190,429,540,753,825,930,955,945,940,890,836,750,600,556,530,479,390,341
1404.4.19,7,17:30:00,10,90000001,91000001,190,425,540,759,825,930,955,945,940,886,835,752,595,558,532,487,387,340
1404.4.19,7,19:40:00,79,90000001,91000001,190,423,540,779,825,930,955,945,940,888,836,758,580,553,534,485,369,340
1404.4.19,7,21:50:00,7,90000001,91000001,190,423,540,770,825,930,955,945,940,875,836,763,591,540,534,489,367,333
1404.4.19,8,0:00:00,80,90000001,91000001,190,423,541,764,825,930,955,945,940,880,831,770,594,550,531,491,373,313
1404.4.20,8,2:10:00,56,90000001,91000001,190,427,539,760,825,930,955,945,940,886,834,771,594,552,520,492,373,325
1404.4.20,8,4:20:00,22,90000001,91000001,190,420,544,757,825,930,955,945,940,889,833,758,596,554,526,488,372,324
1404.4.20,8,6:30:00,1,90000001,91000001,190,420,545,750,825,930,955,945,940,889,836,768,600,556,527,427,372,321
1404.4.20,8,8:40:00,35,90000001,91000001,190,418,533,745,825,930,955,945,940,887,836,765,599,558,529,483,368,326
1404.4.20,8,10:50:00,28,90000001,91000001,190,418,529,742,825,930,955,945,940,888,836,763,595,557,531,484,357,324
1404.4.20,8,13:00:00,40,90000001,91000001,190,422,524,744,825,930,955,945,940,879,837,763,599,555,535,487,364,323
1404.4.20,5,15:10:00,42,90000001,91000001,190,416,522,741,825,930,955,945,940,882,830,762,604,558,533,488,364,301
1404.4.20,5,17:20:00,29,90000001,91000001,190,416,523,746,825,930,955,945,940,887,820,764,605,561,528,490,365,314
1404.4.20,5,19:30:00,69,90000001,91000001,190,416,527,745,825,930,955,945,940,889,832,747,606,564,533,489,367,318
1404.4.20,5,21:40:00,8,90000001,91000001,190,412,532,741,825,930,955,945,940,889,836,757,606,565,535,488,370,321
1404.4.20,5,23:50:00,19,90000001,91000001,190,408,532,737,825,930,955,945,940,889,837,765,600,565,538,492,372,324
1404.4.21,5,2:00:00,32,90000001,91000001,190,410,530,740,825,930,955,945,940,888,836,763,604,564,536,490,368,320
1404.4.21,5,4:10:00,33,90000001,91000001,190,411,538,740,825,930,955,945,940,890,836,773,595,542,538,493,369,323
1404.4.21,4,6:20:00,38,90000001,91000001,190,412,538,741,825,930,955,945,940,891,838,774,599,552,536,496,374,325
1404.4.21,4,8:30:00,11,90000001,91000001,190,414,537,742,825,930,955,945,940,891,837,773,600,555,537,495,373,322
1404.4.21,4,10:40:00,78,90000001,91000001,190,413,535,741,825,930,955,945,940,892,837,773,600,555,537,496,373,322
1404.4.21,4,12:50:00,77,90000001,91000001,190,414,539,731,825,930,955,945,940,886,836,765,605,563,535,476,378,330
1404.4.21,8,15:00:00,37,90000001,91000001,190,418,543,736,825,930,955,945,940,887,835,764,605,564,534,481,378,329
1404.4.21,8,17:10:00,31,90000001,91000001,190,420,547,742,825,930,955,945,940,888,835,764,606,565,537,485,363,328
1404.4.21,8,19:20:00,39,90000001,91000001,190,424,553,738,825,930,955,945,940,888,835,762,606,563,540,490,358,324
1404.4.21,8,21:30:00,41,90000001,91000001,190,432,562,745,825,930,955,945,940,890,835,768,606,567,542,493,368,307
1404.4.21,5,23:40:00,30,90000001,91000001,190,434,563,752,825,930,955,945,940,887,837,769,607,565,540,495,368,317
1404.4.22,5,1:50:00,36,90000001,91000001,190,433,565,753,825,930,955,945,940,888,836,771,607,566,541,494,372,319
1404.4.22,5,4:00:00,15,90000001,91000001,190,429,572,750,825,930,955,945,940,888,836,773,605,566,540,496,372,322
1404.4.22,4,6:10:00,52,90000001,91000001,190,429,571,764,825,930,955,945,940,889,837,772,606,566,541,499,371,322
1404.4.22,4,8:20:00,48,90000001,91000001,190,428,570,760,825,930,955,945,940,890,837,771,606,565,541,500,372,322
1404.4.22,4,10:30:00,27,90000002,92000001,190,430,571,760,825,930,955,945,940,891,838,771,607,565,541,500,373,328
1404.4.22,4,12:40:00,76,90000001,91000001,190,430,570,758,825,930,955,945,940,890,837,771,609,567,542,502,373,327
1404.4.22,8,14:50:00,65,90000001,91000001,190,429,544,761,825,930,955,945,940,891,836,764,607,568,545,502,385,332
1404.4.22,8,17:00:00,6,90000001,91000001,190,427,544,764,825,930,955,945,940,891,837,757,608,569,545,502,385,334
1404.4.22,8,19:10:00,26,90000001,91000001,190,428,546,775,825,930,955,945,940,890,839,761,609,570,545,503,388,336
1404.4.22,8,21:20:00,73,90000001,91000001,190,426,548,777,825,930,955,945,940,889,838,770,609,570,545,503,388,338
1404.4.22,5,23:30:00,45,90000002,92000001,190,427,550,769,825,930,955,945,940,891,839,772,609,569,545,504,388,338
1404.4.23,5,1:40:00,47,90000001,91000001,190,429,547,768,825,930,955,940,940,889,836,771,611,570,545,504,388,338
1404.4.23,5,3:50:00,18,90000001,91000001,190,425,546,762,825,930,955,945,940,890,838,773,612,571,545,503,389,340
1404.4.23,4,6:00:00,64,90000001,91000001,190,424,549,762,825,930,955,945,940,890,839,774,611,571,542,503,388,341
1404.4.23,4,8:10:00,63,90000001,91000001,190,424,549,761,825,930,955,945,940,890,840,774,611,571,542,503,387,342
1404.4.23,4,10:20:00,34,90000001,91000001,190,420,547,747,825,930,955,945,940,891,840,773,609,571,541,503,388,341
1404.4.23,4,12:30:00,54,90000001,91000001,190,425,547,745,825,930,955,945,940,890,840,773,609,571,540,503,387,340
1404.4.23,4,14:40:00,70,90000001,91000001,190,431,549,740,825,930,955,945,940,891,840,773,609,571,541,504,387,341
1404.4.23,4,16:50:00,35,90000001,91000001,190,429,548,750,825,930,955,945,940,890,840,772,610,572,542,502,388,342
1404.4.23,4,19:00:00,74,90000001,91000001,190,434,554,750,825,930,955,945,940,889,842,765,604,569,546,504,390,337
1404.4.23,4,21:10:00,25,90000001,91000001,190,439,550,765,825,930,955,945,940,889,841,765,607,568,547,503,387,338
1404.4.23,4,23:20:00,44,90000001,91000001,190,439,581,771,825,930,955,945,940,890,837,768,608,565,544,502,388,339
1404.4.24,5,1:30:00,50,90000001,91000001,190,438,582,769,825,930,955,945,940,888,837,770,606,563,543,502,387,437
1404.4.24,5,3:40:00,5,90000001,91000001,190,437,584,766,825,930,955,945,940,888,837,773,605,556,542,502,385,332
1404.4.24,5,5:50:00,62,90000002,92000001,190,435,579,768,825,930,955,945,940,887,838,775,606,559,543,502,385,335
1404.4.24,4,8:00:00,20,90000001,91000001,190,435,577,766,825,930,955,945,940,887,838,774,606,559,543,502,383,333
1404.4.24,4,10:10:00,23,90000001,91000001,190,435,555,768,825,930,955,945,940,888,838,774,607,559,544,502,384,335
1404.4.24,4,12:20:00,55,90000001,91000001,190,435,555,768,825,930,955,945,940,889,838,775,608,559,545,502,384,335
1404.4.24,4,14:30:00,49,90000001,91000001,190,436,560,765,825,930,955,945,940,890,837,774,609,558,544,503,385,336
1404.4.24,4,16:40:00,16,90000001,91000001,190,431,559,769,825,930,955,945,940,890,837,773,609,557,545,502,384,335
1404.4.24,5,18:50:00,59,90000001,91000001,190,434,548,775,825,930,955,945,940,891,837,766,610,569,548,501,391,342
1404.4.24,5,21:00:00,66,90000001,91000001,190,436,549,774,825,930,955,945,940,890,840,753,609,570,547,501,389,342
1404.4.24,5,23:10:00,14,90000001,91000001,190,435,550,772,825,930,955,945,940,891,839,756,608,569,548,501,390,343
1404.4.25,5,1:20:00,46,90000001,91000001,190,423,545,770,825,930,955,945,940,889,839,763,607,573,546,504,386,340
1404.4.25,5,3:30:00,61,90000001,91000001,190,431,555,783,825,930,955,945,940,892,838,765,590,564,544,504,386,338
1404.4.25,5,5:40:00,63,90000001,91000001,190,430,554,769,825,930,955,945,940,882,839,769,600,548,546,502,386,339
1404.4.25,4,7:50:00,21,90000001,91000001,190,431,553,768,825,930,955,945,940,883,839,768,600,547,545,502,388,348
1404.4.25,4,10:00:00,71,90000001,91000001,190,432,554,753,825,930,955,945,940,883,839,767,603,561,547,503,387,338
1404.4.25,4,12:10:00,24,90000001,91000001,190,436,554,750,825,930,955,945,940,883,839,766,604,562,547,502,388,338
1404.4.25,4,14:20:00,17,90000001,91000001,190,431,555,743,825,930,955,945,940,883,839,765,604,561,547,387,387,337
1404.4.25,4,16:30:00,58,90000001,91000001,190,430,554,742,825,930,955,945,940,883,838,766,603,561,547,501,387,337
1404.4.25,4,18:40:00,2,90000001,91000001,190,428,553,725,825,930,955,945,940,889,838,766,587,561,546,500,387,340
1404.4.25,4,20:50:00,12,90000001,91000001,190,428,554,722,825,930,955,945,940,890,842,766,596,555,546,495,387,340
1404.4.25,5,23:00:00,22,90000001,91000001,190,423,534,762,825,930,955,945,940,884,841,768,599,555,536,494,379,319
1404.4.26,5,1:10:00,80,90000001,91000001,190,422,538,763,825,930,955,945,940,885,828,770,604,559,523,497,381,330
1404.4.26,5,3:20:00,4,90000001,91000001,190,420,538,756,825,930,955,945,940,891,838,760,606,563,530,492,382,334
1404.4.26,5,5:30:00,67,90000001,91000001,190,424,537,758,825,930,955,945,940,888,837,755,603,560,530,474,374,329
1404.4.26,4,7:40:00,3,90000001,91000001,190,421,530,737,825,930,955,945,940,889,841,760,606,565,534,485,381,336
1404.4.26,4,9:50:00,56,90000001,91000001,190,420,531,737,825,930,955,945,940,891,841,761,600,561,535,489,381,337
1404.4.26,4,12:00:00,79,90000001,91000001,190,419,530,737,825,930,955,945,940,891,841,761,601,562,535,491,382,336
1404.4.26,8,14:10:00,40,90000001,91000001,190,420,535,746,825,930,955,945,940,887,838,761,604,561,545,492,375,311
1404.4.26,8,16:20:00,28,90000001,91000001,190,418,532,736,825,930,955,945,940,887,830,760,606,564,533,492,375,320
1404.4.26,8,18:30:00,43,90000001,91000001,190,415,534,738,825,930,955,945,940,893,837,745,608,565,538,495,378,321
1404.4.26,8,20:40:00,1,90000001,91000001,190,419,535,751,825,930,955,945,940,891,837,754,607,566,540,481,375,323
1404.4.26,5,22:50:00,38,90000001,91000001,190,421,525,746,825,930,955,945,940,892,836,753,601,568,540,485,374,323
1404.4.27,5,1:00:00,33,90000001,91000001,190,424,537,750,825,930,955,945,940,890,836,757,586,561,541,489,366,322
1404.4.27,5,3:10:00,32,90000001,91000001,190,428,536,765,825,930,955,945,940,890,832,764,596,546,542,492,371,325
1404.4.27,5,5:20:00,7,90000001,91000001,190,428,545,749,825,930,955,945,940,892,838,764,599,555,539,497,372,310
1404.4.27,4,7:30:00,60,90000001,91000001,190,429,545,745,825,930,955,945,940,890,840,758,604,559,525,497,372,320
1404.4.27,4,9:40:00,57,90000001,91000001,190,428,545,745,825,935,960,945,940,891,841,757,604,559,536,492,371,323
1404.4.27,4,11:50:00,13,90000001,91000001,190,426,547,749,825,935,960,950,945,892,841,758,606,562,537,491,372,322
1404.4.27,8,14:00:00,68,90000001,91000001,190,424,540,749,825,935,960,950,945,893,839,762,607,564,541,486,380,327
1404.4.27,8,16:10:00,72,90000001,91000001,190,423,539,754,825,935,960,950,945,885,836,759,609,568,542,488,365,326
1404.4.27,8,18:20:00,75,90000001,91000001,190,422,539,756,825,935,960,950,945,891,836,762,609,568,543,491,365,323
1404.4.27,8,20:30:00,51,90000001,91000001,190,419,537,764,825,935,960,950,945,893,838,768,609,568,544,493,367,310
1404.4.27,5,22:40:00,9,90000001,91000001,190,417,533,762,825,935,960,950,945,893,838,765,612,569,543,495,370,311
1404.4.28,5,0:50:00,10,90000001,91000001,190,419,533,759,825,935,960,950,945,893,838,769,611,569,544,496,369,314
1404.4.28,5,3:00:00,31,90000001,91000001,190,420,533,755,825,935,960,950,945,893,839,772,610,568,544,496,371,317
1404.4.28,5,5:10:00,39,90000001,91000001,190,419,538,755,825,935,960,950,945,894,839,774,609,569,545,498,374,320
1404.4.28,4,7:20:00,76,90000001,91000001,190,417,535,73,825,930,955,945,940,890,841,772,608,567,546,501,378,322
1404.4.28,4,9:30:00,65,90000001,91000001,190,418,536,739,825,930,955,945,940,893,840,766,609,568,545,503,380,327
1404.4.28,4,11:40:00,19,90000001,91000001,190,420,537,738,825,930,955,945,940,892,840,768,609,568,545,502,378,328
1404.4.28,4,13:50:00,8,90000001,91000001,190,420,547,740,825,930,955,945,940,893,840,767,609,569,546,503,377,328
1404.4.28,5,16:00:00,69,90000001,91000001,190,420,547,741,825,930,955,945,940,890,837,768,611,570,548,500,385,331
1404.4.28,5,18:10:00,29,90000001,91000001,190,423,549,739,825,930,955,945,940,888,834,763,612,574,548,500,384,334
1404.4.28,5,20:20:00,42,90000001,91000001,190,426,552,747,825,930,955,945,940,889,837,770,611,572,551,501,378,332
1404.4.28,8,22:30:00,77,90000001,91000001,190,429,555,750,825,930,955,945,940,891,837,772,610,570,550,503,381,335
1404.4.29,8,0:40:00,78,90000001,91000001,190,435,564,760,825,930,955,945,940,889,837,770,611,570,548,505,381,335
1404.4.29,8,2:50:00,11,90000001,91000001,190,439,564,760,825,930,955,945,940,890,837,769,609,570,544,505,384,334
1404.4.29,8,5:00:00,37,90000001,91000001,190,437,569,761,825,930,955,945,940,889,837,771,609,568,545,504,385,335
1404.4.29,4,7:10:00,15,90000001,91000001,190,439,568,758,825,930,955,945,940,889,837,772,609,568,545,503,383,335
1404.4.29,4,9:20:00,36,90000001,91000001,190,438,567,757,825,930,955,945,940,890,838,771,609,568,545,504,383,334
1404.4.29,4,11:30:00,41,90000001,91000001,190,439,565,758,825,930,955,945,940,890,838,771,609,568,545,504,383,333
1404.4.29,4,13:40:00,30,90000001,91000001,190,435,565,759,825,930,955,945,940,890,838,771,609,568,545,504,383,339
1404.4.29,5,15:50:00,52,90000001,91000001,190,428,546,760,825,930,955,945,940,887,838,764,610,571,548,503,390,338
1404.4.29,5,18:00:00,27,90000001,91000001,190,430,547,764,825,930,955,945,940,887,837,763,611,572,550,505,392,340
1404.4.29,5,20:10:00,20,90000001,91000001,190,428,545,772,825,930,955,945,940,888,837,771,612,571,5550,505,390,339
1404.4.29,8,22:20:00,49,90000001,91000001,190,427,544,772,825,930,955,945,940,889,837,772,612,572,550,505,390,340
1404.4.30,8,0:30:00,63,90000001,91000001,190,427,545,768,825,930,955,945,940,889,839,769,612,571,548,506,390,340
1404.4.30,8,2:40:00,61,90000001,91000001,190,425,544,764,825,930,955,945,940,890,839,769,612,573,547,506,389,341
1404.4.30,8,4:50:00,14,90000001,91000001,190,425,542,761,825,930,955,945,940,891,839,772,610,571,548,506,390,343
1404.4.30,4,7:00:00,46,90000001,91000001,190,426,543,762,825,930,955,945,940,890,838,770,611,572,549,505,388,340
1404.4.30,4,9:10:00,45,90000001,91000001,190,424,533,750,825,930,955,945,940,893,835,765,611,569,550,510,394,345
1404.4.30,4,11:20:00,58,90000001,91000001,190,422,534,750,825,930,955,945,940,893,835,765,611,571,551,509,394,344
1404.4.30,4,13:30:00,12,90000001,91000001,190,422,535,740,825,930,955,945,940,892,838,766,611,571,551,509,393,345
1404.4.30,5,15:40:00,22,90000001,91000001,190,423,524,747,825,930,955,945,940,890,843,763,612,573,551,506,398,345
1404.4.30,5,17:50:00,2,90000001,91000001,190,419,524,737,825,930,955,945,940,886,840,766,611,573,553,507,396,346
1404.4.30,5,20:00:00,5,90000001,91000001,190,423,527,743,825,930,955,945,940,889,839,764,610,570,552,507,395,346
1404.4.30,7,22:10:00,23,90000001,91000001,190,424,535,747,825,930,955,945,940,891,839,765,611,571,552,507,396,346
1404.4.31,7,0:20:00,55,90000001,91000001,190,426,535,752,825,930,955,945,940,894,839,768,611,570,550,507,395,345
1404.4.31,7,2:30:00,16,90000001,91000001,190,423,539,748,825,930,955,945,940,890,839,774,610,571,550,509,394,346
1404.4.31,7,4:40:00,71,90000001,91000001,190,420,538,745,825,930,955,945,940,890,839,773,611,571,547,509,393,346
1404.4.31,4,6:50:00,59,90000001,91000001,190,421,533,739,825,930,955,945,940,891,839,772,611,571,546,509,394,349
1404.4.31,4,9:00:00,40,90000001,91000001,190,420,533,738,825,930,955,945,940,891,838,771,611,571,546,509,393,347
1404.4.31,4,11:10:00,3,90000001,91000001,190,421,535,737,825,930,955,945,940,891,837,772,610,571,546,508,393,347
1404.4.31,4,13:20:00,67,90000001,91000001,190,416,533,733,825,930,955,945,940,891,837,771,610,571,546,507,393,345
1404.4.31,5,15:30:00,79,90000001,91000001,190,412,522,732,825,930,955,945,940,891,843,763,612,571,553,508,397,346
1404.4.31,5,17:40:00,56,90000001,91000001,190,416,523,737,825,930,955,945,940,889,843,763,512,572,552,507,394,345
1404.4.31,5,19:50:00,80,90000001,91000001,190,418,531,741,825,930,955,945,940,888,840,768,612,572,553,508,395,343
1404.4.31,8,22:00:00,32,90000001,91000001,190,423,538,740,825,930,955,945,940,891,839,770,610,570,549,508,392,343
1404.5.1,8,0:10:00,4,90000001,91000001,190,424,538,741,825,930,955,945,940,890,840,768,610,571,548,508,393,343
1404.5.1,8,2:20:00,17,90000001,91000001,190,423,546,735,825,930,955,945,940,889,838,763,610,571,546,506,390,340
1404.5.1,8,4:30:00,24,90000001,91000001,190,424,545,732,825,930,955,945,940,890,383,761,610,570,545,506,391,341
1404.5.1,4,6:40:00,7,90000001,91000001,190,425,554,738,825,930,955,945,940,888,838,762,607,568,546,504,392,342
1404.5.1,4,8:50:00,47,90000001,91000001,190,429,555,738,825,930,955,945,940,888,837,761,606,567,545,503,391,342
1404.5.1,4,11:00:00,68,90000001,91000001,190,428,555,737,825,930,955,945,940,888,838,762,606,567,545,503,391,341
1404.5.1,4,13:10:00,72,90000001,91000001,190,428,555,749,825,930,955,945,940,888,837,761,606,566,545,503,391,341
1404.5.1,5,15:20:00,60,90000001,91000001,190,429,552,759,825,930,955,945,940,889,838,754,607,567,548,503,392,339
1404.5.1,5,17:30:00,57,90000001,91000001,190,430,552,758,825,930,955,945,40,889,837,757,608,566,548,504,392,340
1404.5.1,5,19:40:00,18,90000001,91000001,190,432,552,763,825,930,955,945,940,890,837,764,607,567,546,504,389,338
1404.5.1,5,21:50:00,75,90000001,91000001,190,430,554,766,825,930,955,945,940,890,838,768,605,566,547,505,388,337
1404.5.1,8,0:00:00,64,90000001,91000001,190,429,555,772,825,930,955,945,940,890,835,766,608,566,543,502,386,335
1404.5.2,8,2:10:00,39,90000001,91000001,190,431,555,764,825,930,955,945,940,893,838,767,607,566,543,502,387,336
1404.5.2,8,4:20:00,31,90000001,91000001,190,432,556,763,825,930,955,945,940,891,838,768,607,566,543,501,386,339
1404.5.2,4,6:30:00,51,90000001,91000001,190,430,554,767,825,930,955,945,940,890,837,767,606,565,545,502,385,338
1404.5.2,4,8:40:00,10,90000001,91000001,190,430,553,766,825,930,955,945,940,891,837,766,605,565,545,503,383,337
1404.5.2,4,10:50:00,8,90000001,91000001,190,430,561,765,825,930,955,945,940,891,838,766,607,566,545,503,383,337
1404.5.2,4,13:00:00,9,90000001,91000001,190,429,560,760,825,930,955,945,940,891,837,765,609,565,545,505,383,338
1404.5.2,5,15:10:00,69,90000001,91000001,190,429,546,763,825,930,955,945,940,890,837,757,609,570,546,503,390,337
1404.5.2,5,17:20:00,29,90000001,91000001,190,428,538,759,825,930,955,945,940,887,837,757,609,569,547,503,391,336
1404.5.2,5,19:30:00,42,90000001,91000001,190,424,537,758,825,930,955,945,940,882,838,767,608,569,548,503,390,338
1404.5.2,5,21:40:00,77,90000001,91000001,190,428,542,758,825,930,955,945,940,891,834,768,608,568,547,504,389,340
1404.5.2,8,23:50:00,78,90000001,91000001,190,424,540,761,825,930,955,945,940,893,835,768,608,567,544,505,387,340
1404.5.3,8,2:00:00,11,90000001,91000001,190,426,541,761,825,930,955,945,940,890,838,765,607,566,546,505,390,339
1404.5.3,8,4:10:00,37,90000001,91000001,190,424,544,758,825,930,955,945,940,891,839,768,607,566,543,505,388,343
1404.5.3,4,6:20:00,65,90000001,91000001,190,425,544,757,825,930,955,945,940,892,839,767,607,565,544,505,389,343
1404.5.3,4,8:30:00,70,90000001,91000001,190,424,545,747,825,930,955,945,940,891,839,766,607,564,545,503,388,342
1404.5.3,4,10:40:00,19,99999999,94000002,190,425,535,743,825,930,955,945,940,891,838,765,606,564,545,501,389,343
1404.5.3,4,12:50:00,13,99999999,94000002,190,424,538,740,825,930,955,945,940,892,836,761,606,567,545,502,390,341
1404.5.3,5,15:00:00,33,99999999,94000002,190,419,539,747,825,930,955,945,940,889,836,759,608,565,546,500,378,338
1404.5.3,5,17:10:00,38,99999999,94000002,190,422,542,751,825,930,955,945,940,890,836,761,607,565,546,500,380,336
1404.5.3,5,19:20:00,1,99999999,94000002,190,430,547,756,825,930,955,945,940,890,837,769,607,565,546,500,384,334
1404.5.3,5,21:30:00,43,99999999,94000002,190,430,556,754,825,930,955,945,940,888,838,765,607,565,546,503,386,337
1404.5.3,8,23:40:00,28,99999999,94000002,190,430,555,755,825,930,955,945,940,889,838,767,607,565,546,502,385,336
1404.5.4,8,1:50:00,66,99999999,94000002,190,430,564,761,825,930,955,945,940,891,838,765,608,565,544,503,385,335
1404.5.4,8,4:00:00,21,99999999,94000002,190,432,563,760,825,930,955,945,940,891,838,768,609,566,543,506,384,335
1404.5.4,4,6:10:00,6,99999999,94000002,190,431,562,762,825,930,955,945,940,891,838,766,609,565,544,504,383,335
1404.5.4,4,8:20:00,76,90000001,91000001,190,438,556,757,825,930,955,945,940,894,835,764,608,568,543,502,388,335
1404.5.4,4,10:30:00,71,90000001,91000001,190,438,555,752,825,930,955,945,940,893,835,766,607,567,544,502,387,335
1404.5.4,4,12:40:00,14,90000001,91000001,190,437,558,752,825,930,955,945,940,887,833,762,609,566,545,502,389,335
1404.5.4,8,14:50:00,16,90000001,91000001,190,436,559,764,825,930,955,945,940,888,836,759,609,565,546,503,384,338
1404.5.4,8,17:00:00,55,90000001,91000001,190,435,561,762,825,930,955,945,940,888,835,756,608,570,547,503,390,339
1404.5.4,8,19:10:00,23,90000001,91000001,190,438,562,760,825,930,955,945,940,888,836,763,609,568,547,502,389,337
1404.5.4,8,21:20:00,3,90000001,91000001,190,441,564,766,825,930,955,945,940,890,837,764,608,568,547,502,387,337
1404.5.4,5,23:30:00,26,90000001,91000001,190,446,569,763,825,930,955,945,940,892,835,765,608,567,545,502,387,337
1404.5.5,5,1:40:00,73,90000001,91000001,190,445,572,766,825,930,955,945,940,890,836,765,606,566,545,504,387,339
1404.5.5,5,3:50:00,53,90000001,91000001,190,447,578,767,825,930,955,945,940,891,836,765,606,566,543,502,381,340
1404.5.5,4,6:00:00,34,90000001,91000001,190,446,577,766,825,930,955,945,940,891,836,766,606,565,543,502,381,341
1404.5.5,4,8:10:00,67,90000001,91000001,190,445,575,765,825,930,955,945,940,891,837,765,607,565,544,503,383,342
1404.5.5,4,10:20:00,40,90000001,91000001,190,444,574,764,825,930,955,945,940,891,837,766,606,565,544,504,385,341
1404.5.5,4,12:30:00,5,90000001,91000001,190,440,571,760,825,930,955,945,940,890,837,765,606,566,545,503,384,342
1404.5.5,8,14:40:00,59,90000001,91000001,190,439,541,760,825,930,955,945,940,886,836,760,606,566,545,501,384,338
1404.5.5,8,16:50:00,80,90000001,91000001,190,438,544,760,825,930,955,945,940,887,837,757,606,567,545,500,383,337
1404.5.5,8,19:00:00,4,90000001,91000001,190,432,550,768,825,930,955,945,940,888,837,764,605,565,545,500,388,336
1404.5.5,8,21:10:00,17,90000001,91000001,190,439,554,770,825,930,955,945,940,891,838,765,604,565,543,503,386,338
1404.5.5,5,23:20:00,24,90000001,91000001,190,441,561,763,825,930,955,945,940,892,837,765,603,564,540,503,387,339
1404.5.6,5,1:30:00,79,90000001,91000001,190,440,562,758,825,930,955,945,940,890,838,767,604,563,541,500,388,338
1404.5.6,5,3:40:00,56,90000001,91000001,190,438,561,753,825,930,955,945,940,890,836,766,604,563,537,497,385,337
1404.5.6,5,5:50:00,32,90000001,91000001,190,436,566,755,825,930,955,945,940,892,837,765,603,563,537,496,384,337
1404.5.6,4,8:00:00,7,90000001,91000001,190,438,561,753,825,930,955,945,940,891,838,766,605,563,537,496,383,338
1404.5.6,4,10:10:00,47,90000001,91000001,190,437,561,753,825,930,955,945,940,891,839,765,605,563,538,497,383,37
1404.5.6,4,12:20:00,72,90000001,91000001,190,439,561,753,825,930,955,945,940,891,839,765,605,564,538,496,383,338
1404.5.6,8,14:30:00,60,90000001,91000001,190,443,545,755,825,930,955,945,940,888,839,760,605,565,538,496,384,337
1404.5.6,8,16:40:00,68,90000001,91000001,190,444,544,759,825,930,955,945,940,887,843,758,605,565,543,495,381,332
1404.5.6,8,18:50:00,18,90000001,91000001,190,444,555,769,825,930,955,945,940,891,841,764,606,565,544,497,382,330
1404.5.6,8,21:00:00,75,90000001,91000001,190,441,562,770,825,930,955,945,940,890,837,763,607,566,543,498,383,331
1404.5.6,5,23:10:00,64,90000001,91000001,190,439,563,565,825,930,955,945,940,892,838,768,609,567,541,497,380,332
1404.5.7,5,1:20:00,48,99999999,94000002,190,440,560,563,825,930,955,945,940,891,838,767,608,565,542,499,382,330
1404.5.7,5,3:30:00,63,90000001,91000001,190,437,555,560,825,930,955,945,940,890,837,766,606,563,540,498,380,332
1404.5.7,5,5:40:00,31,90000001,91000001,190,434,552,760,825,930,955,945,940,890,837,765,606,564,539,496,379,330
1404.5.7,4,7:50:00,39,90000001,91000001,190,435,551,761,825,930,955,945,940,891,837,765,606,564,539,501,378,331
1404.5.7,4,10:00:00,57,90000001,91000001,190,439,546,760,825,930,955,945,940,897,839,755,609,568,542,500,380,330
1404.5.7,4,12:10:00,51,90000001,91000001,190,435,545,755,825,930,955,945,940,898,841,755,606,567,541,500,381,331
1404.5.7,5,14:20:00,10,90000001,91000001,190,436,548,753,825,930,955,945,940,885,844,756,607,568,548,498,382,332
1404.5.7,5,16:30:00,8,90000001,91000001,190,432,548,750,825,930,955,945,940,887,842,758,607,566,549,499,384,330
1404.5.7,5,18:40:00,9,90000001,91000001,190,434,551,763,825,930,955,945,940,890,841,762,609,566,546,500,382,331
1404.5.7,5,20:50:00,65,90000001,91000001,190,434,558,760,825,930,955,945,940,889,840,762,609,569,545,501,382,331
1404.5.7,5,23:00:00,69,90000001,91000001,190,433,555,758,825,930,955,945,940,888,839,762,608,569,546,500,383,332
1404.5.8,5,1:10:00,37,90000001,91000001,190,434,553,756,825,930,955,945,940,890,840,760,607,567,547,500,381,330
1404.5.8,5,3:20:00,11,90000001,91000001,190,430,556,765,825,930,955,945,940,892,840,767,606,566,543,502,382,337
1404.5.8,5,5:30:00,78,90000001,91000001,190,429,548,758,825,930,955,945,940,892,838,770,608,566,542,502,380,335
1404.5.8,4,7:40:00,77,90000001,91000001,190,428,547,757,825,930,955,945,940,891,838,771,607,566,543,502,381,333
1404.5.8,4,9:50:00,42,90000001,91000001,190,427,546,758,825,930,955,945,940,891,838,772,609,565,544,500,381,333
1404.5.8,4,12:00:00,19,90000001,91000001,190,428,545,759,825,930,955,945,940,890,838,761,609,565,546,500,384,333
1404.5.8,4,14:10:00,29,90000001,91000001,190,429,544,757,825,930,955,945,940,891,838,763,609,569,546,498,383,333
1404.5.8,4,16:20:00,13,90000001,91000001,190,424,542,759,825,930,955,945,940,889,835,761,607,568,547,498,377,330
1404.5.8,4,18:30:00,6,90000001,91000001,190,424,542,756,825,930,955,945,940,893,834,760,608,567,546,499,368,330
1404.5.8,4,20:40:00,21,90000001,91000001,190,424,550,764,825,930,955,945,940,893,835,761,608,567,547,499,368,331
1404.5.8,5,22:50:00,66,90000001,91000001,190,423,549,758,825,930,955,945,940,887,835,763,606,565,544,500,376,318
1404.5.9,5,1:00:00,28,90000001,91000001,190,422,545,755,825,930,955,945,940,890,832,767,605,565,545,501,377,321
1404.5.9,5,3:10:00,76,90000001,91000001,190,420,547,756,825,930,955,945,940,889,834,765,606,565,544,500,377,320
1404.5.9,5,5:20:00,71,90000001,91000001,190,422,544,754,825,930,955,945,940,791,835,761,606,564,541,501,375,324
1404.5.9,4,7:30:00,14,90000001,91000001,190,422,540,755,825,930,955,945,940,891,835,761,605,564,542,501,377,323
1404.5.9,4,9:40:00,1,90000001,91000001,190,423,530,755,825,930,955,945,940,891,833,763,606,568,544,501,380,329
1404.5.9,4,11:50:00,16,90000001,91000001,190,420,531,750,825,930,955,945,940,891,834,763,605,568,545,501,381,329
1404.5.9,8,14:00:00,38,90000001,91000001,190,420,526,745,825,930,955,945,940,892,834,760,606,564,546,501,382,328
1404.5.9,8,16:10:00,55,90000001,91000001,190,418,525,751,825,930,955,945,940,888,835,761,607,566,546,501,383,330
1404.5.9,8,18:20:00,23,90000001,91000001,190,415,527,743,825,930,955,945,940,889,836,763,608,567,544,501,385,331
1404.5.9,8,20:30:00,43,90000001,91000001,190,416,530,745,825,930,955,945,940,890,836,766,608,566,545,500,384,329
1404.5.9,5,22:40:00,34,90000001,91000001,190,417,531,740,825,930,955,945,940,891,837,764,607,567,544,497,380,328
1404.5.10,5,0:50:00,73,90000001,91000001,190,419,529,742,825,930,955,945,940,890,836,765,606,566,546,500,382,330
1404.5.10,5,3:00:00,23,90000001,91000001,190,418,541,737,825,930,955,945,940,890,837,767,608,565,543,498,372,330
1404.5.10,5,5:10:00,26,90000001,91000001,190,415,548,737,825,930,955,945,940,891,837,771,606,566,541,499,375,326
1404.5.10,4,7:20:00,3,90000001,91000001,190,414,546,737,825,930,955,945,940,891,837,771,606,566,541,499,375,325
1404.5.10,4,9:30:00,40,90000001,91000001,190,422,547,731,825,930,955,945,940,891,836,772,606,567,542,499,374,325
1404.5.10,4,11:40:00,5,90000001,91000001,190,429,535,732,825,930,955,945,940,891,837,757,606,568,540,500,375,321
1404.5.10,4,13:50:00,59,90000001,91000001,190,429,542,738,825,930,955,945,940,890,839,761,606,567,542,495,376,323
1404.5.10,7,16:00:00,24,90000001,91000001,190,429,542,738,825,930,955,945,940,890,839,761,606,567,542,495,376,323
1404.5.10,7,18:10:00,79,90000001,91000001,190,424,546,743,825,930,955,945,940,892,839,762,607,566,544,496,379,323
1404.5.10,7,20:20:00,56,90000001,91000001,190,425,551,749,825,930,955,945,940,893,836,766,608,565,545,495,370,322
1404.5.10,5,22:30:00,32,90000001,91000001,190,424,556,746,825,930,955,945,940,890,837,768,607,566,543,496,371,321
1404.5.11,5,0:40:00,7,90000001,91000001,190,425,554,747,825,930,955,945,940,890,836,767,607,565,544,497,370,320
1404.5.11,5,2:50:00,72,90000001,91000001,190,423,555,745,825,930,955,945,940,889,836,770,606,564,543,495,372,322
1404.5.11,5,5:00:00,70,90000001,91000001,190,422,554,753,825,930,955,945,940,888,836,766,608,566,540,496,369,322
1404.5.11,4,7:10:00,60,90000001,91000001,190,426,550,757,825,930,955,945,940,889,836,765,608,566,538,496,369,319
1404.5.11,4,9:20:00,68,90000001,91000001,190,425,551,747,825,930,955,945,940,889,837,766,608,565,539,496,368,319
1404.5.11,4,11:30:00,48,90000001,91000001,190,426,550,746,825,930,955,945,940,890,837,765,607,565,539,495,369,320
1404.5.11,4,13:40:00,62,90000001,91000001,190,425,551,741,825,930,955,945,940,890,838,765,607,565,539,494,368,317
1404.5.11,5,15:50:00,31,90000001,91000001,190,427,555,748,825,930,955,945,940,888,838,761,606,565,541,494,370,319
1404.5.11,5,18:00:00,64,90000001,91000001,190,431,559,753,825,930,955,945,940,887,838,759,606,565,544,495,372,321
1404.5.11,5,20:10:00,75,90000001,91000001,190,432,565,748,825,930,955,945,940,887,837,762,606,566,544,493,370,316
1404.5.11,8,22:20:00,18,90000001,91000001,190,437,567,745,825,930,955,945,940,890,836,765,604,565,542,493,370,315
1404.5.12,8,0:30:00,39,90000001,91000001,190,440,567,751,825,930,955,945,940,889,836,766,604,564,540,491,367,316
1404.5.12,8,2:40:00,57,90000001,91000001,190,444,571,752,825,930,955,945,940,889,836,768,605,566,540,491,367,317
1404.5.12,8,4:50:00,54,90000001,91000001,190,445,576,758,825,930,955,945,940,888,835,766,605,565,539,490,365,314
1404.5.12,8,7:00:00,51,90000001,91000001,190,445,581,752,825,930,955,945,940,888,836,756,604,566,538,490,364,314
1404.5.12,8,9:10:00,47,90000001,91000001,190,445,576,754,825,930,955,945,940,887,835,753,605,564,537,488,363,312
1404.5.12,8,11:20:00,8,90000001,91000001,190,443,576,751,825,930,955,945,940,891,835,756,604,567,540,489,365,312
1404.5.12,8,13:30:00,10,90000001,91000001,190,439,578,753,825,930,955,945,940,890,837,758,602,564,541,488,366,311
1404.5.12,5,15:40:00,17,90000001,91000001,190,441,574,754,825,930,955,945,940,888,840,757,604,561,542,488,365,309
1404.5.12,5,17:50:00,9,90000001,91000001,190,440,568,758,825,930,955,945,940,889,842,759,604,564,540,488,365,309
1404.5.12,5,20:00:00,69,90000001,91000001,190,440,569,756,825,930,955,9456,940,888,841,758,604,563,541,490,365,307
1404.5.12,8,22:10:00,37,90000001,91000001,190,442,571,777,825,930,955,945,940,890,836,769,605,565,538,485,364,310
1404.5.13,8,0:20:00,11,90000001,91000001,190,443,575,773,825,930,955,945,940,889,837,772,605,564,538,483,360,306
1404.5.13,8,2:30:00,78,90000001,91000001,190,447,578,782,825,930,955,945,940,890,835,765,604,562,534,481,357,304
1404.5.13,8,4:40:00,4,90000001,91000001,190,442,578,771,825,930,955,945,940,890,837,768,606,564,537,484,356,301
1404.5.13,5,6:50:00,65,90000001,91000001,190,440,575,759,825,930,955,945,940,889,837,759,606,564,536,483,357,302
1404.5.13,5,9:00:00,35,90000001,91000001,190,438,568,757,825,930,955,945,940,889,837,760,605,565,536,483,356,304
1404.5.13,5,11:10:00,80,90000001,91000001,190,438,564,754,825,930,955,945,940,897,837,755,607,565,540,483,356,302
1404.5.13,5,13:20:00,67,90000001,91000001,190,438,558,756,825,930,955,945,940,890,842,758,606,567,540,484,356,301
1404.5.13,5,15:30:00,33,90000001,91000001,190,437,560,757,825,930,955,945,940,888,837,757,605,566,544,484,358,302
1404.5.13,5,17:40:00,77,90000001,91000001,190,440,560,761,825,930,955,945,940,890,838,761,605,565,544,485,357,300
1404.5.13,5,19:50:00,76,90000001,91000001,190,440,564,764,825,930,955,945,940,890,842,765,605,563,543,484,360,300
1404.5.13,8,22:00:00,74,90000001,91000001,190,437,574,763,825,930,955,945,940,894,840,758,607,564,541,486,360,302
1404.5.14,8,0:10:00,25,90000001,91000001,190,440,575,764,825,930,955,945,940,892,840,765,607,567,540,486,358,300
1404.5.14,8,2:20:00,44,90000001,91000001,190,439,574,764,825,930,955,945,940,893,841,763,608,565,541,487,360,301
1404.5.14,8,4:30:00,50,90000001,91000001,190,434,567,760,825,930,955,945,940,889,840,765,607,565,542,487,360,307
1404.5.14,4,6:40:00,15,90000001,91000001,190,434,568,760,825,930,955,945,940,892,840,765,608,564,542,490,361,307
1404.5.14,4,8:50:00,36,90000001,91000001,190,435,567,761,825,930,955,945,940,893,840,765,608,564,542,490,361,306
1404.5.14,4,11:00:00,71,90000001,91000001,190,437,549,755,825,930,955,945,940,890,840,758,608,565,540,490,361,307
1404.5.14,4,13:10:00,41,90000001,91000001,190,437,548,754,825,930,955,945,940,891,840,757,607,565,541,491,362,306
1404.5.14,5,15:20:00,42,90000001,91000001,190,429,547,755,825,930,952,938,938,885,839,757,608,567,541,486,365,306
1404.5.14,5,17:30:00,14,90000001,91000001,190,429,550,754,825,930,955,940,940,887,840,760,607,567,544,487,366,309
1404.5.14,5,19:40:00,23,90000001,91000001,190,429,554,754,825,930,955,943,940,886,840,763,608,567,543,487,355,308
1404.5.14,5,21:50:00,26,90000001,91000001,190,430,555,756,825,930,955,944,940,888,837,772,607,566,543,490,365,308
1404.5.14,5,0:00:00,55,90000001,91000001,190,432,558,758,825,930,955,945,940,889,836,771,607,565,540,487,365,310
1404.5.15,5,2:10:00,3,90000001,91000001,190,439,567,756,825,930,955,945,940,8981,838,769,608,565,539,483,362,309
1404.5.15,5,4:20:00,16,90000001,91000001,190,435,565,755,825,930,955,945,940,890,837,770,608,565,538,484,460,307
1404.5.15,4,6:30:00,30,90000001,91000001,190,435,560,755,825,935,959,945,940,891,837,771,608,565,539,485,361,308
1404.5.15,4,8:40:00,59,90000001,91000001,190,439,561,750,825,935,960,950,940,894,837,771,608,565,539,488,361,307
1404.5.15,4,10:50:00,40,90000001,91000001,190,441,563,747,825,935,960,950,940,891,838,760,607,566,542,487,360,307
1404.5.15,4,13:00:00,24,90000001,91000001,190,442,562,746,825,935,960,950,945,891,840,761,606,566,542,487,361,308
1404.5.15,5,15:10:00,79,90000001,91000001,190,441,763,750,825,935,960,950,945,890,841,761,606,565,543,487,361,307
1404.5.15,5,17:20:00,70,90000001,91000001,190,440,565,754,825,935,960,950,945,890,843,760,607,565,544,488,361,307
1404.5.15,5,19:30:00,72,90000001,91000001,190,441,561,756,825,935,960,950,945,889,838,766,606,566,544,488,363,301
1404.5.15,5,21:40:00,68,90000001,91000001,190,444,563,766,825,935,960,950,945,890,837,766,607,566,543,488,362,307
1404.5.15,8,23:50:00,52,90000001,91000001,190,443,570,768,825,935,960,950,945,889,838,765,607,565,542,490,362,308
1404.5.16,8,2:00:00,27,90000001,91000001,190,443,571,771,825,935,960,950,945,889,836,765,610,567,541,493,365,312
1404.5.16,8,4:10:00,20,90000001,91000001,190,445,573,773,825,935,960,950,945,891,836,768,607,568,538,491,361,311
1404.5.16,5,6:20:00,49,90000001,91000001,190,444,571,766,825,930,955,945,945,893,836,762,606,565,538,490,365,308
1404.5.16,5,8:30:00,60,90000001,91000001,190,441,559,752,825,930,955,945,940,891,838,755,608,566,541,490,366,309
1404.5.16,5,10:40:00,48,90000001,91000001,190,442,561,754,825,930,955,945,940,892,837,757,607,566,540,490,366,311
1404.5.16,5,12:50:00,31,90000001,91000001,190,440,553,752,825,930,955,945,940,891,838,758,606,567,541,491,365,310
1404.5.16,4,15:00:00,75,90000001,91000001,190,432,555,754,825,930,955,945,940,890,842,757,607,565,541,490,365,315
1404.5.16,4,17:10:00,63,90000001,91000001,190,433,555,755,825,930,955,945,940,891,841,756,608,565,541,491,366,314
1404.5.16,4,19:20:00,64,90000001,91000001,190,434,556,759,825,930,955,945,940,891,841,755,608,565,541,492,365,314
1404.5.16,4,21:30:00,18,90000001,91000001,190,434,556,758,825,930,955,945,940,861,841,756,608,565,541,491,366,313
1404.5.16,8,23:40:00,62,90000001,91000001,190,437,563,759,825,930,955,945,940,890,842,768,607,566,541,488,371,317
1404.5.17,8,1:50:00,54,90000001,91000001,190,434,564,763,825,930,955,945,940,891,838,771,609,567,541,489,371,318
1404.5.17,8,4:00:00,57,90000001,91000001,190,430,566,761,825,930,955,945,940,890,837,771,604,567,540,490,365,319
1404.5.17,4,6:10:00,39,90000001,91000001,190,430,566,761,825,930,955,945,940,891,836,771,605,567,541,490,365,318
1404.5.17,4,8:20:00,47,90000001,91000001,190,430,560,761,825,930,955,945,940,891,835,768,605,565,541,490,364,317
1404.5.17,4,10:30:00,61,90000001,91000001,190,430,550,760,825,930,955,945,940,890,835,761,604,564,541,490,364,317
1404.5.17,4,12:40:00,46,90000001,91000001,190,432,551,756,825,930,955,945,940,891,839,765,604,564,541,490,364,316
1404.5.17,5,14:50:00,44,90000001,91000001,190,432,552,757,825,930,955,945,940,890,840,763,604,564,540,490,365,315
1404.5.17,5,17:00:00,58,90000001,91000001,190,432,553,757,825,930,955,945,940,890,842,760,604,563,540,490,367,314
1404.5.17,5,19:10:00,12,90000001,91000001,190,431,561,766,825,930,955,945,940,891,838,767,607,564,541,491,366,313
1404.5.17,5,21:20:00,22,90000001,91000001,190,430,570,768,825,930,955,945,940,890,837,768,605,566,543,489,363,310
1404.5.17,8,23:30:00,2,90000001,91000001,190,430,565,761,825,930,955,945,940,890,837,767,606,564,541,489,367,310
1404.5.18,8,1:40:00,19,90000001,91000001,190,430,567,765,825,930,955,945,940,891,837,760,604,564,538,488,359,305
1404.5.18,8,3:50:00,29,90000001,91000001,190,428,566,763,825,930,955,945,940,887,837,764,605,564,537,491,357,312
1404.5.18,4,6:00:00,13,90000001,91000001,190,428,561,764,825,930,955,945,940,888,837,765,605,564,538,490,361,311
1404.5.18,4,8:10:00,10,90000001,91000001,190,429,560,765,825,930,955,945,940,888,836,763,605,565,539,490,365,313
1404.5.18,4,10:20:00,17,90000001,91000001,190,427,561,764,825,930,955,945,940,889,836,764,606,565,539,490,366,311
1404.5.18,4,12:30:00,4,90000001,91000001,190,428,561,764,825,930,955,945,940,890,837,764,606,565,539,491,365,310
1404.5.18,8,14:40:00,65,90000001,91000001,190,429,561,761,825,930,955,945,940,890,840,760,604,565,542,490,366,311
1404.5.18,8,16:50:00,51,90000001,91000001,190,431,563,761,825,930,955,945,940,891,839,764,603,564,544,491,373,312
1404.5.18,8,19:00:00,67,90000001,91000001,190,435,565,758,825,930,955,945,940,890,837,764,604,562,543,491,370,313
1404.5.18,8,21:10:00,77,90000001,91000001,190,437,571,761,825,930,955,945,940,890,836,767,604,564,541,492,370,314
1404.5.18,5,23:20:00,76,90000001,91000001,190,440,573,760,825,930,955,945,940,888,837,764,604,564,539,492,370,314
1404.5.19,5,1:30:00,33,90000001,91000001,190,445,579,765,825,930,955,945,940,888,837,762,603,563,539,487,365,309
1404.5.19,5,3:40:00,71,90000001,91000001,190,448,581,766,825,930,955,945,940,891,835,764,603,562,538,489,366,311
1404.5.19,5,5:50:00,6,90000001,91000001,190,448,581,766,825,930,955,945,940,891,835,764,603,562,538,489,366,311
1404.5.19,4,8:00:00,80,90000001,91000001,190,447,577,765,825,930,955,945,940,890,836,765,605,562,538,490,365,312
1404.5.19,4,10:10:00,36,90000001,91000001,190,446,575,765,825,930,955,945,940,890,835,765,602,561,539,490,365,311
1404.5.19,4,12:20:00,42,90000001,91000001,190,444,574,764,825,930,955,945,940,890,835,766,602,563,539,490,366,320
1404.5.19,8,14:30:00,16,90000001,91000001,190,443,577,767,825,930,955,945,940,890,835,759,600,560,540,488,369,317
1404.5.19,8,16:40:00,41,90000001,91000001,190,442,573,770,825,930,955,945,940,890,835,756,600,560,538,488,367,314
1404.5.19,8,18:50:00,3,90000001,91000001,190,443,572,771,825,930,955,945,940,891,836,756,600,559,537,488,364,313
1404.5.19,8,21:00:00,15,90000001,91000001,190,443,566,773,825,930,955,945,940,890,838,763,601,559,536,487,365,312
1404.5.19,5,23:10:00,59,90000001,91000001,190,439,571,772,825,930,955,955,940,892,835,766,602,560,533,484,363,309
1404.5.20,5,1:20:00,50,90000001,91000001,190,435,572,772,825,930,955,945,940,892,838,766,602,561,533,482,362,310
1404.5.20,5,3:30:00,30,90000001,91000001,190,435,572,771,825,930,955,945,940,892,838,763,603,560,533,482,361,312
1404.5.20,5,5:40:00,40,90000001,91000001,190,439,566,769,825,930,955,945,940,891,836,765,603,563,534,484,360,312
1404.5.20,4,7:50:00,24,90000001,91000001,190,438,564,763,825,930,955,945,940,893,838,764,601,562,536,487,358,313
1404.5.20,4,10:00:00,44,90000001,91000001,190,437,565,763,825,930,955,945,940,894,837,763,602,563,537,488,357,314
1404.5.20,4,12:10:00,25,90000001,91000001,190,435,565,765,825,930,955,945,940,891,839,765,603,563,538,488,356,313
1404.5.20,8,14:20:00,74,90000001,91000001,190,433,560,764,825,930,955,945,940,888,837,762,602,563,540,487,365,307
1404.5.20,8,16:30:00,68,90000001,91000001,190,431,562,766,825,930,955,945,940,888,836,763,603,562,540,487,365,307
1404.5.20,8,18:40:00,35,90000001,91000001,190,426,558,765,825,930,955,945,940,888,826,764,604,564,540,488,365,308
1404.5.20,8,20:50:00,20,90000001,91000001,190,427,558,766,825,930,955,945,940,890,837,770,604,564,538,488,364,309
1404.5.20,5,23:00:00,27,90000001,91000001,190,428,562,765,925,930,955,945,940,892,837,767,605,564,538,489,364,312
1404.5.21,5,1:10:00,52,90000001,91000001,190,429,563,765,825,930,955,945,940,892,837,768,605,563,538,488,364,311
1404.5.21,5,3:20:00,49,90000001,91000001,190,426,563,764,825,930,955,945,940,892,837,767,604,563,537,489,362,311
1404.5.21,5,5:30:00,60,90000001,91000001,190,424,563,763,825,930,955,945,940,892,837,766,604,564,536,489,360,311
1404.5.21,4,7:40:00,78,90000001,91000001,190,425,560,759,825,930,955,945,940,890,837,765,604,563,537,488,361,312
1404.5.21,4,9:50:00,11,90000001,91000001,190,427,551,760,825,930,955,945,940,889,836,766,605,564,538,489,362,313
1404.5.21,4,12:00:00,37,90000001,91000001,190,428,547,755,825,930,955,945,940,891,837,765,605,565,538,490,361,313
1404.5.21,4,14:10:00,75,90000001,91000001,190,429,546,754,825,930,955,945,940,892,838,766,605,564,537,490,361,313
1404.5.21,4,16:20:00,62,90000001,91000001,190,424,553,758,825,930,955,945,940,892,838,765,608,566,541,490,364,313
1404.5.21,4,18:30:00,54,90000001,91000001,190,422,551,763,825,930,955,945,940,891,838,765,607,565,541,490,363,312
1404.5.21,4,20:40:00,57,90000001,91000001,190,422,551,761,825,930,955,945,940,891,838,766,605,566,541,490,363,311
1404.5.21,5,22:50:00,39,90000001,91000001,190,423,550,761,825,930,955,945,940,890,839,768,608,564,540,489,359,309
1404.5.22,5,1:00:00,69,90000001,91000001,190,421,546,757,825,930,955,945,940,891,837,769,608,566,539,488,360,307
1404.5.22,5,3:10:00,18,90000001,91000001,190,420,548,767,825,930,955,945,940,890,838,769,607,566,538,490,360,308
1404.5.22,5,5:20:00,64,90000001,91000001,190,418,547,764,825,930,955,945,940,893,839,769,608,567,540,490,360,310
1404.5.22,4,7:30:00,63,90000001,91000001,190,417,545,762,825,930,955,945,940,892,840,768,607,566,541,491,361,311
1404.5.22,4,9:40:00,47,90000001,91000001,190,418,542,760,825,930,955,945,940,892,839,764,606,564,539,490,361,309
1404.5.22,4,11:50:00,46,90000001,91000001,190,418,544,759,825,930,955,945,940,891,839,763,606,565,539,491,362,308
1404.5.22,4,14:00:00,61,90000001,91000001,190,417,545,760,825,930,955,945,940,891,840,763,606,765,539,490,361,307
1404.5.22,4,16:10:00,45,90000001,91000001,190,423,546,757,825,930,955,945,940,890,838,763,606,565,542,491,366,309
1404.5.22,4,18:20:00,13,90000001,91000001,190,422,545,756,825,930,955,945,940,891,838,763,606,565,541,491,365,308
1404.5.22,4,20:30:00,29,90000001,91000001,190,427,549,755,825,930,955,945,940,891,838,764,605,565,541,491,366,309
1404.5.22,5,22:40:00,19,90000001,91000001,190,424,563,756,825,930,955,945,940,886,837,768,606,563,538,490,360,310
1404.5.23,5,0:50:00,31,90000001,91000001,190,423,560,753,825,930,955,945,940,885,836,769,606,564,538,490,359,311
1404.5.23,5,3:00:00,48,90000001,91000001,190,429,556,755,825,930,955,945,940,890,835,767,605,566,537,487,356,306
1404.5.23,5,5:10:00,72,90000001,91000001,190,429,555,757,825,930,955,945,940,888,835,764,605,562,535,491,362,311
1404.5.23,4,7:20:00,51,90000001,91000001,190,427,557,756,825,930,955,945,940,889,836,765,606,563,536,490,359,310
1404.5.23,4,9:30:00,67,90000001,91000001,190,426,547,757,825,895,930,915,905,871,837,766,602,561,538,487,362,308
1404.5.23,4,11:40:00,77,90000001,91000001,190,422,545,759,825,930,955,930,937,881,836,762,60,561,537,490,361,311
1404.5.23,4,13:50:00,76,90000001,91000001,190,420,546,760,825,930,955,933,939,880,836,763,602,559,538,490,361,309
1404.5.23,8,16:00:00,33,90000001,91000001,190,418,545,756,825,930,955,938,940,886,835,765,603,559,538,487,363,308
1404.5.23,8,18:10:00,71,90000001,91000001,190,417,545,758,825,930,955,941,940,889,835,772,603,563,536,487,365,310
1404.5.23,8,20:20:00,80,90000001,91000001,190,419,546,761,825,930,955,943,940,891,837,763,606,563,536,487,362,313
1404.5.23,5,22:30:00,36,90000001,91000001,190,420,550,761,825,930,955,942,940,891,836,768,606,564,535,483,357,306
1404.5.24,5,0:40:00,42,90000001,91000001,190,420,555,759,825,930,955,942,940,890,836,770,605,563,535,483,354,304
1404.5.24,5,2:50:00,70,90000001,91000001,190,420,560,757,825,930,955,942,940,890,837,772,604,563,535,484,350,303
1404.5.24,5,5:00:00,79,90000001,91000001,190,418,559,753,825,930,955,942,940,890,835,771,603,560,534,485,351,303
1404.5.24,4,7:10:00,15,90000001,91000001,190,424,564,756,825,930,955,942,940,88,836,773,604,560,535,487,354,308
1404.5.24,4,9:20:00,55,90000001,91000001,190,424,565,755,825,930,955,942,940,889,835,774,604,561,535,486,355,305
1404.5.24,4,11:30:00,41,90000001,91000001,190,426,566,745,825,930,955,942,940,889,836,774,604,563,536,485,355,304
1404.5.24,4,13:40:00,3,90000001,91000001,190,426,565,746,825,930,955,942,940,889,836,774,605,563,537,485,356,304
1404.5.24,8,15:50:00,15,90000001,91000001,190,425,565,752,825,930,955,945,940,891,836,766,604,563,538,485,537,303
1404.5.24,8,18:00:00,50,90000001,91000001,190,430,568,753,825,930,955,945,940,891,835,764,601,564,536,485,353,302
1404.5.24,8,20:10:00,30,90000001,91000001,190,429,571,756,825,930,955,945,940,890,836,767,603,560,535,488,358,306
1404.5.24,5,22:20:00,44,90000001,91000001,190,429,576,761,825,930,955,945,940,889,834,766,604,562,535,485,355,303
1404.5.25,5,0:30:00,25,90000001,91000001,190,433,571,759,825,930,955,945,940,891,837,769,602,562,533,485,354,302
1404.5.25,5,2:40:00,74,90000001,91000001,190,432,578,761,825,930,955,945,940,891,837,765,602,560,533,486,355,303
1404.5.25,5,4:50:00,68,90000001,91000001,190,434,579,764,825,930,955,945,940,890,836,767,601,559,534,485,354,303
1404.5.25,4,7:00:00,35,90000001,91000001,190,435,576,763,825,930,955,945,940,891,838,766,602,558,534,486,355,303
1404.5.25,4,9:10:00,20,90000001,91000001,190,436,578,765,825,930,955,945,940,891,838,765,602,557,534,485,355,303
1404.5.25,4,11:20:00,27,90000001,91000001,190,437,577,764,825,930,955,945,940,891,838,765,603,557,534,485,354,302
1404.5.25,4,13:30:00,52,90000001,91000001,190,437,575,765,825,930,955,945,940,890,838,766,603,561,535,485,355,304
1404.5.25,5,15:40:00,49,90000001,91000001,190,439,573,771,825,930,955,945,940,888,838,764,605,562,536,484,357,304
1404.5.25,5,17:50:00,10,90000001,91000001,190,440,584,773,825,930,955,945,940,888,837,763,607,562,536,484,355,304
1404.5.25,5,20:00:00,4,90000001,91000001,190,441,586,771,825,930,955,945,940,890,837,768,607,564,536,486,358,304
1404.5.25,8,22:10:00,17,90000001,91000001,190,440,586,773,825,930,955,945,940,888,838,767,606,565,536,486,355,303
1404.05.26,8,0:20:00,60,90000001,91000001,190,444,586,773,825,930,955,945,940,886,835,766,605,562,535,484,355,303
1404.05.26,8,2:30:00,78,90000001,91000001,190,442,585,772,825,930,955,945,940,887,837,767,607,563,537,486,356,302
1404.05.26,8,4:40:00,11,90000001,91000001,190,447,589,769,825,930,955,945,940,889,836,765,604,561,535,485,356,306
1404.05.26,4,6:50:00,26,90000001,91000001,190,446,588,768,825,930,955,945,940,888,836,766,604,562,535,484,355,307
1404.05.26,4,9:00:00,24,90000001,91000001,190,448,586,769,825,930,955,945,940,889,837,770,604,563,535,485,355,303
1404.05.26,4,11:10:00,40,90000001,91000001,190,447,585,768,825,930,955,945,940,890,838,771,604,563,535,483,355,302
1404.05.26,4,13:20:00,59,90000001,91000001,190,446,584,767,825,930,955,945,940,890,836,770,605,563,535,483,355,301
1404.05.26,4,15:30:00,6,90000001,91000001,190,440,576,776,825,930,955,945,940,889,831,763,604,562,533,482,353,300
1404.05.26,4,17:40:00,69,90000001,91000001,190,441,575,775,825,930,955,945,940,890,832,763,604,561,533,481,353,301
1404.05.26,4,19:50:00,18,90000001,91000001,190,442,574,778,825,930,955,945,940,891,835,764,604,561,535,481,354,302
1404.05.26,8,22:00:00,75,90000001,91000001,190,444,578,778,825,930,955,945,940,888,837,768,604,563,534,482,354,305
1404.05.27,8,0:10:00,64,90000001,91000001,190,443,578,776,825,930,955,945,940,890,837,766,601,563,533,485,354,307
1404.05.27,8,2:20:00,65,90000001,91000001,190,442,578,775,825,930,955,945,940,888,837,768,604,557,535,486,352,305
1404.05.27,8,4:30:00,39,90000001,91000001,190,440,582,778,825,930,955,945,940,890,835,770,603,563,534,483,352,304
1404.05.27,4,6:40:00,57,90000001,91000001,190,441,581,778,825,930,955,945,940,891,835,770,604,563,535,483,351,304
1404.05.27,4,8:50:00,54,90000001,91000001,190,432,569,765,825,930,955,945,940,888,835,762,604,562,534,485,356,304
1404.05.27,4,11:00:00,62,90000001,91000001,190,432,568,766,825,930,955,945,940,889,836,761,604,562,535,484,355,304
1404.05.27,4,13:10:00,2,90000001,91000001,190,432,567,765,825,930,955,945,940,888,837,761,604,561,535,483,354,304
1404.05.27,5,15:20:00,45,90000001,91000001,190,432,553,759,825,930,955,945,940,888,833,760,604,561,534,484,350,302
1404.05.27,5,17:30:00,13,90000001,91000001,190,436,559,762,825,930,955,945,940,890,835,763,606,563,535,483,352,304
1404.05.27,5,19:40:00,29,90000001,91000001,190,440,562,773,825,930,955,945,940,894,837,767,606,563,535,483,357,305
1404.05.27,5,21:50:00,19,90000001,91000001,190,438,569,768,825,930,955,945,940,892,836,772,605,564,534,484,357,301
140405.27,8,0:00:00,61,90000001,91000001,190,437,567,769,825,930,955,945,940,893,837,770,605,563,535,482,335,303
1404.5.28,8,2:10:00,22,90000001,91000001,190,431,565,763,825,930,955,945,940,891,838,774,605,560,535,485,356,306
1404.5.28,8,4:20:00,72,90000001,91000001,190,428,568,763,825,930,955,945,940,892,838,774,606,563,535,486,355,305
1404.5.28,4,6:30:00,48,90000001,91000001,190,426,567,763,825,930,955,945,940,891,836,774,606,565,535,485,355,305
1404.5.28,4,8:40:00,51,90000001,91000001,190,427,553,755,825,930,955,945,940,891,836,765,608,565,534,484,357,307
1404.5.28,4,10:50:00,71,90000001,91000001,190,428,554,755,825,930,955,945,940,891,836,765,607,565,535,484,356,306
1404.5.28,4,13:00:00,77,90000001,91000001,190,427,555,754,825,930,955,945,940,890,837,766,607,565,535,483,355,306
1404.5.28,5,15:10:00,76,90000001,91000001,190,423,548,758,825,930,955,945,940,888,838,755,606,565,539,482,349,300
1404.5.28,5,17:20:00,42,90000001,91000001,190,430,552,764,825,930,955,945,940,888,835,763,605,564,538,481,353,298
1404.5.28,5,19:30:00,67,90000001,91000001,190,432,556,763,825,930,955,945,940,888,836,768,606,564,539,482,352,301
1404.5.28,5,21:40:00,79,90000001,91000001,190,431,551,7761,825,930,955,945,940,888,837,769,605,565,539,482,351,300
1404.5.28,8,23:50:00,70,90000001,91000001,190,430,561,758,825,930,955,945,940,888,837,773,607,564,538,488,353,306
1404.5.29,8,2:00:00,16,90000001,91000001,190,433,565,756,825,930,955,945,940,890,837,772,606,565,536,485,353,300
1404.5.29,8,4:10:00,46,90000001,91000001,190,431,565,860,825,930,955,945,940,8790,837,773,606,565,536,484,352,302
1404.5.29,4,6:20:00,47,90000001,91000001,190,430,565,761,825,930,955,945,940,890,837,774,606,565,537,485,351,302
1404.5.29,4,8:30:00,63,90000001,91000001,190,431,566,762,825,930,955,945,940,891,839,775,608,565,538,486,352,304
1404.5.29,4,10:40:00,37,90000001,91000001,190,431,565,761,825,930,955,945,940,891,839,774,607,565,538,487,351,303
1404.5.29,4,12:50:00,23,90000001,91000001,190,431,565,760,825,930,955,945,940,891,839,773,606,565,537,488,352,302
1404.5.29,5,15:00:00,14,90000001,91000001,190,426,551,759,825,930,955,945,940,891,837,771,610,567,541,485,358,302
1404.5.29,5,17;10,80,90000001,91000001,190,426,550,765,825,930,955,945,940,892,835,765,611,566,541,488,358,304
1404.5.29,5,19:20:00,3,90000001,91000001,190,424,551,757,825,930,955,945,940,893,838,765,610,565,541,488,358,303
1404.5.29,5,21:30:00,36,90000001,91000001,190,424,555,762,825,930,955,945,940,890,836,769,609,565,541,487,357,305
1404.5.29,8,23;40,41,90000001,91000001,190,422,557,761,825,930,955,945,940,891,837,773,607,567,542,488,358,304
1404.5.30,8,1:50:00,68,90000001,91000001,190,423,556,760,825,930,955,945,940,890,836,770,608,566,540,487,355,303
1404.5.30,8,4:00:00,15,90000001,91000001,190,420,555,758,825,930,955,945,940,892,838,772,610,565,541,486,357,305
1404.5.30,4,6:10:00,74,90000001,91000001,190,431,556,760,825,930,955,945,940,890,838,771,609,566,541,485,356,304
1404.5.30,4,8:20:00,25,90000001,91000001,190,431,555,761,825,930,955,945,940,890,838,771,609,565,541,485,355,303
1404.5.30,4,10:30:00,44,90000001,91000001,190,427,561,754,825,930,955,945,940,886,838,766,608,565,541,485,355,301
1404.5.30,4,12:40:00,35,90000001,91000001,190,428,562,755,825,930,955,945,940,886,837,767,608,565,540,486,356,302
1404.5.30,5,14:50:00,52,90000001,91000001,190,427,562,759,825,930,955,945,940,888,835,767,608,566,540,487,355,302
1404.5.30,5,17:00:00,27,90000001,91000001,190,432,555,757,825,930,955,945,940,886,837,770,609,567,540,487,354,303
1404.5.30,5,19:10:00,10,90000001,91000001,190,432,55,761,825,930,955,945,940,890,839,764,610,567,539,489,357,304
1404.5.30,5,21:20:00,4,90000001,91000001,190,434,558,769,825,930,955,945,940,890,839,765,611,568,539,488,358,303
1404.5.30,8,23:30:00,17,90000001,91000001,190,431,562,766,825,930,955,945,940,889,839,765,609,568,539,489,360,308
1404.5.31,8,1:40:00,60,90000001,91000001,190,428,560,772,825,930,955,945,940,888,839,772,609,568,541,489,363,309
1404.5.31,8,3:50:00,20,90000001,91000001,190,431,560,775,825,930,955,945,940,888,839,773,608,567,540,488,361,308
1404.5.31,4,6:00:00,11,90000001,91000001,190,432,560,771,825,930,955,945,940,888,838,774,607,566,540,491,362,309
1404.5.31,4,8:10:00,78,90000001,91000001,190,432,553,767,825,930,955,945,940,890,837,770,610,570,540,492,363,312
1404.5.31,4,10:20:00,49,90000001,91000001,190,421,554,766,825,930,955,945,940,891,837,771,609,571,541,490,363,308
1404.5.31,4,12:30:00,24,90000001,91000001,190,420,555,769,825,930,955,945,940,891,837,771,609,570,541,490,363,309
1404.5.31,5,14:40:00,26,90000001,91000001,190,422,547,766,825,930,955,945,940,890,838,765,610,569,543,488,361,307
1404.5.31,5,16:50:00,40,90000001,91000001,190,721,547,766,825,930,955,945,940,891,838,763,610,568,542,487,356,306
1404.5.31,5,19:00:00,59,90000001,91000001,190,427,551,762,825,930,955,945,940,892,836,769,609,569,543,489,359,308
1404.5.31,5,21:10:00,6,90000001,91000001,190,429,556,762,825,930,955,945,940,890,837,768,610,567,542,489,358,307
1404.5.31,8,23:20:00,65,90000001,91000001,190,427,564,752,825,930,955,945,940,891,837,771,611,570,544,492,362,310
1404.6.1,8,1:30:00,39,90000001,91000001,190,423,568,762,825,930,955,945,940,890,835,770,610,569,541,490,362,308
1404.6.1,8,3:40:00,57,90000001,91000001,190,426,567,760,825,930,955,945,940,890,836,769,610,568,542,494,360,311
1404.6.1,8,5:50:00,54,90000001,91000001,190,422,566,760,825,930,955,945,940,890,837,772,610,569,542,491,359,311
1404.6.1,4,8:00:00,62,90000001,91000001,190,422,555,757,825,930,955,945,940,885,836,762,609,569,540,491,356,309
1404.6.1,4,10:10:00,2,90000001,91000001,190,422,557,756,825,930,955,945,940,885,837,764,609,569,541,490,357,310
1404.6.1,4,12:20:00,22,90000001,91000001,190,420,544,758,825,930,955,945,940,883,836,761,607,569,540,490,356,308
1404.6.1,8,14:30:00,72,90000001,91000001,190,421,548,766,825,930,955,945,940,890,836,756,608,567,541,490,364,308
1404.6.1,8,16:40:00,61,90000001,91000001,190,425,552,767,825,930,955,945,940,890,837,765,609,567,540,490,368,312
1404.6.1,8,18:50:00,19,90000001,91000001,190,425,554,762,825,930,955,945,940,889,836,767,606,567,542,489,365,313
1404.6.1,8,21:00:00,29,90000001,91000001,190,428,557,758,825,930,955,945,940,891,835,768,606,565,541,587,364,313
1404.6.1,5,23:10:00,51,90000001,91000001,190,427,564,760,825,930,955,945,940,889,835,769,605,562,538,489,360,308
1404.6.2,5,1:20:00,71,90000001,91000001,190,431,570,764,825,930,955,945,940,889,835,770,606,562,536,486,350,308
1404.6.2,5,3:30:00,77,90000001,91000001,190,435,572,762,825,930,955,945,940,891,838,773,606,565,534,486,355,307
1404.6.2,5,5:40:00,13,90000001,91000001,190,438,575,760,825,930,955,945,940,890,837,773,605,560,535,483,355,305
1404.6.2,4,7:50:00,45,90000001,91000001,190,439,571,758,825,930,955,945,940,890,835,773,605,563,535,480,353,304
1404.6.2,4,10:00:00,76,90000001,91000001,190,438,570,758,825,930,955,945,940,891,835,773,606,563,535,482,353,304
1404.6.2,4,12:10:00,42,90000001,91000001,190,431,571,756,825,930,955,945,940,888,833,757,608,569,535,483,347,302
1404.6.2,8,14:20:00,67,90000001,91000001,190,435,574,762,825,930,955,945,940,886,835,757,606,565,535,482,352,302
1404.6.2,8,16:30:00,79,90000001,91000001,190,434,564,764,825,930,955,945,940,889,835,760,607,565,536,482,355,305
1404.6.2,8,18:40:00,70,90000001,91000001,190,440,562,764,825,930,955,945,940,889,835,763,607,565,537,480,357,302
1404.6.2,8,20:50:00,16,90000001,91000001,190,437,568,766,825,930,955,945,940,890,836,765,606,564,237,481,353,303
1404.6.2,5,23:00:00,80,90000001,91000001,190,439,575,772,825,930,955,945,940,890,835,767,605,561,534,481,348,300
1404.6.3,5,1:10:00,48,90000001,91000001,190,436,576,771,825,930,955,945,940,890,837,770,605,561,534,481,348,300
1404.6.3,5,3:20:00,21,90000001,91000001,190,432,578,770,825,930,955,945,940,890,840,772,605,562,533,482,348,298
1404.6.3,5,5:30:00,66,90000001,91000001,190,433,574,768,825,930,955,945,940,888,836,773,608,564,532,482,347,296
1404.6.3,4,7:40:00,3,90000001,91000001,190,433,573,766,825,930,955,945,940,888,837,774,607,563,533,481,346,299
1404.6.3,4,9:50:00,41,90000001,91000001,190,433,574,757,825,930,955,945,940,888,838,774,605,563,533,481,346,298
1404.6.3,4,12:00:00,68,90000001,91000001,190,434,574,759,825,930,955,945,940,888,837,773,605,563,534,481,345,299
1404.6.3,8,14:10:00,15,90000001,91000001,190,435,562,762,825,930,955,945,940,887,835,762,606,566,535,478,348,298
1404.6.3,8,16:20:00,74,90000001,91000001,190,435,564,765,825,930,955,945,940,890,837,760,606,565,536,477,351,295
1404.6.3,8,18:30:00,64,90000001,91000001,190,436,568,766,825,930,955,945,940,889,836,765,607,564,538,477,350,396
1404.6.3,8,20:40:00,14,90000001,91000001,190,436,573,766,825,930,955,945,940,888,835,766,606,564,538,477,345,292
1404.6.3,5,22:50:00,23,90000001,91000001,190,439,584,769,825,930,955,945,940,884,834,767,607,563,534,479,346,292
1404.6.4,5,1:00:00,37,90000001,91000001,190,439,584,769,825,930,955,945,940,883,838,776,608,564,538,482,353,296
1404.6.4,5,3:10:00,36,90000001,91000001,190,439,585,771,825,930,955,945,940,884,839,776,609,565,536,481,351,298
1404.6.4,5,5:20:00,28,90000001,91000001,190,438,581,774,825,930,955,945,940,889,838,775,610,565,536,481,350,295
1404.6.4,4,7:30:00,1,90000001,91000001,190,437,581,775,825,930,955,945,940,889,838,774,609,565,536,482,351,295
1404.6.4,4,9:40:00,38,90000001,91000001,190,436,585,770,825,930,955,945,940,889,838,775,608,565,536,481,352,297
1404.6.4,4,11:50:00,63,90000001,91000001,190,431,581,773,825,930,955,945,940,887,838,775,606,565,536,481,351,298
1404.6.4,8,14:00:00,25,90000001,91000001,190,428,582,775,825,930,955,945,940,888,837,774,608,565,536,481,351,297
1404.6.4,8,16:10:00,47,90000001,91000001,190,428,578,770,825,930,955,945,940,890,837,768,608,565,536,481,348,295
1404.6.4,8,18:20:00,44,90000001,91000001,190,431,567,773,825,930,955,945,940,887,837,765,606,567,538,482,349,294
1404.6.4,8,20:30:00,35,90000001,91000001,190,433,564,780,825,930,955,945,940,887,837,765,608,563,537,480,352,294
1404.6.4,5,22:40:00,46,90000001,91000001,190,434,578,794,825,930,955,945,940,885,839,770,606,566,537,478,352,294
1404.6.5,5,0:50:00,52,90000001,91000001,190,437,590,785,825,930,955,945,940,885,836,773,607,565,537,479,352,298
1404.6.5,5,3:00:00,75,90000001,91000001,190,436,588,788,825,930,955,945,940,886,837,772,608,565,537,478,353,297
1404.6.5,5,5:10:00,27,90000001,91000001,190,435,589,781,825,930,955,945,940,888,836,770,605,564,536,479,344,297
1404.6.5,4,7:20:00,20,90000001,91000001,190,435,588,770,825,930,955,945,940,888,836,771,606,564,537,478,345,298
1404.6.5,4,9:30:00,11,90000001,91000001,190,435,580,757,825,930,955,945,940,888,835,768,605,564,536,478,347,292
1404.6.5,4,11:40:00,18,90000001,91000001,190,436,584,757,825,930,955,945,940,88,835,767,605,564,536,477,346,292
1404.6.5,4,13:50:00,4,90000001,91000001,190,438,578,770,820,930,955,945,940,886,838,768,603,564,538,477,350,296
1404.6.5,5,16:00:00,78,90000001,91000001,190,439,579,770,825,930,955,945,940,888,837,758,606,562,537,477,345,294
1404.6.5,5,18:10:00,17,90000001,91000001,190,436,585,771,825,930,955,945,940,883,833,760,607,566,538,479,344,294
1404.6.5,5,20:20:00,10,90000001,91000001,190,436,588,772,825,930,955,945,940,888,829,762,605,564,535,477,347,294
1404.6.5,5,22:30:00,49,90000001,91000001,190,439,590,775,825,930,955,945,940,888,834,761,605,562,536,480,344,292
1404.6.6,5,0:40:00,69,90000001,91000001,190,440,591,776,825,930,955,945,940,891,834,760,607,567,538,478,346,295
1404.6.6,5,2:50:00,26,90000001,91000001,190,440,593,779,825,930,955,945,940,893,836,769,605,566,536,475,346,294
1404.6.6,5,5:00:00,60,90000001,91000001,190,440,595,782,825,930,955,945,940,890,837,768,599,566,532,478,345,291
1404.6.6,4,7:10:00,30,90000001,91000001,190,441,595,781,825,930,955,945,940,891,838,768,599,565,531,477,344,290
1404.6.6,4,9:20:00,24,90000001,91000001,190,443,590,775,825,930,955,945,940,879,830,766,599,558,531,478,346,290
1404.6.6,4,11:30:00,50,90000001,91000001,190,441,591,774,825,930,955,945,940,885,830,765,599,557,531,477,346,291
1404.6.6,4,13:40:00,55,90000001,91000001,190,442,591,774,825,930,955,945,940,888,825,746,601,561,531,478,350,293
1404.6.6,7,15:50:00,39,90000001,91000001,190,438,580,775,825,930,955,945,940,888,835,745,605,560,530,472,350,295
1404.6.6,7,18:00:00,65,90000001,91000001,190,436,573,777,825,930,955,945,940,885,836,756,605,563,531,469,349,297
1404.6.6,7,20:10:00,62,90000001,91000001,190,442,579,782,825,930,955,945,940,889,833,758,592,561,533,470,344,296
1404.6.6,5,22:20:00,22,90000001,91000001,190,441,578,780,825,930,955,945,940,891,835,762,595,552,535,473,335,294
1404.6.7,5,0:30:00,2,90000001,91000001,190,440,580,776,825,930,955,945,940,891,838,767,597,555,535,475,340,294
1404.6.7,5,2:40:00,57,90000001,91000001,190,438,583,774,825,930,955,945,940,898,840,769,599,558,535,477,341,293
1404.6.7,5,4:50:00,54,90000001,91000001,190,439,580,776,825,930,955,945,940,891,839,772,599,557,526,474,342,290
1404.6.7,5,7:00:00,72,90000001,91000001,190,434,577,776,825,930,955,945,940,893,836,772,599,556,527,461,345,292
1404.6.7,5,9:10:00,43,90000001,91000001,190,430,568,772,825,930,955,945,940,888,839,764,602,555,527,465,345,291
1404.6.7,5,11:20:00,61,90000001,91000001,190,427,560,768,825,930,955,945,940,889,838,763,64,557,529,467,345,294
1404.6.7,5,13:30:00,19,90000001,91000001,190,431,558,772,825,930,955,945,940,887,840,763,603,558,529,468,338,291
1404.6.7,8,15:40:00,29,90000001,91000001,190,429,554,772,825,930,955,945,940,887,838,766,604,561,532,470,335,386
1404.6.7,8,17:50:00,13,90000001,91000001,190,427,555,777,825,930,955,945,940,885,838,772,606,561,534,470,334,283
1404.6.7,8,20:00:00,45,90000001,91000001,190,429,555,775,825,930,955,945,940,887,839,773,607,562,533,472,335,284
1404.6.7,4,22:10:00,51,90000001,91000001,190,415,557,769,825,930,955,945,940,887,840,773,610,566,535,475,338,287
1404.6.8,4,0:20:00,6,90000001,91000001,190,416,557,765,825,930,955,945,940,887,840,776,611,566,537,475,340,288
1404.6.8,4,2:30:00,42,90000001,91000001,190,415,555,766,825,930,955,945,940,889,840,774,609,566,537,473,340,287
1404.6.8,4,4:40:00,71,90000001,91000001,190,414,555,768,825,930,955,945,940,889,840,773,608,565,536,472,341,288
1404.6.8,4,6:50:00,68,90000001,91000001,190,416,556,767,825,930,955,945,940,888,840,775,610,565,536,474,339,286
1404.6.8,4,9:00:00,64,90000001,91000001,190,415,555,767,825,930,955,945,940,888,840,775,620,565,536,474,339,288
1404.6.8,4,11:10:00,14,90000001,91000001,190,414,555,766,825,930,955,945,940,888,840,774,609,566,536,476,338,285
1404.6.8,4,13:20:00,59,90000001,91000001,190,419,555,750,825,930,955,945,940,888,840,773,609,565,536,477,338,284
1404.6.8,5,15:30:00,77,90000001,91000001,190,416,557,750,825,930,955,945,940,886,835,769,608,566,538,477,337,386
1404.6.8,5,17:40:00,33,90000001,91000001,190,418,561,746,825,930,955,945,940,887,836,770,608,566,535,477,335,282
1404.6.8,5,19:50:00,16,90000001,91000001,190,417,564,749,825,930,955,945,940,888,835,771,609,565,537,477,339,286
1404.6.8,8,22:00:00,40,90000001,91000001,190,421,568,756,825,930,955,945,940,884,836,773,609,566,536,477,340,288
1404.6.9,8,0:10:00,28,90000001,91000001,190,424,569,763,825,930,955,945,940,888,837,774,608,567,537,478,340,286
1404.6.9,8,2:20:00,36,90000001,91000001,190,426,570,765,825,930,955,945,940,889,837,772,611,567,538,478,340,288
1404.6.9,8,4:30:00,74,90000001,91000001,190,426,575,775,825,930,955,945,940,888,837,774,609,566,538,478,342,287
1404.6.9,4,6:40:00,15,90000001,91000001,190,427,575,774,825,930,955,945,940,888,837,774,609,567,538,477,342,287
1404.6.9,4,8:50:00,63,90000001,91000001,190,426,574,774,825,930,955,945,940,888,837,775,609,566,537,480,343,288
1404.6.9,4,11:00:00,25,90000001,91000001,190,428,573,771,825,930,955,945,940,888,837,774,609,566,537,481,343,285
1404.6.9,4,13:10:00,47,90000001,91000001,190,427,574,770,825,930,955,945,930,888,838,774,609,565,537,481,344,284
1404.6.9,5,15:20:00,1,90000001,91000001,190,428,555,766,825,930,955,945,940,887,837,764,610,568,537,479,346,290
1404.6.9,5,17:30:00,46,90000001,91000001,190,428,556,778,825,930,955,945,940,886,839,768,610,568,539,479,350,293
1404.6.9,5,19:40:00,38,90000001,91000001,190,423,559,775,825,930,955,945,940,887,839,772,609,568,539,480,347,293
1404.6.9,5,21:50:00,75,90000001,91000001,190,423,563,778,825,930,955,945,940,890,839,774,610,565,541,482,348,294
1404.6.9,8,0:00:00,41,90000001,91000001,190,419,561,772,825,930,955,945,940,889,841,772,610,569,540,484,350,296
1404.6.10,8,2:10:00,27,90000001,91000001,190,419,562,770,825,930,955,945,940,891,837,769,611,570,537,483,347,295
1404.6.10,8,4:20:00,52,90000001,91000001,190,422,559,766,825,930,955,945,940,885,835,769,608,568,538,481,347,292
1404.6.10,8,6:30:00,35,90000001,91000001,190,416,561,764,825,930,955,945,940,886,835,770,608,568,540,483,351,291
1404.6.10,8,8:40:00,20,90000001,91000001,190,420,553,760,825,930,955,945,940,889,835,766,611,567,540,484,350,297
1404.6.10,8,10:50:00,18,90000001,91000001,190,418,551,756,825,930,955,945,940,887,837,762,609,568,539,484,353,298
1404.6.10,8,13:00:00,4,90000001,91000001,190,422,548,754,825,930,955,945,940,885,839,756,607,567,539,485,350,299
1404.6.10,5,15:10:00,17,90000001,91000001,190,418,545,750,825,930,955,945,940,890,834,762,607,565,540,483,349,295
1404.6.10,5,17:20:00,10,90000001,91000001,190,418,550,746,825,930,955,945,940,892,838,766,606,565,540,484,352,298
1404.6.10,5,19:30:00,69,90000001,91000001,190,419,553,749,825,930,955,945,940,891,838,764,606,564,537,486,356,299
1404.6.10,5,21:40:00,60,90000001,91000001,190,415,559,752,825,930,955,945,940,891,836,770,607,564,535,486,356,299
1404.6.10,4,23:50:00,34,90000001,91000001,190,415,557,755,825,930,955,945,940,890,838,772,607,564,535,483,355,300
1404.6.11,4,2:00:00,24,90000001,91000001,190,413,555,759,825,930,955,945,940,889,840,774,607,564,535,480,354,300
1404.6.11,4,4:10:00,50,90000001,91000001,190,413,553,765,825,930,955,945,940,891,840,779,608,564,536,480,349,301
1404.6.11,4,6:20:00,53,90000001,91000001,190,413,553,765,825,930,955,945,940,891,840,778,608,564,536,481,349,301
1404.6.11,4,8:30:00,55,90000001,91000001,190,414,554,766,825,930,955,945,940,891,840,778,607,565,536,481,349,301
1404.6.11,4,10:40:00,39,90000001,91000001,190,413,555,762,825,930,955,945,940,891,840,778,609,565,537,480,349,300
1404.6.11,4,12:50:00,30,90000001,91000001,190,413,554,761,825,930,955,945,940,891,841,777,608,566,536,481,348,302
1404.6.11,5,15:00:00,65,90000001,91000001,190,413,550,750,825,930,955,945,940,886,840,767,610,565,540,479,344,295
1404.6.11,5,17:10:00,3,90000001,91000001,190,414,555,749,825,930,955,945,940,888,838,768,611,570,541,479,339,292
1404.6.11,5,19:20:00,44,90000001,91000001,190,414,561,750,825,930,955,945,940,888,834,772,611,570,539,482,342,291
1404.6.11,5,21:30:00,26,90000001,91000001,190,419,565,748,825,930,955,945,940,886,839,774,611,570,543,482,347,292
1404.6.11,8,23:40:00,49,90000001,91000001,190,418,567,754,825,930,955,945,940,889,838,773,611,570,541,480,351,295
1404.6.12,8,1:50:00,11,90000001,91000001,190,418,571,758,825,930,955,945,940,887,839,776,609,570,540,482,348,296
1404.6.12,8,4:00:00,72,90000001,91000001,190,423,572,760,825,930,955,945,940,883,836,777,608,568,539,482,349,296
1404.6.12,4,6:10:00,78,90000001,91000001,190,425,578,765,825,930,955,945,940,887,837,777,609,567,539,482,348,295
1404.6.12,4,8:20:00,66,90000001,91000001,190,425,572,764,825,930,955,945,940,887,838,777,609,567,539,481,347,294
1404.6.12,4,10:30:00,19,90000001,91000001,190,424,566,761,825,930,955,945,940,883,838,777,609,566,539,480,346,293
1404.6.12,4,12:40:00,21,90000001,91000001,190,425,565,760,825,930,955,945,940,883,838,777,609,565,539,479,346,292
1404.6.12,5,14:50:00,61,90000001,91000001,190,429,561,755,825,930,955,945,940,880,836,767,608,568,541,476,343,297
1404.6.12,5,17:00:00,43,90000001,91000001,190,424,559,759,825,930,955,945,940,878,836,771,609,565,540,480,346,296
1404.6.12,5,19:10:00,51,90000001,91000001,190,429,562,767,825,930,955,945,940,881,837,772,610,567,541,480,344,297
1404.6.12,5,21:20:00,68,90000001,91000001,190,428,563,771,825,930,955,945,940,879,838,771,610,566,539,478,344,297
1404.6.12,4,23:30:00,23,90000001,91000001,190,427,563,771,825,930,955,945,940,881,838,772,609,565,540,477,346,297
1404.6.13,4,1:40:00,71,90000001,91000001,190,427,564,774,825,930,955,945,940,882,840,771,609,564,537,477,344,297
1404.6.13,4,3:50:00,29,90000001,91000001,190,424,566,773,825,930,955,945,940,880,837,775,610,565,538,477,344,296
1404.6.13,4,6:00:00,42,90000001,91000001,190,420,560,757,825,930,955,945,940,883,839,770,608,569,539,480,343,296
1404.6.13,4,8:10:00,45,90000001,91000001,190,418,553,758,825,930,955,945,940,881,838,768,607,570,538,479,343,298
1404.6.13,4,10:20:00,14,90000001,91000001,190,419,555,757,825,930,955,945,940,882,838,768,608,571,538,479,344,297
1404.6.13,4,12:30:00,59,90000001,91000001,190,420,55,756,825,930,955,945,940,882,838,766,608,572,539,478,345,296
1404.6.13,5,14:40:00,48,90000001,91000001,190,422,540,752,825,930,955,945,940,881,838,768,611,568,540,483,349,280
1404.6.13,5,16:50:00,13,90000001,91000001,190,424,543,762,825,930,955,945,940,882,836,773,613,568,541,483,352,279
1404.6.13,5,19:00:00,64,90000001,91000001,190,418,552,761,825,930,955,945,940,889,838,771,612,571,539,481,355,282
1404.6.13,5,21:10:00,33,90000001,91000001,190,422,553,760,825,930,955,945,940,884,835,769,610,569,540,483,352,300
1404.6.13,5,23:20:00,77,90000001,91000001,190,417,559,756,825,930,955,945,940,881,837,770,611,568,542,481,348,300
1404.6.14,5,1:30:00,16,90000001,91000001,190,420,559,756,825,930,955,945,940,880,838,771,610,568,541,483,348,300
1404.6.14,5,3:40:00,40,90000001,91000001,190,418,558,754,825,930,955,945,940,882,838,773,610,568,538,482,350,295
1404.6.14,5,5:50:00,28,90000001,91000001,190,419,557,756,825,930,955,945,940,882,838,773,610,568,539,484,350,298
1404.6.14,7,8:00:00,74,90000001,91000001,190,417,555,769,825,930,955,945,940,881,838,771,611,566,538,483,356,300
1404.6.14,7,10:10:00,80,90000001,91000001,190,407,547,766,825,930,955,945,940,883,837,773,610,568,538,484,358,301
1404.6.14,7,12:20:00,70,90000001,91000001,190,407,546,763,825,930,955,945,940,876,836,765,610,569,538,482,353,302
1404.6.14,5,14:30:00,36,90000001,91000001,190,408,548,764,825,930,955,945,940,877,836,767,612,569,541,480,349,302
1404.6.14,5,16:40:00,79,90000001,91000001,190,408,544,764,825,930,955,945,940,879,834,770,612,571,540,481,350,296
1404.6.14,5,18:50:00,15,90000001,91000001,190,410,545,763,825,930,955,945,940,881,836,766,610,570,540,480,349,298
1404.6.14,5,21:00:00,67,90000001,91000001,190,415,551,762,825,930,955,945,940,879,838,769,610,568,541,482,348,298
1404.6.14,4,23:10:00,63,90000001,91000001,190,420,553,754,825,930,955,945,940,881,838,767,610,569,541,482,349,295
1404.6.15,4,1:20:00,25,90000001,91000001,190,415,554,756,825,930,855,945,940,879,837,770,607,566,539,483,351,297
1404.6.15,4,3:30:00,47,90000001,91000001,190,415,563,754,825,930,955,945,940,876,835,770,605,563,537,482,348,296
1404.6.15,4,5:40:00,1,90000001,91000001,190,418,568,750,825,930,955,945,940,882,834,774,608,566,537,481,350,298
1404.6.15,4,7:50:00,46,90000001,91000001,190,417,567,751,825,930,955,945,940,882,834,774,608,565,537,481,351,297
1404.6.15,4,10:00:00,41,90000001,91000001,190,419,56,751,825,930,955,945,940,882,835,773,607,565,538,481,351,297
1404.6.15,4,12:10:00,75,90000001,91000001,190,420,561,759,825,930,955,945,940,883,834,773,608,565,537,480,351,295
1404.6.15,5,14:20:00,27,90000001,91000001,190,419,556,757,825,930,955,945,940,882,837,765,606,565,538,480,350,295
1404.6.15,5,16:30:00,52,90000001,91000001,190,419,557,762,825,930,955,945,940,882,837,769,606,563,538,479,351,295
1404.6.15,5,18:40:00,35,90000001,91000001,190,419,555,766,825,930,955,945,940,880,837,770,604,563,540,480,348,297
1404.6.15,5,20:50:00,18,90000001,91000001,190,416,558,768,825,930,955,945,940,880,837,770,607,562,537,481,346,295
1404.6.15,5,23:00:00,17,90000001,91000001,190,422,560,765,825,930,955,945,940,880,835,771,606,565,535,480,346,292
1404.6.16,5,1:10:00,20,90000001,91000001,190,420,561,767,825,930,955,945,940,882,836,773,609,564,537,481,348,294
1404.6.16,5,3:20:00,60,90000001,91000001,190,418,565,766,825,930,955,945,940,884,838,771,607,567,540,479,350,293
1404.6.16,5,5:30:00,38,90000001,91000001,190,419,566,762,825,930,955,945,940,883,836,773,608,566,539,475,350,292
1404.6.16,4,7:40:00,50,90000001,91000001,190,420,565,761,825,930,955,945,940,884,836,776,608,565,539,474,359,292
1404.6.16,4,9:50:00,24,90000001,91000001,190,421,566,762,825,930,955,945,940,884,836,776,608,565,539,474,351,291
1404.6.16,4,12:00:00,6,90000001,91000001,190,420,565,760,825,930,955,945,940,885,835,775,607,565,539,480,351,292
1404.6.16,4,14:10:00,34,90000001,91000001,190,423,568,760,825,930,955,945,940,881,835,775,607,566,539,481,350,291
1404.6.16,4,16:20:00,69,90000001,91000001,190,422,567,759,825,930,955,945,940,881,835,775,607,565,538,480,351,292
1404.6.16,4,18:30:00,53,90000001,91000001,190,425,566,766,825,930,955,945,940,881,838,775,608,565,538,481,351,291
1404.6.16,4,20:40:00,54,90000001,91000001,190,429,575,775,825,930,955,945,940,883,839,776,609,564,539,481,349,296
1404.6.16,5,22:50:00,57,90000001,91000001,190,429,582,774,825,930,955,945,940,881,835,774,610,568,538,481,350,298
1404.6.17,5,1:00:00,2,90000001,91000001,190,427,578,770,825,930,955,945,940,882,837,775,608,566,537,480,351,295
1404.6.17,5,3:10:00,22,90000001,91000001,190,425,578,768,825,930,955,945,940,880,836,774,606,564,540,482,352,297
1404.6.17,5,5:20:00,37,90000002,92000001,190,428,586,768,825,930,955,945,940,880,835,774,606,565,538,478,346,295
1404.6.17,4,7:30:00,30,90000001,91000001,190,435,586,769,825,930,955,945,940,880,836,875,606,565,538,482,346,294
1404.6.17,4,9:40:00,39,90000001,91000001,190,435,586,768,825,930,955,945,940,881,837,774,607,565,539,481,345,293
1404.6.17,4,11:50:00,10,90000001,91000001,190,435,581,765,825,930,955,945,940,881,837,774,607,565,529,481,346,294
1404.6.17,5,14:00:00,55,90000002,92000001,190,433,575,766,825,930,955,945,940,884,837,765,608,567,538,474,349,293
1404.6.17,5,16:10:00,66,90000001,91000001,190,427,587,778,825,930,955,945,940,881,837,770,608,565,538,473,342,294
1404.6.17,5,18:20:00,19,90000001,91000001,190,438,582,777,825,930,955,945,940,880,837,774,607,566,539,474,341,294
1404.6.17,5,20:30:00,21,90000001,91000001,190,441,584,776,825,930,955,945,940,881,839,771,609,565,540,475,340,292
1404.6.17,8,22:40:00,31,90000001,91000001,190,443,587,778,825,930,955,945,940,882,840,775,610,565,540,477,343,294
1404.6.18,8,0:50:00,76,90000001,91000001,190,443,588,781,825,930,955,945,940,880,838,773,609,565,538,477,342,294
1404.6.18,8,3:00:00,4,90000001,91000001,190,441,589,781,825,930,955,945,940,880,837,775,609,565,538,478,343,295
1404.6.18,8,5:10:00,72,90000001,91000001,190,439,600,792,825,930,955,945,940,789,837,780,608,565,540,475,344,296
1404.6.18,4,7:20:00,65,90000001,91000001,190,437,581,790,825,930,955,945,940,881,837,781,608,565,541,474,344,295
1404.6.18,4,9:30:00,68,90000001,91000001,190,435,571,781,825,930,955,945,940,880,837,781,609,565,540,475,345,297
1404.6.18,4,11:40:00,29,90000001,91000001,190,735,570,781,825,930,955,945,940,881,837,780,608,565,540,476,345,296
1404.6.18,4,13:50:00,42,90000001,91000001,190,429,575,772,825,930,955,945,940,880,835,781,607,565,540,478,345,292
1404.6.18,5,16:00:00,45,90000001,91000001,190,434,577,775,825,930,955,945,940,879,837,769,607,565,537,477,346,294
1404.6.18,5,18:10:00,51,90000001,91000001,190,439,581,795,825,930,955,945,940,880,835,759,609,566,538,475,341,294
1404.6.18,5,20:20:00,71,90000001,91000001,190,427,577,780,825,930,955,945,940,880,836,770,611,565,535,474,338,293
1404.6.18,8,22:30:00,58,90000001,91000001,190,426,580,781,825,930,955,945,940,870,837,768,610,567,534,477,339,293
1404.6.19,8,0:40:00,9,90000001,91000001,190,430,575,774,825,930,955,945,940,873,837,767,605,568,534,477,338,295
1404.6.19,8,2:50:00,12,90000001,91000001,190,423,570,781,825,930,955,945,940,881,830,768,606,568,535,477,338,291
1404.6.19,8,5:00:00,8,90000001,91000001,190,425,561,780,825,930,955,945,940,881,830,752,608,564,537,478,344,294
1404.6.19,4,7:10:00,7,90000001,91000001,190,424,566,776,825,930,955,945,940,884,833,756,606,566,535,480,342,297
1404.6.19,4,9:20:00,5,90000001,91000001,190,422,559,779,825,930,955,945,940,882,833,756,602,561,532,480,341,294
1404.6.19,4,11:30:00,56,90000001,91000001,190,422,555,774,825,930,955,945,940,881,833,760,585,560,534,480,345,292
1404.6.19,4,13:40:00,32,90000001,91000001,190,424,556,771,825,930,955,945,940,881,833,762,584,561,535,476,345,289
1404.6.19,5,15:50:00,28,90000001,91000001,190,423,558,764,825,930,955,945,940,878,810,763,596,555,530,475,338,288
1404.6.19,5,18:00:00,40,90000001,91000001,190,421,557,760,825,930,955,945,940,876,825,752,600,554,513,473,340,289
1404.6.19,5,20:10:00,77,90000001,91000001,190,421,557,769,825,930,955,945,940,872,832,759,603,556,526,471,340,291
1404.6.19,8,22:20:00,33,90000001,91000001,190,419,557,767,825,930,955,945,940,876,834,764,597,561,528,451,335,287
1404.6.20,8,0:30:00,80,90000001,91000001,190,418,554,766,825,930,955,945,940,881,820,762,584,555,530,461,341,286
1404.6.20,8,2:40:00,70,90000001,91000001,190,418,550,764,825,930,955,945,940,882,833,758,592,538,532,466,328,291
1404.6.20,8,4:50:00,16,90000001,91000001,190,418,551,764,825,930,955,945,940,881,836,760,594,542,535,471,340,290
1404.6.20,4,7:00:00,79,90000001,91000001,190,417,550,763,825,930,955,945,940,882,836,761,594,541,533,471,341,291
1404.6.20,4,9:10:00,60,90000001,91000001,190,415,541,762,825,930,955,945,940,883,835,758,587,557,525,467,333,277
1404.6.20,4,11:20:00,36,90000001,91000001,190,414,541,761,825,930,955,945,940,883,835,759,591,551,526,455,333,276
1404.6.20,4,13:30:00,17,90000001,91000001,190,415,541,761,825,930,955,945,940,883,837,759,598,555,528,460,333,279
1404.6.20,5,15:40:00,74,90000001,91000001,190,416,539,754,825,930,955,945,940,880,837,769,599,556,517,465,324,283
1404.6.20,5,17:50:00,18,90000001,91000001,190,411,537,752,825,930,955,945,940,881,836,775,603,557,525,466,325,280
1404.6.20,5,20:00:00,38,90000001,91000001,190,409,544,753,825,930,955,945,940,880,837,777,606,560,530,452,334,264
1404.6.20,8,22:10:00,75,90000001,91000001,190,411,543,745,825,930,955,945,940,881,838,771,607,562,528,549,334,272
1404.6.21,8,0:20:00,20,90000001,91000001,190,414,546,750,825,930,955,945,940,882,839,777,610,565,530,464,325,279
1404.6.21,8,2:30:00,46,90000001,91000001,190,413,547,750,825,930,955,945,940,878,837,774,609,567,533,464,315,275
1404.6.21,8,4:40:00,35,90000001,91000001,190,415,545,750,825,930,955,945,940,880,838,775,608,566,532,463,320,278
1404.6.21,8,6:50:00,50,90000001,91000001,190,415,547,750,825,930,955,945,940,880,836,777,610,566,535,466,321,272
1404.6.21,8,9:00:00,52,90000001,91000001,190,415,552,751,825,930,955,945,940,880,835,777,611,566,536,470,324,269
1404.6.21,8,11:10:00,24,90000001,91000001,190,413,555,750,825,930,955,945,940,881,836,771,610,570,538,471,328,271
1404.6.21,8,13:20:00,27,90000001,91000001,190,414,554,750,825,930,955,945,940,881,836,776,610,566,537,474,328,272
1404.6.21,5,15:30:00,47,90000001,91000001,190,414,522,757,825,930,955,945,940,883,837,778,612,565,539,474,331,273
1404.6.21,5,17:40:00,63,90000001,91000001,190,416,553,761,825,930,955,945,940,888,836,781,611,570,539,475,333,275
1404.6.21,5,19:50:00,34,90000001,91000001,190,414,558,765,825,930,955,945,940,889,837,782,613,569,538,477,329,277
1404.6.21,4,22:00:00,67,90000001,91000001,190,412,557,762,825,930,955,945,940,889,837,784,612,569,541,477,332,279
1404.6.22,4,0:10:00,53,90000001,91000001,190,413,558,764,825,930,955,945,940,888,836,783,611,568,542,47,338,280
1404.6.22,4,2:20:00,30,90000001,91000001,190,414,560,763,825,930,955,945,940,889,837,782,613,570,543,481,341,282
1404.6.22,4,4:30:00,39,90000001,91000001,190,413,561,764,825,930,955,945,940,889,836,781,612,570,542,481,342,281
1404.6.22,4,6:40:00,10,90000001,91000001,190,412,560,763,825,930,955,945,940,888,836,780,611,571,542,481,342,282
1404.6.22,4,8:50:00,31,90000001,91000001,190,410,556,760,825,930,955,945,940,889,836,778,613,571,543,481,340,282
1404.6.22,4,11:00:00,76,90000001,91000001,190,410,550,755,825,930,955,945,940,889,839,775,612,570,541,486,340,287
1404.6.22,4,13:10:00,4,90000001,91000001,190,411,551,759,825,930,955,945,940,888,838,774,612,571,542,484,341,289
1404.6.22,8,15:20:00,72,90000001,91000001,190,409,553,763,825,930,955,945,940,886,838,776,612,570,542,483,348,288
1404.6.22,8,17:30:00,41,90000001,91000001,190,410,552,763,825,930,955,945,940,889,838,778,612,571,543,484,351,293
1404.6.22,8,19:40:00,21,90000001,91000001,190,412,562,762,825,930,955,945,940,890,838,777,613,571,541,485,348,295
1404.6.22,8,21:50:00,19,90000001,91000001,190,413,564,765,825,930,955,945,940,889,838,784,611,572,543,484,347,293
1404.6.23,8,0:00:00,65,90000001,91000001,190,414,566,763,825,930,955,945,940,890,839,781,612,568,543,482,350,293
1404.6.23,8,2:10:00,23,90000001,91000001,190,416,567,762,825,930,955,945,940,890,838,782,610,572,543,483,351,294
1404.6.23,8,4:20:00,43,90000001,91000001,190,414,566,761,825,930,955,945,940,889,839,780,609,572,543,482,348,293
1404.6.23,4,6:30:00,61,90000001,91000001,190,414,565,761,825,930,955,945,940,889,838,781,609,571,543,482,347,292
1404.6.23,4,8:40:00,66,90000001,91000001,190,401,569,765,825,930,955,945,940,888,838,781,609,567,540,482,347,291
1404.6.23,4,10:50:00,22,90000001,91000001,190,408,568,760,825,930,955,945,940,883,832,780,609,566,541,482,348,290
1404.6.23,4,13:00:00,68,90000001,91000001,190,421,567,761,825,930,955,945,940,885,837,777,609,567,540,480,346,290
1404.6.23,5,15:10:00,55,90000001,91000001,190,426,561,762,825,930,955,945,940,886,836,770,608,568,539,479,340,290
1404.6.23,5,17:20:00,42,90000001,91000001,190,427,554,772,825,930,955,945,940,884,836,770,605,566,539,479,340,286
1404.6.23,5,19:30:00,2,90000001,91000001,190,431,585,778,825,930,955,945,940,886,833,775,606,565,541,478,340,288
1404.6.23,5,21:40:00,57,90000001,91000001,190,434,590,779,825,930,955,945,940,890,836,779,604,565,539,479,342,288
1404.6.23,8,23:50:00,54,90000001,91000001,190,430,594,777,825,930,955,945,940,886,834,779,604,562,537,484,340,287
1404.6.24,8,2:00:00,51,90000001,91000001,190,430,594,778,825,930,955,945,940,887,838,780,604,562,538,481,343,287
1404.6.24,8,4:10:00,71,90000001,91000001,190,433,593,755,825,930,955,945,940,888,836,785,603,563,538,480,344,287
1404.6.24,4,6:20:00,58,90000001,91000001,190,431,592,755,825,930,955,945,940,888,836,784,604,563,537,481,344,287
1404.6.24,4,8:30:00,9,90000001,91000001,190,343,580,765,825,930,955,945,940,899,836,779,605,564,536,481,345,293
1404.6.24,4,10:40:00,12,90000001,91000001,190,432,583,782,825,930,955,945,940,877,837,776,606,564,535,478,345,291
1404.6.24,4,12:50:00,6,90000001,91000001,190,431,581,775,825,930,955,945,940,880,836,776,604,563,535,478,345,292
1404.6.24,5,15:00:00,45,90000001,91000001,190,422,577,776,825,930,955,945,940,882,832,779,605,561,537,477,344,291
1404.6.24,5,17:10:00,1,90000001,91000001,190,425,575,776,825,930,955,945,940,885,833,780,603,563,538,476,342,287
1404.6.24,5,19:20:00,25,90000001,91000001,190,419,575,776,825,930,955,945,940,888,834,774,605,562,533,478,341,288
1404.6.24,5,21:30:00,37,90000001,91000001,190,423,572,775,825,930,955,945,940,889,834,774,605,565,533,479,340,287
1404.6.24,8,23:40:00,56,90000001,91000001,190,422,573,778,825,930,955,945,940,885,838,777,607,566,536,479,348,295
1404.6.25,8,1:50:00,32,90000001,91000001,190,425,757,778,825,930,955,945,940,880,835,780,605,565,538,477,347,289
1404.6.25,8,4:00:00,15,90000001,91000001,190,421,573,774,825,930,955,945,940,874,825,781,604,562,536,485,344,290
1404.6.25,4,6:10:00,28,90000001,91000001,190,420,574,775,825,930,955,945,940,874,820,781,605,561,536,477,344,291
1404.6.25,4,8:20:00,33,90000001,91000001,190,421,572,774,825,930,955,945,940,873,826,780,605,562,537,478,345,292
1404.6.25,4,10:30:00,16,90000001,91000001,190,402,571,763,825,930,955,945,940,885,825,781,609,562,537,479,345,291
1404.6.25,4,12:40:00,70,90000001,91000001,190,410,560,756,825,930,955,945,940,881,832,750,603,568,536,479,340,285
1404.6.25,5,14:50:00,79,90000001,91000001,190,403,551,756,825,930,955,945,940,880,830,750,590,558,520,470,321,259
1404.6.25,5,17:00:00,80,90000001,91000001,190,404,544,767,825,930,955,945,940,888,835,759,580,555,534,471,331,272
1404.6.25,5,19:10:00,60,90000001,91000001,190,409,562,770,825,930,955,945,940,884,834,764,585,545,528,470,331,278
1404.6.25,5,21:20:00,36,90000001,91000001,190,415,573,770,825,930,955,945,940,887,830,772,587,547,523,475,333,278
1404.6.25,8,23:30:00,17,90000001,91000001,190,414,574,775,825,930,955,945,940,887,837,774,591,547,512,467,332,278
1404.6.26,8,1:40:00,69,90000001,91000001,190,415,574,772,825,930,955,945,940,888,836,771,592,551,518,460,336,280
1404.6.26,8,3:50:00,74,90000001,91000001,190,42,581,767,825,930,955,945,940,887,839,777,596,551,518,447,334,280
1404.6.26,4,6:00:00,18,90000001,91000001,190,429,583,745,825,930,955,945,940,888,835,778,596,552,520,450,335,284
1404.6.26,4,8:10:00,20,90000001,91000001,190,427,581,740,825,930,955,945,940,889,836,778,597,551,524,450,335,281
1404.6.26,4,10:20:00,46,90000001,91000001,190,425,574,761,825,930,955,945,940,886,835,776,599,555,522,450,314,275
1404.6.26,4,12:30:00,35,90000001,91000001,190,427,573,763,825,930,955,945,940,887,837,777,598,555,523,451,319,277
1404.6.26,5,14:40:00,50,90000001,91000001,190,427,577,747,825,930,955,945,940,884,839,777,602,561,527,455,313,263
1404.6.26,5,16:50:00,52,90000001,91000001,190,428,570,767,825,930,955,945,940,887,839,777,604,561,528,458,314,261
1404.6.26,5,19:00:00,24,90000001,91000001,190,425,576,773,825,930,955,945,940,889,835,779,607,562,530,459,314,263
1404.6.26,5,21:10:00,27,90000001,91000001,190,425,578,770,825,930,955,945,940,889,836,775,606,565,531,460,315,262
1404.6.26,8,23:20:00,47,90000001,91000001,190,728,579,760,825,930,955,945,940,891,837,777,608,564,532,463,311,263
1404.6.27,8,1;30,39,90000001,91000001,190,425,579,776,825,930,955,945,940,884,838,784,609,568,535,466,321,266
1404.6.27,8,3:40:00,53,90000001,91000001,190,426,584,779,825,930,955,945,940,880,830,780,608,567,534,466,315,267
1404.6.27,8,5:50:00,30,90000001,91000001,190,427,589,774,825,930,955,945,940,882,825,782,605,565,536,468,318,264
1404.6.27,8,8:00:00,34,90000001,91000001,190,426,582,772,825,930,955,945,940,884,823,775,607,565,537,471,322,269
1404.6.27,8,10:10:00,67,90000001,91000001,190,426,578,768,825,930,955,945,940,880,830,757,607,566,535,473,323,270
1404.6.27,8,12:20:00,75,90000001,91000001,190,428,576,766,825,930,955,945,940,882,826,754,611,566,536,476,329,271
1404.6.27,5,14:30:00,10,90000001,91000001,190,429,575,763,825,930,955,945,940,885,825,761,608,569,537,475,334,278
1404.6.27,5,16:40:00,63,90000001,91000001,190,427,574,759,825,930,955,945,940,886,828,756,594,566,536,475,338,278
1404.6.27,5,18:50:00,43,90000001,91000001,190,429,579,765,825,930,955,945,940,881,827,759,596,556,540,476,331,281
1404.6.27,5,21:00:00,38,90000001,91000001,190,428,587,774,825,930,955,945,940,879,828,759,600,556,532,475,337,285
1404.6.27,8,23:10:00,23,90000001,91000001,190,427,587,777,825,930,955,945,940,887,825,769,591,561,523,480,339,283
1404.6.28,8,1:20:00,65,90000001,91000001,190,424,588,776,825,930,955,945,940,888,830,763,595,552,525,477,336,285
1404.6.28,8,3:30:00,66,90000001,91000001,190,424,486,774,825,930,955,945,940,891,833,761,594,555,532,460,335,285
1404.6.28,8,5:40:00,61,90000001,91000001,190,423,579,776,825,930,955,945,940,890,833,761,591,555,535,455,334,279
1404.6.28,8,7:50:00,77,90000001,91000001,190,423,577,774,825,930,955,945,940,889,834,763,592,556,536,454,332,281
1404.6.28,8,10:00:00,22,90000001,91000001,190,419,567,767,825,930,955,945,940,891,838,765,594,552,533,453,330,284
1404.6.28,8,12:10:00,68,90000001,91000001,190,419,563,765,825,930,955,945,940,890,837,768,598,554,531,459,325,282
1404.6.28,5,14:20:00,55,90000001,91000001,190,413,560,761,825,930,955,945,940,896,836,770,603,560,520,456,326,272
1404.6.28,5,16:30:00,42,90000001,91000001,190,411,560,767,825,930,955,945,940,894,834,772,605,560,523,456,324,272
1404.6.28,5,18:40:00,2,90000001,91000001,190,409,560,764,825,930,955,945,940,893,832,778,606,561,530,455,323,274
1404.6.28,5,20:50:00,57,90000001,91000001,190,408,558,763,825,930,955,945,940,895,840,775,608,563,532,457,320,274
1404.6.28,4,23:00:00,54,90000001,91000001,190,407,557,767,825,930,955,945,940,896,840,774,607,564,531,472,321,273
1404.6.29,4,1:10:00,71,90000001,91000001,190,408,559,762,825,930,955,945,940,890,841,782,611,547,533,469,320,280
1404.6.29,4,3:20:00,6,90000001,91000001,190,411,551,760,825,930,955,945,940,890,840,778,610,570,535,464,321,277
1404.6.29,4,5:30:00,45,90000001,91000001,190,410,551,755,825,930,955,945,940,890,840,777,610,570,538,471,322,276
1404.6.29,4,7:40:00,1,90000001,91000001,190,411,551,758,825,930,955,945,940,891,840,778,610,570,540,473,322,276
1404.6.29,4,9:50:00,28,90000001,91000001,190,409,560,759,825,930,955,945,940,887,840,781,613,568,540,475,325,275
1404.6.29,4,12:00:00,40,90000001,91000001,190,408,561,763,825,930,955,945,940,888,841,781,612,567,541,476,326,274
1404.6.29,8,14:10:00,32,90000001,91000001,190,418,569,763,825,930,955,945,940,891,838,784,612,571,540,477,338,278
1404.6.29,8,16:20:00,56,90000001,91000001,190,418,572,758,825,930,955,945,940,889,838,786,612,575,542,478,339,280
1404.6.29,8,18:30:00,33,90000001,91000001,190,416,572,764,825,930,955,945,940,890,840,790,612,574,542,479,340,285
1404.6.29,8,20:40:00,5,90000001,91000001,190,410,575,779,825,930,955,945,940,888,838,787,612,572,543,478,336,285
1404.6.29,5,22:50:00,16,90000001,91000001,190,402,579,775,825,930,955,945,940,888,839,789,613,573,543,480,342,288
1404.6.30,5,1:00:00,7,90000001,91000001,190,402,580,775,825,930,955,945,940,888,840,787,613,574,544,482,341,287
1404.6.30,5,3:10:00,8,90000001,91000001,190,402,580,768,825,930,955,945,940,891,840,791,614,574,543,484,340,287
1404.6.30,5,5:20:00,29,90000001,91000001,190,399,584,773,825,930,955,945,940,890,840,790,615,574,541,485,339,287
1404.6.30,4,7:30:00,78,90000001,91000001,190,399,583,774,825,930,955,945,940,890,841,791,615,574,541,484,339,293
1404.6.30,4,9:40:00,11,90000001,91000001,190,420,582,769,825,930,955,945,940,887,837,784,613,572,543,482,344,286
1404.6.30,4,11:50:00,49,90000001,91000001,190,425,570,773,825,930,955,945,940,889,838,781,611,571,544,481,342,288
1404.6.30,8,14:00:00,19,90000001,91000001,190,424,572,774,825,930,955,945,940,888,838,778,613,571,544,481,340,286
1404.6.30,8,16:10:00,26,90000001,91000001,190,423,583,775,825,930,955,945,940,891,839,781,611,572,543,481,341,286
1404.6.30,8,18:20:00,44,90000001,91000001,190,424,592,776,825,930,955,945,940,888,838,782,611,570,541,482,341,285
1404.6.30,8,20:30:00,15,90000001,91000001,190,421,592,770,825,930,955,945,940,889,837,780,612,569,542,480,340,284
1404.6.30,5,22:40:00,80,90000001,91000001,190,420,590,781,825,930,955,945,940,888,839,786,611,570,542,481,341,284
1404.6.31,5,0:50:00,79,90000001,91000001,190,413,587,770,825,930,955,945,940,888,836,777,610,568,540,480,340,283
1404.6.31,5,3:00:00,12,90000001,91000001,190,414,584,756,825,930,955,945,940,887,840,785,612,569,540,482,340,281
1404.6.31,5,5:10:00,60,90000001,91000001,190,419,582,751,825,930,955,945,940,890,838,788,611,571,541,482,341,285
1404.6.31,4,7:20:00,29,90000001,91000001,190,420,581,751,825,930,955,945,940,891,838,787,611,571,541,482,342,284
1404.6.31,4,9:30:00,18,90000001,91000001,190,411,578,771,825,930,955,945,940,890,839,787,611,567,541,483,341,283
1404.6.31,4,11:40:00,9,90000001,91000001,190,422,574,768,825,930,955,945,940,884,840,791,613,568,542,484,350,295
1404.6.31,4,13:50:00,46,90000001,91000001,190,420,584,766,825,930,955,945,940,885,841,786,612,572,541,484,351,293
1404.6.31,8,16:00:00,36,90000001,91000001,190,409,581,767,825,930,955,945,940,879,837,783,613,571,541,484,347,295
1404.6.31,8,18:10:00,74,90000001,91000001,190,423,580,772,825,930,955,945,940,881,830,780,611,570,542,480,344,291
1404.6.31,8,20:20:00,37,90000001,91000001,190,427,591,772,825,930,955,945,940,880,830,785,611,569,541,478,344,287
1404.6.31,5,22:30:00,20,90000001,91000001,190,421,588,772,825,930,955,945,940,879,822,777,611,570,540,479,335,286
1404.7.1,5,0:40:00,35,90000001,91000001,190,412,586,773,825,930,955,945,940,875,821,772,611,571,539,479,338,285
1404.7.1,5,2:50:00,52,90000001,91000001,190,428,598,777,825,930,955,945,940,874,818,767,610,570,539,476,331,286
1404.7.1,5,5:00:00,27,90000001,91000001,190,429,594,777,825,930,955,945,940,876,814,765,606,569,540,478,335,280
1404.7.1,4,7:10:00,34,90000001,91000001,190,427,592,777,825,930,955,945,940,880,819,765,606,568,540,480,336,281
1404.7.1,4,9:20:00,30,90000001,91000001,190,427,581,775,825,930,955,945,940,881,830,761,602,566,541,482,336,282
1404.7.1,4,11:30:00,58,90000001,91000001,190,425,585,774,825,930,955,945,940,886,823,762,600,566,541,482,336,284
1404.7.1,4,13:40:00,53,90000001,91000001,190,424,586,768,825,930,955,945,940,886,832,761,594,560,542,484,336,283
1404.7.1,8,15:50:00,39,90000001,91000001,190,417,579,777,825,930,955,945,940,890,837,772,588,555,538,477,343,285
1404.7.1,8,18:00:00,47,90000001,91000001,190,418,573,776,825,930,955,945,940,891,837,774,595,556,530,477,344,281
1404.7.1,8,20:10:00,24,90000001,91000001,190,417,571,779,825,930,955,945,940,882,838,776,596,556,525,471,341,287
1404.7.1,5,22:20:00,67,90000001,91000001,190,417,563,760,825,930,955,945,940,885,837,773,599,555,521,463,331,289
1404.7.2,5,0:30:00,72,90000001,91000001,190,423,558,781,825,930,955,945,940,886,828,784,601,558,523,460,332,279
1404.7.2,5,2:40:00,51,90000001,91000001,190,430,559,780,830,935,955,945,940,882,835,768,601,559,526,453,324,286
1404.7.2,5,4:50:00,25,90000001,91000001,190,430,561,766,830,935,955,945,940,880,836,776,603,558,530,455,327,279
1404.7.2,4,7:00:00,75,90000001,91000001,190,431,562,766,830,935,959,945,940,881,831,777,604,557,531,455,328,271
1404.7.2,4,9:10:00,4,90000001,91000001,190,431,564,765,830,935,960,949,942,884,834,778,602,562,531,464,327,283
1404.7.2,4,11:20:00,76,90000001,91000001,190,434,565,760,830,935,960,950,942,883,833,777,602,560,531,462,328,280
1404.7.2,4,13:30:00,31,90000001,91000001,190,431,569,755,830,935,960,950,943,883,830,765,602,562,531,462,322,275
1404.7.2,8,15:40:00,10,90000001,91000001,190,430,568,756,830,935,960,950,943,885,831,776,602,561,531,462,328,280
1404.7.2,8,17:50:00,70,90000001,91000001,190,430,579,768,830,935,960,950,945,888,830,761,601,558,532,468,325,274
1404.7.2,8,20:00:00,66,90000001,91000001,190,427,582,768,830,935,960,950,945,885,833,771,601,559,531,458,324,275
1404.7.2,5,22:10:00,38,90000001,91000001,190,429,576,769,830,935,960,950,945,885,827,780,598,560,522,455,323,271
1404.7.3,5,0:20:00,77,90000001,91000001,190,430,573,770,825,935,960,950,945,886,830,771,599,555,524,455,320,270
1404.7.3,5,2:30:00,21,90000001,91000001,190,430,585,761,825,930,960,950,945,889,833,766,598,556,526,451,310,270
1404.7.3,5,4:40:00,68,90000001,91000001,190,415,586,764,825,930,960,950,945,888,834,774,599,556,518,455,321,266
1404.7.3,5,6:50:00,55,90000001,91000001,190,419,584,765,825,930,960,950,945,892,837,782,591,563,522,461,322,275
1404.7.3,5,9:00:00,29,90000001,91000001,190,425,574,756,825,930,955,950,945,890,835,782,594,552,524,451,303,271
1404.7.3,5,11:10:00,42,90000001,91000001,190,428,563,753,825,930,955,945,945,886,836,778,597,554,532,454,319,267
1404.7.3,5,13:20:00,45,90000001,91000001,190,424,553,753,825,930,955,945,945,888,835,778,599,557,516,455,315,274
1404.7.3,8,15:30:00,6,90000001,91000001,190,420,561,776,825,930,955,945,945,889,835,778,604,561,522,464,313,270
1404.7.3,8,17:40:00,54,90000001,91000001,190,417,563,764,825,930,955,945,945,877,835,781,605,563,524,448,314,269
1404.7.3,8,19:50:00,1,90000001,91000001,190,420,571,760,825,930,955,945,940,883,832,777,606,565,527,450,316,267
1404.7.3,5,22:00:00,41,90000001,91000001,190,415,567,755,825,930,955,945,940,889,820,780,605,566,530,450,326,267
1404.7.4,5,0:10:00,28,90000001,91000001,190,410,561,752,825,930,955,945,940,891,831,767,604,565,531,454,311,275
1404.7.4,5,2:20:00,71,90000001,91000001,190,420,566,756,825,930,955,945,940,887,834,773,604,563,531,458,310,267
1404.7.4,5,4:30:00,61,90000001,91000001,190,414,566,760,825,930,955,945,940,885,835,776,602,564,530,460,308,260
1404.7.4,5,6:40:00,57,90000001,91000001,190,412,567,774,825,930,955,945,940,889,837,782,584,561,531,464,315,262
1404.7.4,5,8:50:00,65,90000001,91000001,190,412,558,757,825,930,955,945,940,875,834,778,599,545,530,464,315,265
1404.7.4,5,11:00:00,40,90000001,91000001,190,414,553,751,825,930,955,945,940,876,830,776,599,557,528,462,319,265
1404.7.4,5,13:10:00,23,90000001,91000001,190,410,548,743,825,930,955,945,940,885,815,773,600,558,514,461,318,266
1404.7.4,8,15:20:00,16,90000001,91000001,190,411,547,750,825,930,955,945,940,886,820,761,603,560,524,460,315,270
1404.7.4,8,17:30:00,43,90000001,91000001,190,408,540,752,825,930,955,945,940,890,834,754,607,565,528,440,317,267
1404.7.4,8,19:40:00,2,90000001,91000001,190,409,547,752,825,930,955,945,940,890,834,766,602,567,530,448,317,267
1404.7.4,8,21:50:00,63,90000001,91000001,190,408,547,750,825,930,955,945,940,888,834,771,585,567,561,453,308,264
1404.7.5,4,0:00:00,50,90000001,91000001,190,407,550,748,825,930,955,945,940,874,835,774,593,547,532,458,294,258
1404.7.5,4,2:10:00,3,90000001,91000001,190,407,552,747,825,930,955,945,940,883,830,779,596,551,529,459,308,244
1404.7.5,4,4:20:00,17,90000001,91000001,190,404,552,742,825,930,955,945,940,888,822,778,599,556,515,462,311,253
1404.7.5,4,6:30:00,62,90000001,91000001,190,410,545,737,825,930,955,945,940,890,828,761,605,562,525,444,257,257
1404.7.5,4,8:40:00,29,90000001,91000001,190,411,545,738,825,930,955,945,940,891,832,762,604,561,524,443,258,258
1404.7.5,4,10:50:00,8,90000001,91000001,190,410,545,737,825,930,955,945,940,885,835,761,600,562,525,444,257,257
1404.7.5,4,13:00:00,7,90000001,91000001,190,410,542,737,825,930,955,945,940,885,835,762,582,558,527,450,317,260
1404.7.5,5,15:10:00,78,90000001,91000001,190,408,544,738,825,930,955,945,940,889,834,765,593,545,525,456,309,258
1404.7.5,5,17:20:00,56,90000001,91000001,190,410,548,740,825,930,955,945,940,887,835,767,595,550,524,459,300,239
1404.7.5,5,19:30:00,60,90000001,91000001,190,417,554,741,825,930,955,945,940,889,835,773,600,555,510,458,300,241
1404.7.5,5,21:40:00,33,90000001,91000001,190,416,561,741,825,930,955,945,940,888,836,774,599,561,520,452,308,244
1404.7.5,8,23:50:00,18,90000001,91000001,190,417,563,739,825,930,955,945,940,887,836,781,601,558,524,455,310,250
1404.7.6,8,2:00:00,32,90000001,91000001,190,415,566,742,825,930,955,945,940,888,835,779,603,558,526,444,305,254
1404.7.6,8,4:10:00,46,90000001,91000001,190,416,568,764,825,930,955,945,940,887,837,783,605,452,526,452,301,258
1404.7.6,4,6:20:00,73,90000001,91000001,190,415,567,748,825,930,955,945,940,887,836,781,605,562,528,455,302,257
1404.7.6,4,8:30:00,5,90000001,91000001,190,416,566,747,825,930,955,945,940,888,837,781,605,562,528,455,303,256
1404.7.6,4,10:40:00,34,90000001,91000001,190,415,565,746,825,930,955,945,940,888,838,781,605,561,528,455,303,255
1404.7.6,4,12:50:00,27,90000001,91000001,190,416,566,745,825,930,955,945,940,889,838,780,606,561,528,456,303,256
1404.7.6,5,15:00:00,52,90000001,91000001,190,415,544,746,825,930,955,945,940,888,836,775,609,573,535,460,300,251
1404.7.6,5,17:10:00,14,90000001,91000001,190,414,545,751,825,930,955,945,940,885,837,777,612,572,535,463,311,252
1404.7.6,5,19:20:00,59,90000001,91000001,190,415,548,748,825,930,955,945,940,889,836,778,611,571,539,466,314,260
1404.7.6,5,21:30:00,35,90000001,91000001,190,419,550,747,825,930,955,945,940,886,839,778,613,571,538,465,313,255
1404.7.6,8,23:40:00,48,90000001,91000001,190,413,553,747,825,930,955,945,940,882,836,783,613,574,538,469,317,259
1404.7.7,8,1:50:00,13,90000001,91000001,190,413,553,740,825,930,955,945,940,884,840,789,613,574,542,480,319,265
1404.7.7,8,4:00:00,20,90000001,91000001,190,407,555,738,825,930,955,945,940,886,838,786,614,574,542,476,318,261
1404.7.7,4,6:10:00,37,90000001,91000001,190,407,555,743,825,930,955,945,940,889,837,783,614,574,542,473,317,266
1404.7.7,4,8:20:00,53,90000001,91000001,190,408,557,742,825,930,955,945,940,890,837,783,612,574,542,473,321,266
1404.7.7,4,10:30:00,30,90000001,91000001,190,400,555,740,825,930,955,945,940,890,839,782,613,571,542,475,322,270
1404.7.7,4,12:40:00,58,90000001,91000001,190,400,555,739,825,930,955,945,940,891,839,781,611,571,542,478,324,270
1404.7.7,5,14:50:00,74,90000001,91000001,190,409,548,745,825,930,955,945,940,888,838,776,612,572,539,477,330,268
1404.7.7,5,17:00:00,47,90000001,91000001,190,397,545,743,825,930,955,945,940,885,836,777,609,572,541,477,328,268
1404.7.7,5,19:10:00,72,90000001,91000001,190,401,545,750,825,930,955,945,940,886,836,777,612,567,541,474,330,271
1404.7.7,5,21:20:00,24,90000001,91000001,190,415,558,750,825,930,955,945,940,886,836,777,608,570,540,476,331,272
1404.7.7,8,23:30:00,36,90000001,91000001,190,426,558,745,825,930,955,945,940,888,836,780,611,567,538,477,332,275
1404.7.8,8,1:40:00,75,90000001,91000001,190,429,550,721,825,930,955,945,940,886,837,781,610,570,540,477,331,275
1404.7.8,8,3:50:00,25,90000001,91000001,190,428,561,748,825,930,955,945,940,887,836,779,607,567,538,475,332,273
1404.7.8,4,6:00:00,64,90000001,91000001,190,427,562,747,825,930,955,945,940,888,837,778,608,567,538,474,332,273
1404.7.8,4,8:10:00,51,90000001,91000001,190,429,572,732,825,930,955,945,940,891,837,784,610,569,539,478,335,276
1404.7.8,4,10:20:00,19,90000001,91000001,190,429,571,741,825,930,955,945,940,890,838,782,609,568,539,480,334,275
1404.7.8,4,12:30:00,67,90000001,91000001,190,428,571,746,825,930,955,945,940,890,837,781,610,568,538,481,334,275
1404.7.8,5,14:40:00,12,90000001,91000001,190,423,552,726,825,930,955,945,940,885,835,776,613,569,540,479,335,282
1404.7.8,5,16:50:00,39,90000001,91000001,190,428,557,728,825,930,955,945,940,886,836,780,614,572,538,478,338,283
1404.7.8,5,19:00:00,69,90000001,91000001,190,422,560,749,825,930,955,945,940,884,839,778,614,571,542,480,342,283
1404.7.8,5,21:10:00,68,90000001,91000001,190,424,561,756,825,930,955,945,940,880,840,777,614,573,543,479,341,281
1404.7.8,8,23:20:00,77,90000001,91000001,190,424,562,750,825,930,955,945,940,883,835,778,614,572,544,482,342,287
1404.7.8,8,1;30,70,90000001,91000001,190,420,565,747,825,930,955,945,940,886,830,780,613,574,545,483,342,289
1404.7.9,8,3:40:00,55,90000001,91000001,190,417,565,754,825,930,955,945,940,884,835,777,610,571,543,483,342,285
1404.7.9,8,5:50:00,38,90000001,91000001,190,400,562,752,825,930,955,945,940,883,836,775,612,571,545,486,343,288
1404.7.9,4,8:00:00,79,90000001,91000001,190,400,561,751,825,930,955,945,940,889,830,774,612,572,545,484,344,290
1404.7.9,4,10:10:00,10,90000001,91000001,190,385,547,755,825,910,951,915,910,862,822,771,607,571,545,485,345,292
1404.7.9,4,12:30:00,42,90000001,91000001,190,385,547,751,825,930,955,925,917,867,824,772,607,571,545,414,344,291
1404.7.9,8,14:40:00,80,90000001,91000001,190,402,529,747,825,930,955,933,920,863,815,766,610,567,548,483,344,295
1404.7.9,8,16:50:00,44,90000001,91000001,190,411,537,744,825,930,955,931,920,870,810,763,600,568,535,478,346,288
1404.7.9,8,19:00:00,9,90000001,91000001,190,408,562,744,825,930,955,932,920,870,816,750,600,563,535,486,340,285
1404.7.9,8,21:10:00,26,90000001,91000001,190,400,562,748,825,930,953,936,920,872,822,750,603,559,537,475,342,294
1404.7.9,8,23:20:00,61,90000001,91000001,190,404,552,742,825,930,955,936,920,875,830,759,599,563,530,475,342,292
1404.7.10,8,1:30:00,11,90000001,91000001,190,418,560,742,825,930,955,935,921,872,828,764,583,555,528,475,343,283
1404.7.10,8,3:40:00,49,90000001,91000001,190,418,565,730,825,930,955,936,921,870,828,765,591,551,528,470,342,285
1404.7.10,8,5:50:00,23,90000001,91000001,190,425,558,717,825,930,955,935,920,872,826,767,593,551,522,463,333,282
1404.7.10,4,8:00:00,40,90000001,91000001,190,422,557,737,825,930,955,935,922,878,828,767,593,551,524,465,333,283
1404.7.10,4,10:10:00,16,90000001,91000001,190,420,556,742,825,930,955,930,922,870,822,767,590,550,525,466,334,282
1404.7.10,4,12:20:00,2,90000001,91000001,190,422,555,736,825,930,955,935,932,882,828,766,591,551,523,462,335,280
1404.7.10,5,14:30:00,17,90000001,91000001,190,419,567,747,825,930,955,937,940,881,832,767,594,557,521,445,321,273
1404.7.10,5,16:40:00,65,90000001,91000001,190,417,564,754,825,930,955,939,940,886,835,771,599,554,523,447,314,274
1404.7.10,5,18:50:00,50,90000001,91000001,190,418,558,735,825,930,955,939,940,888,833,776,603,558,527,452,309,273
1404.7.10,5,21:00:00,62,90000001,91000001,190,412,559,732,825,930,955,938,940,885,835,774,603,558,525,451,305,264
1404.7.10,8,23:10:00,6,90000001,91000001,190,412,554,754,825,930,955,938,940,884,835,779,606,562,528,457,305,262
1404.7.11,8,1:20:00,45,90000001,91000001,190,413,550,759,825,930,955,943,940,880,834,782,606,564,531,455,309,259
1404.7.11,8,3:30:00,21,90000001,91000001,190,413,549,760,825,930,955,943,940,879,835,780,605,561,531,455,311,261
1404.7.11,8,5:40:00,22,90000001,91000001,190,418,548,752,825,930,955,943,940,883,827,779,608,563,531,460,310,264
1404.7.11,4,7:50:00,66,90000001,91000001,190,417,547,751,825,930,955,943,940,882,828,778,607,563,533,461,311,264
1404.7.11,4,10:00:00,31,90000001,91000001,190,415,552,737,825,930,955,943,940,885,831,757,614,568,534,468,322,274
1404.7.11,4,12:10:00,76,90000001,91000001,190,411,551,737,825,930,955,943,940,888,831,756,610,570,534,466,322,274
1404.7.11,5,14:20:00,4,90000001,91000001,190,407,551,735,825,930,955,942,940,882,830,765,595,567,536,468,315,266
1404.7.11,5,16:30:00,54,90000001,91000001,190,408,552,735,825,930,955,943,940,882,823,769,599,559,537,468,318,267
1404.7.11,5,18:40:00,1,90000001,91000001,190,409,554,737,825,930,955,943,940,882,818,771,602,555,534,468,320,268
1404.7.11,5,20:50:00,41,90000001,91000001,190,414,557,739,825,930,955,943,940,881,811,765,594,559,518,473,321,267
1404.7.11,8,23:00:00,28,90000001,91000001,190,412,558,742,825,930,955,944,940,882,821,757,595,556,524,468,322,268
1404.7.12,8,1:10:00,71,90000001,91000001,190,418,559,754,825,930,955,943,940,885,825,754,602,555,528,448,318,267
1404.7.12,8,3:20:00,57,90000001,91000001,190,415,557,751,825,930,955,943,940,887,832,762,597,557,520,453,328,270
1404.7.12,8,5:30:00,8,90000001,91000001,190,417,565,747,825,930,955,943,940,887,832,770,585,552,520,455,319,273
1404.7.12,4,7:40:00,7,90000001,91000001,190,413,565,747,825,930,955,943,940,887,835,771,587,551,522,455,318,273
1404.7.12,4,9:50:00,3,90000001,91000001,190,419,566,748,825,930,955,943,940,887,835,771,588,545,523,456,317,272
1404.7.12,8,15:00:00,60,90000001,91000001,190,408,557,743,825,915,955,903,906,836,790,730,553,518,454,395,236,195
1404.7.12,8,17:10:00,18,90000001,91000001,190,414,563,740,825,929,955,917,929,849,795,732,558,519,468,390,241,195
1404.7.12,8,19:20:00,43,90000001,91000001,190,417,565,476,825,930,955,925,940,859,505,736,561,519,473,377,237,208
1404.7.12,8,21:30:00,46,90000001,91000001,190,418,569,756,825,930,955,927,940,868,808,743,566,522,479,386,240,198
1404.7.12,5,23:40:00,34,90000001,91000001,190,413,574,751,825,930,955,936,940,836,817,749,569,525,481,389,237,199
1404.7.13,5,1:50:00,73,90000001,91000001,190,418,578,753,825,930,955,938,940,870,820,753,577,533,485,398,240,200
1404.7.13,5,4:00:00,63,90000001,91000001,190,423,583,754,825,930,955,939,940,870,822,761,581,540,491,401,244,200
1404.7.13,4,6:10:00,53,90000001,91000001,190,420,581,752,825,930,955,940,940,870,824,762,583,544,493,404,242,203
1404.7.13,4,8:20:00,74,90000001,91000001,190,411,580,747,825,930,955,940,940,870,823,761,589,547,494,409,241,203
1404.7.13,4,10:30:00,47,90000001,91000001,190,410,580,749,825,930,955,940,940,871,824,761,590,551,495,411,245,202
1404.7.13,4,12:40:00,36,90000001,91000001,190,411,578,748,825,930,955,940,940,870,824,765,597,551,507,416,252,205
1404.7.13,8,14:50:00,75,90000001,91000001,190,410,567,752,825,930,955,940,940,870,829,764,596,555,512,421,255,204
1404.7.13,8,17:00:00,25,90000001,91000001,190,411,562,756,825,930,955,940,940,870,828,767,600,561,516,420,258,206
1404.7.13,8,19:10:00,27,90000001,91000001,190,428,578,750,825,930,955,940,940,870,817,771,605,564,518,424,262,210
1404.7.13,8,21:20:00,24,90000001,91000001,190,434,578,754,825,930,955,940,940,870,824,771,605,570,522,430,263,211
1404.7.13,5,23:30:00,64,90000001,91000001,190,430,569,733,825,930,955,942,940,870,829,769,608,570,524,433,260,213
1404.7.14,5,1:40:00,72,90000001,91000001,190,431,581,753,825,930,955,942,940,870,828,777,611,574,532,441,273,218
1404.7.14,5,3:50:00,68,90000001,91000001,190,428,589,745,825,930,955,941,940,870,828,779,609,574,533,446,275,221
1404.7.14,4,6:00:00,15,90000001,91000001,190,424,595,732,825,930,955,941,940,870,829,780,608,574,535,451,280,226
1404.7.14,4,8:10:00,55,90000001,91000001,190,424,591,745,825,930,955,940,940,871,830,781,607,574,535,452,282,227
1404.7.14,4,10:20:00,77,90000001,91000001,190,421,591,744,825,930,955,940,940,870,831,781,607,574,536,457,285,232
1404.7.14,4,12:30:00,38,90000001,91000001,190,409,588,722,825,930,955,940,940,870,830,780,609,574,536,458,287,232
1404.7.14,8,14:40:00,42,90000001,91000001,190,398,571,722,825,930,955,940,940,870,827,769,613,576,537,461,295,236
1404.7.14,8,16:50:00,19,90000001,91000001,190,417,568,745,825,930,955,940,940,870,825,773,613,577,536,458,297,239
1404.7.14,8,19:00:00,49,90000001,91000001,190,400,570,750,825,930,955,940,942,870,825,776,610,577,540,463,306,244
1404.7.14,8,21:10:00,23,90000001,91000001,190,416,564,755,825,930,955,940,940,870,824,777,609,573,547,458,305,245
1404.7.14,5,23:20:00,69,90000001,91000001,190,427,563,753,825,930,955,941,940,870,814,781,610,572,541,463,304,253
1404.7.15,5,1:30:00,10,90000001,91000001,190,427,565,755,825,930,955,940,940,870,818,773,610,573,540,465,303,250
1404.7.15,5,3:40:00,79,90000001,91000001,190,427,566,758,825,930,955,940,940,870,821,768,611,574,537,469,303,249
1404.7.15,5,5:50:00,16,90000001,91000001,190,410,578,728,825,930,955,940,940,869,809,774,613,573,537,464,306,246
1404.7.15,4,8:00:00,70,90000001,91000001,190,420,577,751,825,930,955,940,940,870,817,774,602,574,537,463,307,246
1404.7.15,4,10:10:00,40,90000001,91000001,190,422,575,735,825,930,955,940,940,870,818,775,605,570,537,463,308,252
1404.7.15,4,12:20:00,17,90000001,91000001,190,425,574,722,825,930,955,940,940,871,818,775,609,570,537,465,307,251
1404.7.15,8,14:30:00,39,90000001,91000001,190,428,557,755,825,930,955,940,940,870,810,761,598,568,528,470,307,252
1404.7.15,8,16:40:00,65,90000001,91000001,190,428,564,740,825,930,955,940,940,870,811,750,598,558,532,473,314,250
1404.7.15,8,18:50:00,50,90000001,91000001,190,425,566,730,825,930,955,940,940,870,816,754,604,556,536,460,314,250
1404.7.15,8,21:00:00,62,90000001,91000001,190,425,573,754,825,930,955,940,940,870,821,760,600,562,522,461,321,255
1404.7.15,5,23:10:00,2,90000001,91000001,190,424,566,756,825,930,955,940,940,870,821,767,586,556,526,467,318,260
1404.7.16,5,1:20:00,45,90000001,91000001,190,423,567,750,825,930,955,940,940,870,821,772,592,545,528,452,316,264
1404.7.16,5,3:30:00,6,90000001,91000001,190,422,570,750,825,930,955,940,940,870,817,772,593,548,519,454,313,260
1404.7.16,5,5:40:00,21,90000001,91000001,190,421,573,749,825,930,955,940,940,870,808,768,595,549,507,456,310,254
1404.7.16,4,7:50:00,22,90000001,91000001,190,420,567,746,825,930,955,940,940,870,810,768,595,550,513,447,300,256
1404.7.16,4,10:00:00,13,90000001,91000001,190,420,566,749,825,930,955,943,940,870,810,767,598,551,514,431,301,252
1404.7.16,4,12:10:00,31,90000001,91000001,190,422,565,745,825,930,955,943,940,871,810,766,599,552,515,437,302,251
1404.7.16,8,14:20:00,66,90000001,91000001,190,418,550,745,825,930,955,942,940,869,811,745,590,560,519,436,301,251
1404.7.16,8,16:30:00,71,90000001,91000001,190,419,549,742,825,930,955,942,940,869,807,740,600,549,520,441,296,253
1404.7.16,8,18:40:00,76,90000001,91000001,190,418,558,753,825,930,955,942,940,870,800,744,597,557,525,442,293,255
1404.7.16,8,20:50:00,28,90000001,91000001,190,417,559,746,825,930,955,943,940,869,810,741,585,552,513,443,293,244
1404.7.16,5,23:00:00,41,90000001,91000001,190,417,557,740,825,930,955,942,940,870,815,745,589,544,521,445,289,239
1404.7.17,5,1:10:00,57,90000001,91000001,190,418,554,746,825,930,955,943,940,870,817,754,590,546,518,434,289,240
1404.7.17,5,3:20:00,11,90000001,91000001,190,417,554,747,825,930,955,942,940,870,816,757,588,544,515,436,291,238
1404.7.17,5,5:30:00,8,90000001,91000001,190,415,554,747,825,930,955,942,940,870,816,760,584,540,512,441,297,238
1404.7.17,4,7:40:00,61,90000001,91000001,190,415,555,745,825,930,955,941,940,870,821,761,587,541,511,434,298,245
1404.7.17,4,9:50:00,1,90000001,91000001,190,418,556,745,825,930,955,942,940,870,820,761,595,543,510,437,271,244
1404.7.17,4,12:00:00,60,90000001,91000001,190,410,557,739,825,930,955,942,940,871,822,762,592,544,511,435,272,251
1404.7.17,8,14:10:00,7,90000001,91000001,190,410,535,735,825,930,955,942,940,870,821,760,593,547,511,422,285,254
1404.7.17,8,16:20:00,54,90000001,91000001,190,403,540,739,825,930,955,941,940,870,826,761,597,552,522,430,297,253
1404.7.17,8,18:30:00,18,90000001,91000001,190,400,540,737,825,930,955,941,940,870,825,771,599,552,512,430,292,253
1404.7.17,8,20:40:00,26,90000001,91000001,190,400,541,734,825,930,955,941,940,870,827,776,601,554,516,442,289,247
1404.7.17,5,22:50:00,46,90000001,91000001,190,401,536,736,825,930,955,942,940,870,827,779,604,558,517,433,287,243
1404.7.18,5,1:00:00,9,90000001,91000001,190,400,537,733,825,930,955,942,940,870,826,780,606,557,520,437,283,241
1404.7.18,5,3:10:00,34,90000001,91000001,190,399,538,735,825,930,955,942,940,870,827,781,607,560,522,440,288,241
1404.7.18,5,5:20:00,44,90000001,91000001,190,398,539,736,825,930,955,942,940,870,828,782,609,564,524,445,296,242
1404.7.18,5,7:30:00,53,90000001,91000001,190,388,540,732,825,930,955,940,940,870,828,784,612,566,522,449,294,248
1404.7.18,5,9:40:00,4,90000001,91000001,190,388,532,724,825,930,955,942,940,870,828,775,614,569,533,452,397,248
1404.7.18,5,11:50:00,74,90000001,91000001,190,388,526,721,825,930,955,941,940,870,829,765,614,571,535,456,297,245
1404.7.18,8,14:00:00,47,90000001,91000001,190,389,520,723,825,930,955,941,940,870,827,765,615,571,536,459,297,245
1404.7.18,8,16:10:00,80,90000001,91000001,190,388,526,723,825,930,955,943,940,870,827,770,614,573,538,461,300,247
1404.7.18,8,18:20:00,75,90000001,91000001,190,388,533,721,825,930,955,942,940,870,827,773,614,573,539,464,305,247
1404.7.18,8,20:30:00,12,90000001,91000001,190,391,540,731,825,930,955,942,940,870,826,778,614,572,539,467,310,255
1404.7.18,4,22:40:00,24,90000001,91000001,190,395,543,730,825,930,955,942,940,870,826,779,617,574,541,469,311,252
1404.7.19,4,0:50:00,77,90000001,91000001,190,394,542,734,825,930,955,942,940,870,839,779,617,574,540,469,312,250
1404.7.19,4,3:00:00,68,90000001,91000001,190,392,545,731,825,930,955,942,940,870,831,779,619,574,542,472,317,253
1404.7.19,4,5:10:00,38,90000001,91000001,190,394,552,729,825,930,955,942,940,870,825,780,615,575,542,472,317,252
1404.7.19,4,7:20:00,42,90000001,91000001,190,392,551,732,825,930,955,942,940,869,824,782,615,571,542,474,319,261
1404.7.19,4,9:30:00,69,90000001,91000001,190,395,552,739,825,930,955,942,940,870,825,781,615,572,542,473,319,261
1404.7.19,4,11:40:00,79,90000001,91000001,190,394,551,737,825,930,955,942,940,870,825,780,615,573,542,471,319,261
1404.7.19,4,13:50:00,16,90000001,91000001,190,395,551,738,825,930,955,942,940,871,825,781,615,572,542,475,321,263
1404.7.19,5,16:00:00,36,90000001,91000001,190,398,549,736,825,930,955,942,940,870,824,780,615,572,539,474,324,266
1404.7.19,5,18:10:00,23,90000001,91000001,190,402,557,738,825,930,955,942,940,870,825,778,614,572,541,472,325,264
1404.7.19,5,20:20:00,10,90000001,91000001,190,403,560,736,825,930,955,942,940,870,824,777,614,570,541,471,323,263
1404.7.19,8,22:30:00,70,90000001,91000001,190,403,559,736,825,930,955,942,940,870,827,778,614,573,541,472,327,267
1404.7.20,8,0:40:00,49,90000001,91000001,190,403,565,740,825,930,955,941,940,870,827,780,614,571,539,474,325,266
1404.7.20,8,2:50:00,25,90000001,91000001,190,409,569,742,825,930,955,941,940,870,826,781,613,571,539,472,324,266
1404.7.20,8,5:00:00,67,90000001,91000001,190,409,568,746,825,930,955,941,940,870,825,781,613,570,540,473,327,264
1404.7.20,4,7:10:00,51,90000001,91000001,190,408,570,752,825,930,955,941,940,870,822,787,612,570,542,474,328,263
1404.7.20,4,9:20:00,17,90000001,91000001,190,407,571,751,825,930,955,942,940,871,824,782,611,571,541,474,328,262
1404.7.20,4,11:30:00,40,90000001,91000001,190,408,572,752,825,930,955,942,940,871,824,781,612,571,542,473,327,261
1404.7.20,4,13:40:00,39,90000001,91000001,190,412,571,751,825,930,955,942,940,872,824,781,611,571,542,473,326,262
1404.7.20,5,15:50:00,50,90000001,91000001,190,409,559,745,825,930,955,942,940,870,826,773,612,572,540,473,327,266
1404.7.20,5,18:00:00,65,90000001,91000001,190,409,555,748,825,930,955,940,940,870,827,777,614,571,541,473,330,270
1404.7.20,5,20:10:00,21,90000001,91000001,190,408,566,755,825,930,955,941,940,869,823,780,611,569,543,474,326,270
1404.7.20,8,22:20:00,6,90000001,91000001,190,409,562,758,825,930,955,942,940,870,820,780,612,567,540,474,326,268
1404.7.21,8,0:30:00,37,90000001,91000001,190,411,562,758,825,930,955,941,940,870,824,781,610,568,539,474,327,267
1404.7.21,8,2:40:00,45,90000001,91000001,190,411,559,755,825,930,955,941,940,870,825,782,611,568,538,473,326,262
1404.7.21,8,4:50:00,13,90000001,91000001,190,409,565,754,825,930,955,941,940,870,828,782,610,570,539,472,330,267
1404.7.21,4,7:00:00,52,90000001,91000001,190,410,567,744,825,930,955,941,940,869,826,783,611,565,537,471,330,268
1404.7.21,4,9:10:00,58,90000001,91000001,190,410,566,748,825,930,955,942,940,869,827,781,610,565,538,472,331,267
1404.7.21,4,11:20:00,22,90000001,91000001,190,411,565,746,825,930,955,942,940,870,828,781,611,565,539,472,332,266
1404.7.21,4,13:30:00,66,90000001,91000001,190,411,551,740,825,930,955,943,940,872,828,774,610,565,541,472,325,267
1404.7.21,5,15:40:00,31,90000001,91000001,190,404,546,732,825,930,955,944,940,870,826,767,606,571,540,467,321,268
1404.7.21,5,17:50:00,71,90000001,91000001,190,404,552,737,825,930,955,943,940,870,829,773,612,565,538,469,317,262
1404.7.21,5,20:00:00,2,90000001,91000001,190,404,556,745,825,930,955,942,940,870,822,776,610,568,537,473,313,259
1404.7.21,8,22:10:00,8,90000001,91000001,190,400,548,744,825,930,955,943,940,870,821,775,608,567,534,471,317,259
1404.7.22,8,0:20:00,11,90000001,91000001,190,401,543,735,825,930,955,942,940,870,826,773,608,564,535,472,320,258
1404.7.22,8,2:30:00,57,90000001,91000001,190,403,545,743,825,930,955,942,940,870,824,774,610,564,535,469,319,262
1404.7.22,8,4:40:00,61,90000001,91000001,190,400,540,743,825,930,955,942,940,870,828,778,609,568,535,469,325,265
1404.7.22,4,6:50:00,60,90000001,91000001,190,402,537,735,825,930,955,942,940,871,825,777,611,565,539,465,322,263
1404.7.22,4,9:00:00,41,90000001,91000001,190,402,538,735,825,930,955,942,940,870,825,777,610,565,538,464,325,264
1404.7.22,4,11:10:00,7,90000001,91000001,190,402,537,735,825,930,955,942,940,870,826,777,610,565,538,465,325,267
1404.7.22,4,13:20:00,28,90000001,91000001,190,402,538,733,825,9930,955,943,940,870,827,778,611,565,539,466,326,264
1404.7.22,5,15:30:00,76,90000001,91000001,190,398,540,733,825,930,955,942,940,870,828,778,612,569,538,469,317,263
1404.7.22,5,17:40:00,18,90000001,91000001,190,398,541,728,825,930,955,941,940,870,826,780,614,570,537,468,311,263
1404.7.22,5,19:50:00,1,90000001,91000001,190,399,542,730,825,930,955,941,940,870,825,780,614,571,538,479,319,259
1404.7.22,8,22:00:00,46,90000001,91000001,190,401,539,743,825,930,955,942,940,870,827,783,615,571,540,472,322,265
1404.7.23,8,0:10:00,62,90000001,91000001,190,399,538,737,825,930,955,941,940,870,827,785,615,573,541,473,323,268
1404.7.23,8,2:20:00,53,90000001,91000001,190,398,539,740,825,930,955,942,940,870,827,787,614,574,543,474,330,268
1404.7.23,8,4:30:00,44,90000001,91000001,190,395,538,740,825,930,955,942,940,870,827,788,612,571,543,475,330,273
1404.7.23,4,6:40:00,9,90000001,91000001,190,394,541,745,825,930,955,942,940,870,828,786,612,569,542,476,332,271
1404.7.23,4,8:50:00,26,90000001,91000001,190,395,540,742,825,930,955,942,940,870,828,786,610,570,543,477,332,272
1404.7.23,4,11:20:00,15,90000001,91000001,190,375,530,702,825,930,955,940,940,865,825,777,590,562,488,463,255,207
1404.7.23,4,13:30:00,47,90000001,91000001,190,389,531,730,825,930,955,942,940,870,826,775,599,565,530,465,308,243
1404.7.23,5,15:40:00,4,90000001,91000001,190,390,528,732,825,930,955,943,940,870,825,777,605,568,537,471,318,254
1404.7.23,5,17:50:00,74,90000001,91000001,190,394,528,741,825,930,955,945,940,870,829,780,608,568,541,474,324,261
1404.7.23,5,20:00:00,34,90000001,91000001,190,400,534,752,825,930,955,943,940,870,831,783,611,570,544,475,325,266
1404.7.23,8,22:10:00,54,90000001,91000001,190,400,535,752,825,930,955,944,940,870,830,785,613,572,546,479,332,270
1404.7.24,8,0:20:00,68,90000001,91000001,190,400,534,745,825,930,955,943,940,870,832,788,614,572,547,483,335,274
1404.7.24,8,2:30:00,80,90000001,91000001,190,395,535,738,825,930,955,944,940,870,834,787,616,574,547,484,336,278
1404.7.24,8,4:40:00,42,90000001,91000001,190,396,535,740,825,930,955,943,940,870,832,785,613,572,546,482,334,275
1404.7.24,8,6:50:00,38,90000001,91000001,190,398,533,745,825,930,955,942,940,870,832,790,614,575,550,489,345,285
1404.7.24,8,9:00:00,12,90000001,91000001,190,388,527,738,825,930,955,941,940,870,831,784,614,577,551,489,347,287
1404.7.24,8,11:10:00,16,90000001,91000001,190,388,520,734,825,930,955,942,940,870,830,788,614,578,550,490,346,291
1404.7.24,8,13:20:00,79,90000001,91000001,190,388,520,727,825,930,955,943,940,870,831,779,614,577,550,491,345,290
1404.7.24,5,15:30:00,36,90000001,91000001,190,394,521,734,825,930,955,943,940,870,825,779,615,579,550,491,347,290
1404.7.24,5,17:40:00,67,90000001,91000001,190,389,523,727,825,930,955,942,940,870,829,782,615,578,551,491,347,292
1404.7.24,5,19:50:00,25,90000001,91000001,190,392,527,734,825,930,955,942,940,870,827,780,613,577,551,490,346,289
1404.7.24,8,22:00:00,69,90000001,91000001,190,389,536,732,825,930,955,941,940,870,828,779,614,576,552,491,347,289
1404.7.25,8,0:10:00,49,90000001,91000001,190,390,537,734,825,930,955,941,940,870,829,779,614,577,552,493,348,292
1404.7.25,8,2:20:00,77,90000001,91000001,190,392,540,740,825,930,955,941,940,870,829,778,612,575,550,495,349,295
1404.7.25,8,4:30:00,24,90000001,91000001,190,390,540,740,825,930,955,941,940,870,830,788,611,575,553,496,356,296
1404.7.25,8,6:40:00,70,90000001,91000001,190,391,543,741,825,930,955,943,940,870,825,786,610,573,553,494,360,295
1404.7.25,8,8:50:00,17,90000001,91000001,190,390,535,742,825,930,955,942,940,870,830,784,611,573,553,496,358,295
1404.7.25,8,11:00:00,51,90000001,91000001,190,391,530,741,825,930,955,941,940,870,830,781,612,574,550,498,355,300
1404.7.25,8,13:10:00,50,90000001,91000001,190,389,525,730,825,930,955,940,940,870,830,776,612,574,549,495,359,300
1404.7.25,5,15:20:00,65,90000001,91000001,190,391,526,739,825,930,955,940,940,870,828,779,612,575,548,494,358,299
1404.7.25,5,17:30:00,21,90000001,91000001,190,389,525,739,825,930,955,942,940,870,828,781,609,573,549,482,355,300
1404.7.25,5,19:40:00,6,90000001,91000001,190,388,526,739,825,930,955,942,940,870,829,782,608,571,550,492,356,297
1404.7.25,5,21:50:00,75,90000001,91000001,190,387,522,733,825,930,955,942,940,870,825,782,609,572,546,491,348,291
1404.7.26,4,0:00:00,37,90000001,91000001,190,388,525,739,825,930,955,942,940,870,829,778,608,572,544,491,348,290
1404.7.26,4,2:10:00,22,90000001,91000001,190,383,528,735,825,930,955,942,940,870,827,781,607,571,543,490,347,291
1404.7.26,4,4:20:00,66,90000001,91000001,190,382,532,732,825,930,955,942,940,870,827,782,607,570,545,487,347,290
1404.7.26,4,6:30:00,71,90000001,91000001,190,382,535,741,825,930,955,942,940,871,828,781,606,571,549,488,346,291
1404.7.26,4,8:40:00,2,90000001,91000001,190,381,539,725,825,930,955,940,940,871,828,780,606,571,547,487,348,292
1404.7.26,4,10:50:00,55,90000001,91000001,190,382,538,726,825,930,955,940,940,872,828,781,606,571,547,488,347,291
1404.7.26,4,13:00:00,60,90000001,91000001,190,382,539,720,825,930,955,942,940,871,828,781,608,572,547,489,347,292
1404.7.26,8,15:10:00,10,90000001,91000001,190,384,535,726,825,930,955,941,940,870,830,777,608,571,550,489,348,289
1404.7.26,8,17:20:00,61,90000001,91000001,190,382,537,719,825,930,955,941,940,870,826,781,607,570,548,487,347,284
1404.7.26,8,19:30:00,57,90000001,91000001,190,387,543,722,825,930,955,941,940,870,823,779,605,570,547,488,346,285
1404.7.26,8,21:40:00,11,90000001,91000001,190,390,549,733,825,930,955,941,940,870,828,780,608,568,548,486,347,284
1404.7.26,5,23:50:00,41,90000001,91000001,190,392,552,726,825,930,955,941,940,870,826,779,608,569,544,487,346,284
1404.7.27,5,2:00:00,8,90000001,91000001,190,393,556,733,825,930,955,941,940,870,827,780,607,569,546,486,345,382
1404.7.27,5,4:10:00,30,90000001,91000001,190,391,561,732,825,930,955,942,940,870,825,782,607,569,544,483,342,281
1404.7.27,4,6:20:00,29,90000001,91000001,190,391,561,732,825,930,955,941,940,870,828,781,608,568,544,484,341,285
1404.7.27,4,8:30:00,31,90000001,91000001,190,391,561,735,825,930,955,941,940,870,828,781,609,567,545,485,342,288
1404.7.27,4,10:40:00,28,90000001,91000001,190,396,556,738,825,930,955,941,940,870,828,784,611,571,544,486,339,284
1404.7.27,4,12:50:00,7,90000001,91000001,190,399,552,736,825,930,955,941,940,871,827,783,610,571,545,487,338,285
1404.7.27,8,15:00:00,53,90000001,91000001,190,396,550,736,825,930,955,941,940,870,828,782,611,572,546,487,347,291
1404.7.27,8,17:10:00,76,90000001,91000001,190,393,549,745,825,930,955,941,940,870,827,781,612,573,545,486,344,287
1404.7.27,8,19:20:00,46,90000001,91000001,190,393,547,755,825,930,955,941,940,870,829,786,613,573,546,485,348,286
1404.7.27,8,21:30:00,44,90000001,91000001,190,396,546,750,825,930,955,940,940,870,827,786,613,574,547,483,348,287
1404.7.27,5,23:40:00,18,90000001,91000001,190,401,548,759,825,930,955,941,940,870,827,789,614,572,548,485,349,289
1404.7.28,5,1:50:00,62,90000001,91000001,190,394,545,750,825,930,955,940,940,870,828,787,614,573,546,488,349,297
1404.7.28,5,4:00:00,1,90000001,91000001,190,392,550,751,825,930,955,940,940,870,828,789,613,575,547,490,346,292
1404.7.28,4,6:10:00,9,90000001,91000001,190,394,551,742,825,930,955,940,940,870,828,783,613,575,547,492,346,293
1404.7.28,4,8:20:00,26,90000001,91000001,190,393,551,741,825,930,955,940,940,871,828,781,613,575,547,491,346,292
1404.7.28,4,10:30:00,47,90000001,91000001,190,398,532,736,825,930,955,942,940,870,830,786,615,577,549,497,357,297
1404.7.28,4,12:40:00,58,90000001,91000001,190,389,531,731,825,930,955,942,940,871,831,784,615,577,549,498,356,298
1404.7.28,4,14:50:00,15,90000001,91000001,190,391,531,732,825,920,955,942,940,870,831,784,615,577,548,497,357,298
1404.7.28,4,17:00:00,52,90000001,91000001,190,392,532,732,825,930,955,942,940,870,832,783,615,577,548,498,356,297
1404.7.28,4,19:10:00,13,90000001,91000001,190,388,534,735,825,930,955,942,940,870,827,784,614,575,548,488,347,285
1404.7.28,4,21:20:00,34,90000001,91000001,190,388,535,736,825,930,955,942,940,870,828,784,613,574,547,489,347,285
1404.7.28,5,23:30:00,45,90000001,91000001,190,388,540,736,825,930,955,942,940,870,830,782,610,573,546,486,344,283
1404.7.29,5,1:40:00,42,90000001,91000001,190,387,539,736,825,930,955,942,940,870,829,783,610,573,547,487,346,285
1404.7.29,5,3:50:00,80,90000001,91000001,190,389,532,733,825,930,955,942,940,870,830,788,613,575,547,486,347,283
1404.7.29,4,6:00:00,68,90000001,91000001,190,388,535,735,825,930,955,942,940,870,831,786,613,573,544,486,347,288
1404.7.29,4,8:10:00,54,90000001,91000001,190,389,535,733,825,930,955,942,940,871,830,785,613,573,544,485,347,289
1404.7.29,4,10:20:00,16,90000001,91000001,190,388,534,733,825,930,955,942,940,870,830,784,611,573,544,486,347,290
1404.7.29,4,12:30:00,72,90000001,91000001,190,389,535,737,825,930,955,942,940,870,830,783,615,573,544,485,347,291
1404.7.29,8,14:40:00,38,90000001,91000001,190,388,525,724,825,930,955,941,940,870,830,788,615,578,545,490,350,294
1404.7.29,8,16:50:00,12,90000001,91000001,190,388,524,735,825,930,955,941,940,870,827,785,618,579,551,489,346,293
1404.7.29,8,19:00:00,4,90000001,91000001,190,390,522,744,825,930,955,941,940,870,830,785,615,578,554,492,356,294
1404.7.29,8,21:10:00,24,90000001,91000001,190,392,525,740,825,930,955,942,940,870,830,787,616,579,554,504,352,294
1404.7.29,5,23:20:00,79,90000001,91000001,190,389,830,743,825,930,955,942,940,870,831,787,615,581,555,495,355,298
1404.7.30,5,1:30:00,40,90000001,91000001,190,390,531,740,825,930,955,942,940,870,830,790,613,579,556,497,357,299
1404.7.30,5,3:40:00,70,90000001,91000001,190,391,533,737,825,930,955,942,940,870,829,795,612,574,558,500,360,300
1404.7.30,5,5:50:00,77,90000001,91000001,190,391,533,736,825,930,955,942,940,870,832,795,615,575,556,503,361,301
1404.7.30,4,8:00:00,17,90000001,91000001,190,393,522,734,825,930,955,942,940,870,834,795,614,577,554,506,364,304
1404.7.30,4,10:10:00,39,90000002,92000001,190,394,523,735,825,930,955,942,940,871,834,795,615,577,554,504,365,304
1404.7.30,4,12:20:00,49,90000001,91000001,190,399,525,730,825,930,955,942,940,871,835,796,915,576,555,501,364,303
1404.7.30,8,14:30:00,69,90000001,91000001,190,393,531,735,825,930,955,942,940,870,833,783,612,576,555,498,374,310
1404.7.30,8,16:40:00,19,90000001,91000001,190,392,528,743,825,930,955,942,940,870,830,783,612,574,554,496,373,310
1404.7.30,8,18:50:00,25,90000001,91000001,190,392,530,745,825,930,955,940,940,870,830,786,612,575,552,496,364,314
1404.7.30,8,21:00:00,50,90000001,91000001,190,386,536,745,825,930,955,942,940,870,832,785,613,577,554,497,367,313
1404.7.30,5,23:10:00,51,90000001,91000001,190,392,539,756,825,930,955,943,940,870,832,788,614,578,554,498,366,310
1404.8.1,5,1:20:00,74,90000002,92000001,190,398,539,771,825,930,955,943,940,870,833,788,614,576,554,497,363,308
1404.8.1,5,3:30:00,67,90000001,91000001,190,400,534,755,825,930,955,942,940,870,832,792,614,577,555,497,362,308
1404.8.1,5,5:40:00,36,90000001,91000001,190,399,528,753,825,930,955,941,940,870,831,794,613,576,553,497,362,310
1404.8.1,4,7:50:00,23,90000001,91000001,190,398,531,754,825,930,955,941,940,870,830,786,615,577,554,500,367,311
1404.8.1,4,10:00:00,75,90000001,91000001,190,395,533,755,825,930,955,941,940,870,830,781,613,577,553,502,366,311
1404.8.1,4,12:10:00,66,90000001,91000001,190,388,531,748,825,930,955,940,940,870,835,784,617,580,556,504,370,315
1404.8.1,8,14:20:00,22,90000001,91000001,190,389,526,736,825,930,955,943,940,870,828,784,626,579,557,503,370,314
1404.8.1,8,16:30:00,37,90000001,91000001,190,393,523,737,825,930,955,944,940,870,831,783,615,575,556,502,370,312
1404.8.1,8,18:40:00,71,90000001,91000001,190,392,525,737,825,930,955,943,940,869,731,784,615,578,556,502,370,311
1404.8.1,8,20:50:00,35,90000001,91000001,190,388,520,743,825,930,955,944,940,871,830,787,614,578,557,503,375,318
1404.8.1,5,23:00:00,6,90000001,91000001,190,384,526,765,825,930,955,942,940,870,817,788,615,578,555,505,373,317
1404.8.2,5,1:10:00,2,90000001,91000001,190,389,536,750,825,930,955,943,940,870,821,774,615,578,555,503,374,315
1404.8.2,5,3:20:00,27,90000001,91000001,190,388,536,754,825,930,955,943,940,870,831,775,615,575,555,503,376,318
1404.8.2,5,5:30:00,60,90000001,91000001,190,389,533,748,825,930,955,943,940,870,830,785,613,577,550,505,379,319
1404.8.2,5,7:40:00,21,90000001,91000001,190,383,533,746,825,930,955,943,940,870,833,787,594,576,555,508,383,321
1404.8.2,5,9:50:00,55,90000001,91000001,190,388,524,746,825,930,955,941,940,870,829,782,603,551,555,505,379,326
1404.8.2,5,12:00:00,65,90000001,91000001,190,383,520,740,825,930,955,944,940,870,831,771,606,565,553,502,378,320
1404.8.2,8,14:10:00,10,90000001,91000001,190,384,513,764,825,930,955,944,940,870,834,778,609,569,540,505,378,325
1404.8.2,8,16:20:00,29,90000001,91000001,190,382,514,763,825,930,955,944,940,869,833,781,608,571,548,500,373,321
1404.8.2,8,18:30:00,30,90000001,91000001,190,378,524,735,825,930,955,942,940,868,830,785,604,571,547,485,376,321
1404.8.2,8,20:40:00,64,90000001,91000001,190,377,527,731,825,930,955,942,940,869,816,785,605,566,547,486,373,321
1404.8.2,4,22:50:00,8,90000001,91000001,190,373,526,731,825,930,955,942,940,870,825,770,608,565,546,488,375,321
1404.8.3,4,1:00:00,53,90000001,91000001,190,372,526,726,825,930,955,942,940,870,832,777,605,572,545,489,370,320
1404.8.3,4,3:10:00,76,90000001,91000001,190,371,525,724,825,930,955,942,940,870,832,776,604,571,544,490,355,319
1404.8.3,4,5:20:00,46,90000001,91000001,190,372,525,726,825,930,955,942,940,871,832,777,585,570,545,487,355,302
1404.8.3,4,7:30:00,44,90000001,91000001,190,372,520,747,825,930,955,942,940,868,833,786,598,550,546,490,358,301
1404.8.3,4,9:40:00,62,90000001,91000001,190,380,522,742,825,930,955,941,940,870,832,783,599,561,546,495,357,307
1404.8.3,4,11:50:00,1,90000001,91000001,190,380,522,742,825,930,955,941,940,870,833,781,599,562,546,496,358,306
1404.8.3,5,14:00:00,26,90000001,91000001,190,370,508,723,825,930,955,942,940,870,830,767,613,568,540,492,364,307
1404.8.3,5,16:10:00,9,90000001,91000001,190,372,509,729,825,930,955,942,940,870,833,771,612,573,542,475,364,308
1404.8.3,5,18:20:00,41,90000001,91000001,190,375,508,741,825,930,955,944,940,870,836,783,611,575,545,485,365,311
1404.8.3,5,20:30:00,11,90000001,91000001,190,378,507,729,825,930,955,944,940,870,837,787,591,576,548,489,354,312
1404.8.3,8,22:40:00,31,90000001,91000001,190,373,507,727,825,930,955,944,938,870,837,788,602,553,548,491,345,309
1404.8.4,8,0:50:00,80,90000001,91000001,190,371,514,726,825,930,955,943,940,870,837,791,607,564,547,495,353,289
1404.8.4,8,3:00:00,45,90000001,91000001,190,372,517,731,825,930,955,943,940,870,838,791,610,567,533,495,360,298
1404.8.4,8,5:10:00,13,90000001,91000001,190,374,520,731,825,930,955,943,940,870,837,794,610,571,540,492,360,302
1404.8.4,4,7:20:00,52,90000001,91000001,190,373,521,731,825,930,955,943,940,871,838,793,611,571,541,492,361,302
1404.8.4,4,9:30:00,15,90000001,91000001,190,374,522,730,825,930,955,943,940,871,837,791,614,571,542,483,363,311
1404.8.4,4,11:40:00,54,90000001,91000001,190,380,514,713,825,93,955,943,940,840,832,784,615,582,546,483,350,310
1404.8.4,4,13:50:00,73,90000001,91000001,190,388,515,723,825,930,955,942,940,870,836,784,618,581,550,492,340,308
1404.8.4,5,16:00:00,58,90000001,91000001,190,379,516,733,825,930,955,941,940,870,836,782,617,584,554,493,356,289
1404.8.4,5,18:10:00,7,90000001,91000001,190,379,524,740,825,930,955,942,940,870,838,792,618,581,558,491,359,301
1404.8.4,5,20:20:00,28,90000001,91000001,190,378,525,740,825,930,955,943,940,870,836,789,617,581,558,497,360,301
1404.8.4,8,22:30:00,57,90000001,91000001,190,379,527,743,825,930,955,942,940,870,838,790,615,580,556,499,360,305
1404.8.5,8,0:40:00,38,90000001,91000001,190,380,529,748,825,930,955,942,940,870,838,792,615,580,558,504,34,308
1404.8.5,8,2:50:00,72,90000001,91000001,190,379,527,752,825,930,955,942,940,870,838,791,612,577,559,504,368,311
1404.8.5,8,5:00:00,61,90000001,91000001,190,380,521,752,825,930,955,941,940,870,838,788,611,575,559,506,370,313
1404.8.5,4,7:10:00,77,90000001,91000001,190,379,513,746,825,930,955,941,940,870,838,785,609,575,556,506,366,310
1404.8.5,4,9:20:00,17,90000001,91000001,190,380,513,740,825,930,955,941,940,870,838,780,611,573,555,508,371,318
1404.8.5,4,11:30:00,70,90000001,91000001,190,382,514,739,825,930,955,941,940,871,838,781,611,573,555,507,372,317
1404.8.5,4,13:40:00,79,90000001,91000001,190,380,515,737,825,930,955,941,940,871,838,781,611,574,555,509,37,316
1404.8.5,5,15:50:00,40,90000001,91000001,190,378,506,732,825,930,955,942,940,869,836,787,613,575,555,510,381,324
1404.8.5,5,18:00:00,4,90000001,91000001,190,377,507,732,825,930,955,944,940,870,838,790,612,576,555,508,381,327
1404.8.5,5,20:10:00,12,90000001,91000001,190,374,508,729,825,930,955,943,940,870,840,792,613,576,557,509,383,330
1404.8.5,8,22:20:00,69,90000001,91000001,190,371,506,725,825,930,955,944,940,870,840,800,612,576,559,511,381,330
1404.8.6,8,0:30:00,49,90000001,91000001,190,372,506,731,825,930,955,944,940,870,839,797,610,574,558,514,383,330
1404.8.6,8,2:40:00,39,90000001,91000001,190,374,507,733,825,930,955,944,940,870,837,800,611,572,558,517,386,333
1404.8.6,8,4:50:00,19,90000001,91000001,190,372,503,732,825,930,955,944,940,870,840,802,612,573,556,517,390,334
1404.8.6,4,7:00:00,67,90000001,91000001,190,375,502,730,825,930,955,944,940,870,839,800,611,573,555,515,392,342
1404.8.6,4,9:10:00,22,90000002,92000001,190,378,502,723,825,930,955,944,940,870,839,794,611,574,555,514,396,341
1404.8.6,4,11:20:00,51,90000001,91000001,190,381,503,724,825,930,955,944,940,871,839,794,610,572,555,514,397,345
1404.8.6,4,13:30:00,23,90000001,91000001,190,386,496,709,825,930,955,943,940,870,839,794,612,573,556,513,393,343
1404.8.6,5,15:40:00,75,90000001,91000001,190,377,491,708,825,930,955,942,940,870,839,784,613,576,556,514,390,342
1404.8.6,5,17:50:00,74,90000001,91000001,190,368,496,709,825,930,955,942,940,870,840,788,614,575,556,515,391,340
1404.8.6,5,20:00:00,36,90000001,91000001,190,363,500,715,825,930,955,942,940,870,840,788,614,575,556,515,391,340
1404.8.6,8,22:10:00,71,90000001,91000001,190,363,506,727,825,930,955,943,940,870,840,792,614,576,559,515,392,340
1404.8.7,8,0:20:00,25,90000001,91000001,190,369,504,727,825,930,955,942,940,870,840,795,614,576,559,517,390,339
1404.8.7,8,2:30:00,37,90000001,91000001,190,369,505,731,825,930,955,943,940,870,840,795,615,575,560,517,291,339
1404.8.7,8,4:40:00,27,90000001,91000001,190,369,498,722,825,930,955,943,940,870,840,795,615,578,561,517,393,340
1404.8.7,4,6:50:00,2,90000001,91000001,190,372,498,721,825,930,955,943,940,870,840,796,616,578,560,517,395,343
1404.8.7,4,9:00:00,60,90000001,91000001,190,371,497,716,825,930,955,943,940,870,840,797,616,578,561,518,395,343
1404.8.7,4,11:10:00,6,90000001,91000001,190,370,497,711,825,930,955,943,940,870,840,798,615,577,561,519,396,344
1404.8.7,4,13:20:00,35,90000001,91000001,190,370,493,707,825,930,955,943,940,870,840,787,617,578,562,519,396,343
1404.8.7,4,15:30:00,66,90000002,92000001,190,361,495,701,825,930,955,941,940,870,840,784,617,579,562,518,405,345
1404.8.7,4,17:40:00,55,90000001,91000001,190,370,501,710,825,930,955,943,940,870,840,790,617,580,561,518,398,347
1404.8.7,4,19:50:00,21,90000001,91000001,190,375,502,718,825,930,955,943,940,870,842,791,616,580,561,518,397,346
1404.8.7,8,22:00:00,50,90000001,91000001,190,370,515,760,825,930,955,943,940,870,840,795,617,580,562,520,398,347
1404.8.8,8,0:10:00,10,90000001,91000001,190,372,516,737,825,930,955,943,940,870,838,794,617,581,563,519,398,347
1404.8.8,8,2:20:00,65,90000001,91000001,190,370,517,734,825,930,955,943,940,870,839,791,617,582,563,521,403,346
1404.8.8,8,4:30:00,29,90000001,91000001,190,369,515,735,825,930,955,943,940,870,838,791,615,583,564,521,403,350
1404.8.8,4,6:40:00,46,90000001,91000001,190,369,512,730,825,930,955,943,940,870,838,791,615,582,564,519,403,350
1404.8.8,4,8:50:00,48,90000001,91000001,190,374,509,726,825,930,955,941,940,870,838,789,614,578,564,518,398,348
1404.8.8,4,11:00:00,76,90000001,91000001,190,374,502,750,825,930,955,944,940,870,840,790,614,576,560,517,396,347
1404.8.8,4,13:10:00,8,90000001,91000001,190,376,501,748,825,930,955,943,940,870,840,788,614,576,560,516,395,346
1404.8.8,5,15:20:00,64,90000001,91000001,190,377,516,734,825,930,955,943,940,866,837,791,612,576,558,513,395,347
1404.8.8,5,17:30:00,53,90000001,91000001,190,388,517,736,825,930,955,943,940,870,835,795,612,575,559,515,396,351
1404.8.8,5,19:40:00,44,90000001,91000001,190,380,519,743,825,930,955,943,940,870,821,795,612,574,560,512,392,346
1404.8.8,5,21:50:00,30,90000001,91000001,190,380,521,745,825,930,955,943,940,870,831,782,611,573,557,511,391,345
1404.8.9,8,0:00:00,26,90000001,91000001,190,381,519,740,825,930,955,941,940,870,836,777,611,573,556,512,391,346
1404.8.9,8,2:10:00,1,90000001,91000001,190,380,519,736,825,930,955,941,940,870,834,785,608,573,556,513,390,343
1404.8.9,8,4:20:00,62,90000001,91000001,190,381,520,763,825,930,955,942,940,870,840,787,585,568,555,511,387,341
1404.8.9,8,6:30:00,24,90000001,91000001,190,380,518,743,825,930,955,941,940,850,837,780,593,550,553,510,291,341
1404.8.9,8,8:40:00,9,90000001,91000001,190,384,520,745,825,930,955,941,940,870,830,790,598,555,550,511,393,343
1404.8.9,8,10:50:00,13,90000001,91000001,190,383,518,751,825,930,955,942,940,862,825,791,598,562,541,511,395,346
1404.8.9,8,13:00:00,45,90000001,91000001,190,381,516,746,825,930,955,940,940,869,831,770,600,559,543,506,393,342
1404.8.9,5,15:10:00,16,90000001,91000001,190,380,516,740,825,930,955,940,940,870,832,783,602,561,546,487,394,342
1404.8.9,5,17:20:00,80,90000001,91000001,190,378,518,744,825,930,955,945,940,870,839,790,600,563,545,493,393,341
1404.8.9,5,19:30:00,31,90000001,91000001,190,378,518,749,825,930,955,945,940,870,838,790,592,559,545,496,380,342
1404.8.9,5,21:40:00,52,90000001,91000001,190,382,519,748,825,930,955,944,940,865,835,795,593,552,545,496,371,336
1404.8.9,4,23:50:00,63,90000001,91000001,190,381,518,747,825,930,955,944,940,868,835,797,597,556,543,497,376,331
1404.8.10,4,2:00:00,11,90000001,91000001,190,380,517,744,825,930,955,944,940,870,834,798,600,558,541,497,378,323
1404.8.10,4,4:10:00,7,90000001,91000001,190,381,516,745,825,930,955,944,940,870,835,797,600,557,541,498,377,322
1404.8.10,4,6:20:00,28,90000001,91000001,190,380,519,744,825,930,955,944,940,870,835,795,600,561,543,491,375,322
1404.8.10,4,8:30:00,38,90000001,91000001,190,380,519,742,825,930,955,944,940,870,835,792,600,561,544,492,376,325
1404.8.10,4,10:40:00,72,90000001,91000001,190,380,518,740,825,930,955,944,940,870,835,791,600,561,545,495,377,324
1404.8.10,4,12:50:00,77,90000001,91000001,190,376,517,737,825,930,955,944,940,870,835,791,593,545,544,496,377,235
1404.8.10,8,15:00:00,61,90000001,91000001,190,373,513,727,825,930,955,942,940,870,836,788,594,553,542,497,372,318
1404.8.10,8,17:10:00,57,90000001,91000001,190,369,512,731,825,930,955,943,940,870,836,791,599,557,530,501,377,324
1404.8.10,8,19:20:00,58,90000001,91000001,190,370,518,740,825,930,955,943,940,870,835,794,603,558,539,495,375,324
1404.8.10,8,21:30:00,19,90000001,91000001,190,370,519,735,825,930,955,942,940,870,836,794,604,561,541,476,378,325
1404.8.10,5,23:40:00,39,90000001,91000001,190,370,515,735,825,930,955,944,940,870,835,793,603,563,542,480,377,325
1404.8.11,5,1:50:00,17,90000001,91000001,190,373,510,730,825,930,955,944,940,870,837,788,602,563,544,486,367,327
1404.8.11,5,4:00:00,49,90000001,91000001,190,372,512,733,825,930,955,944,940,870,835,785,600,561,542,484,369,331
1404.8.11,4,6:10:00,69,90000001,91000001,190,378,513,737,825,930,955,942,940,870,836,784,605,562,542,485,368,304
1404.8.11,4,8:20:00,22,90000001,91000001,190,377,517,738,825,930,955,941,940,870,837,783,605,562,542,489,366,303
1404.8.11,4,10:30:00,67,90000001,91000001,190,375,515,732,825,930,955,941,940,870,838,782,605,562,542,494,365,315
1404.8.11,4,12:40:00,12,90000001,91000001,190,374,514,732,825,930,955,942,940,870,838,781,605,561,542,445,366,315
1404.8.11,8,14:50:00,23,90000001,91000001,190,373,515,735,825,930,955,942,940,870,840,797,609,570,551,499,374,319
1404.8.11,8,17:00:00,51,90000001,91000001,190,378,515,740,825,930,955,943,940,870,839,805,611,570,553,502,373,322
1404.8.11,8,19:10:00,75,90000001,91000001,190,375,511,744,825,930,955,943,940,870,839,799,612,572,554,502,374,326
1404.8.11,8,21:20:00,4,90000001,91000001,190,378,509,746,825,930,955,942,940,870,837,801,611,572,554,503,378,326
1404.8.11,5,23:30:00,40,90000001,91000001,190,377,514,747,825,930,955,942,940,870,836,801,612,573,554,503,381,328
1404.8.12,5,1:40:00,71,90000001,91000001,190,374,519,742,825,930,955,943,940,870,837,797,610,571,554,503,381,327
1404.8.12,5,3:50:00,79,90000001,91000001,190,372,518,738,825,930,955,941,940,870,839,799,611,572,554,505,380,330
1404.8.12,4,6:00:00,27,90000001,91000001,190,372,516,735,825,930,955,940,940,870,840,799,613,573,554,507,380,331
1404.8.12,4,8:10:00,37,90000001,91000001,190,374,515,730,825,930,955,940,940,870,840,798,613,572,555,508,385,332
1404.8.12,4,10:20:00,3,90000001,91000001,190,375,515,731,825,930,955,940,940,870,840,797,612,571,555,507,385,331
1404.8.12,4,12:30:00,36,90000001,91000001,190,377,516,730,825,930,955,942,940,870,840,798,613,572,555,507,384,334
1404.8.12,8,14:40:00,25,90000001,91000001,190,376,509,738,825,930,955,942,940,870,838,802,612,573,556,508,385,336
1404.8.12,8,16:50:00,74,90000001,91000001,190,383,509,734,825,930,955,942,940,870,839,804,612,574,557,508,387,334
1404.8.12,8,19:00:00,60,90000001,91000001,190,379,519,738,825,930,955,942,940,870,838,801,611,573,557,508,387,337
1404.8.12,8,21:10:00,2,90000001,91000001,190,372,519,738,825,930,955,943,940,870,840,804,611,573,558,508,387,335
1404.8.12,5,23:20:00,6,90000001,91000001,190,367,521,732,825,930,955,945,940,870,839,804,612,572,556,508,386,332
1404.8.13,5,1:30:00,68,90000001,91000001,190,374,527,732,825,930,955,945,940,870,838,802,612,573,556,508,384,332
1404.8.13,5,3:40:00,42,90000001,91000001,190,370,525,733,825,930,955,940,940,870,838,804,613,572,555,508,384,333
1404.8.13,5,5:50:00,35,90000001,91000001,190,364,522,734,825,930,955,943,940,870,839,807,613,572,554,509,386,339
1404.8.13,4,8:00:00,73,90000001,91000001,190,364,522,739,825,930,955,943,940,870,839,808,613,571,554,509,385,338
1404.8.13,4,10:10:00,50,90000001,91000001,190,371,518,735,825,930,955,942,940,870,840,801,615,573,555,510,384,340
1404.8.13,4,12:20:00,55,90000001,91000001,190,361,511,737,825,930,955,942,940,871,840,800,616,574,555,510,383,342
1404.8.13,8,14:30:00,46,90000001,91000001,190,365,517,736,825,930,955,943,940,870,840,800,615,573,554,509,383,341
1404.8.13,8,16:40:00,66,90000001,91000001,190,368,515,736,825,930,955,940,940,870,835,795,614,577,557,509,388,341
1404.8.13,8,18:50:00,21,90000001,91000001,190,370,516,736,825,930,955,940,940,870,836,797,611,576,560,507,389,339
1404.8.13,8,21:00:00,48,90000001,91000001,190,371,515,735,825,930,955,940,940,869,835,796,610,575,559,509,388,338
1404.8.13,5,23:10:00,8,90000001,91000001,190,377,527,747,825,930,955,942,940,870,836,803,612,571,559,509,385,336
1404.8.14,5,1:20:00,76,90000001,91000001,190,379,532,745,825,930,955,943,940,870,836,803,611,572,555,509,383,334
1404.8.14,5,3:30:00,15,90000001,91000001,190,374,538,722,825,930,955,942,940,870,836,807,612,572,555,511,386,333
1404.8.14,5,5:40:00,53,90000001,91000001,190,379,542,755,825,930,955,942,940,870,836,807,610,571,555,508,385,332
1404.8.14,4,7:50:00,64,90000001,91000001,190,388,541,755,825,930,955,942,940,870,837,807,611,571,555,508,385,332
1404.8.14,4,10:00:00,62,90000001,91000001,190,388,542,755,825,930,955,941,940,870,837,801,611,571,555,509,386,333
1404.8.14,4,12:10:00,9,90000001,91000001,190,388,542,754,825,930,955,941,940,870,837,802,611,571,555,509,385,334
1404.8.14,8,14:20:00,26,90000001,91000001,190,384,520,751,825,930,955,941,940,870,837,795,610,574,556,512,389,339
1404.8.14,8,16:30:00,1,90000001,91000001,190,385,533,726,825,930,955,941,940,870,836,797,613,574,557,510,393,338
1404.8.14,8,18:40:00,41,90000001,91000001,190,389,533,753,825,930,955,940,940,870,836,795,612,575,558,511,395,339
1404.8.14,8,20:50:00,30,90000001,91000001,190,390,532,752,825,930,955,941,940,870,830,798,613,574,556,511,395,334
1404.8.14,5,23:00:00,13,90000001,91000001,190,390,528,755,825,930,955,941,940,871,832,790,614,574,556,511,391,344
1404.8.15,5,1:10:00,16,90000001,91000001,190,390,526,755,825,930,955,940,940,870,833,790,614,574,556,508,391,340
1404.8.15,5,3:20:00,45,90000001,91000001,190,389,526,734,825,930,955,940,940,870,827,792,616,575,554,507,391,341
1404.8.15,5,5:30:00,44,90000001,91000001,190,388,528,752,825,930,955,942,940,870,825,787,602,579,557,506,387,340
1404.8.15,4,7:40:00,59,90000001,91000001,190,390,524,850,825,930,955,940,938,870,837,780,605,566,559,509,386,341
1404.8.15,4,9:50:00,14,90000001,91000001,190,391,523,750,825,930,955,940,939,870,837,781,606,565,559,508,385,342
1404.8.15,4,12:00:00,28,90000001,91000001,190,385,522,740,825,930,955,940,940,870,835,780,600,571,558,510,384,341
1404.8.15,8,14:10:00,24,90000001,91000001,190,382,515,730,825,930,955,940,940,870,827,770,600,566,552,515,395,339
1404.8.15,8,16:20:00,54,90000001,91000001,190,383,516,730,825,930,955,940,940,870,823,778,607,564,556,500,341,337
1404.8.15,8,18:30:00,10,90000001,91000001,190,385,514,737,825,930,955,941,940,870,825,773,593,570,546,500,389,338
1404.8.15,8,20:40:00,65,90000001,91000001,190,385,513,735,825,930,955,942,940,870,825,770,591,560,548,503,393,338
1404.8.15,5,22:50:00,29,90000001,91000001,190,383,515,732,825,930,955,943,940,870,827,772,599,555,551,489,376,339
1404.8.16,5,1:00:00,70,90000001,91000001,190,382,523,732,825,930,955,943,940,870,824,780,580,559,536,489,375,334
1404.8.16,5,3:10:00,43,90000001,91000001,190,381,523,731,825,930,955,942,940,870,824,780,588,553,538,500,380,326
1404.8.16,5,5:20:00,7,90000001,91000001,190,380,524,740,825,930,955,942,940,870,822,782,590,550,537,498,378,324
1404.8.16,4,7:30:00,11,90000001,91000001,190,381,521,735,825,930,955,942,940,870,825,776,595,551,533,480,377,322
1404.8.16,4,9:40:00,38,90000001,91000001,190,380,520,730,825,930,955,941,940,870,832,771,601,553,533,487,375,312
1404.8.16,4,11:50:00,72,90000001,91000001,190,374,512,726,825,930,955,942,940,870,832,777,587,559,536,475,355,320
1404.8.16,8,14:00:00,77,90000001,91000001,190,378,513,732,825,930,955,944,940,870,831,781,591,553,540,476,365,309
1404.8.16,8,16:10:00,63,90000001,91000001,190,380,514,736,825,930,955,944,940,870,830,781,594,553,542,476,363,315
1404.8.16,8,18:20:00,17,90000001,91000001,190,380,514,728,825,930,955,944,940,870,832,785,597,557,535,481,350,309
1404.8.16,8,20:30:00,52,90000001,91000001,190,379,510,727,825,930,955,942,940,870,836,788,600,560,540,484,354,304
1404.8.16,5,22:40:00,69,90000001,91000001,190,379,512,727,825,930,955,942,940,870,836,789,600,561,541,481,350,303
1404.8.17,5,0:50:00,61,90000001,91000001,190,379,518,728,825,930,955,942,940,870,836,790,601,561,542,477,348,302
1404.8.17,5,3:00:00,49,90000001,91000001,190,379,518,734,825,930,955,942,940,870,835,793,603,563,543,481,358,302
1404.8.17,5,5:10:00,39,90000001,91000001,190,382,520,734,825,930,955,941,940,870,832,792,601,562,543,481,352,305
1404.8.17,4,7:20:00,67,90000001,91000001,190,382,521,73,825,930,955,941,940,870,832,791,602,562,544,482,353,301
1404.8.17,4,9:30:00,75,90000001,91000001,190,381,520,730,825,930,955,941,940,870,834,800,603,564,544,485,352,301
1404.8.17,4,11:40:00,2,90000001,91000001,190,383,521,712,825,930,955,941,940,870,834,800,604,566,545,488,351,302
1404.8.17,4,13:50:00,25,90000001,91000001,190,383,512,732,825,930,955,941,940,870,834,792,603,565,545,488,355,302
1404.8.17,5,16:00:00,73,90000001,91000001,190,383,511,735,825,930,955,941,940,870,832,787,604,564,548,488,356,301
1404.8.17,5,18:10:00,42,90000001,91000001,190,388,519,731,825,930,955,942,940,870,835,785,605,567,549,492,357,305
1404.8.17,5,20:20:00,3,90000001,91000001,190,382,526,732,825,930,955,942,940,870,835,790,606,564,547,493,360,304
1404.8.17,8,22:30:00,50,90000001,91000001,190,378,522,725,825,930,955,941,940,870,835,793,606,566,548,494,360,305
1404.8.18,8,0:40:00,36,90000001,91000001,190,383,525,726,825,930,955,941,940,870,834,792,604,565,546,492,361,306
1404.8.18,8,2:50:00,68,90000001,91000001,190,382,522,728,825,930,955,941,940,870,835,792,606,566,547,493,360,302
1404.8.18,8,5:00:00,6,90000001,91000001,190,383,520,730,825,930,955,942,940,870,835,794,607,568,548,492,364,309
1404.8.18,4,7:10:00,46,90000001,91000001,190,384,521,733,825,930,955,942,940,870,835,793,607,567,547,491,364,308
1404.8.18,4,9:20:00,37,90000001,91000001,190,384,522,734,825,930,955,942,940,870,839,790,606,565,549,495,365,305
1404.8.18,4,11:30:00,55,90000001,91000001,190,381,520,735,825,930,955,943,940,870,839,791,606,565,548,495,366,305
1404.8.18,4,13:40:00,27,90000001,91000001,190,380,520,730,825,930,955,943,940,870,839,792,608,566,547,494,365,306
1404.8.18,5,15:50:00,79,90000001,91000001,190,373,516,723,825,930,955,942,940,870,830,777,610,570,551,495,362,314
1404.8.18,5,18:00:00,53,90000001,91000001,190,384,523,728,825,930,955,941,940,870,830,776,612,571,552,494,364,311
1404.8.18,5,20:10:00,15,90000001,91000001,190,387,526,730,820,930,955,942,940,870,830,781,602,575,552,494,366,309
1404.8.18,8,22:20:00,76,90000001,91000001,190,376,524,740,820,930,955,943,940,870,834,786,600,563,553,496,366,311
1404.8.19,8,0:30:00,8,90000001,91000001,190,386,523,739,825,930,955,944,940,870,834,788,601,562,555,494,361,310
1404.8.19,8,2:40:00,48,90000001,91000001,190,384,524,740,825,930,955,943,940,870,833,781,600,562,552,495,364,309
1404.8.19,8,4:50:00,21,90000001,91000001,190,384,532,738,825,930,955,944,940,870,832,792,601,562,546,500,367,307
1404.8.19,4,7:00:00,60,90000001,91000001,190,383,529,737,825,930,955,944,940,870,832,791,601,562,546,500,366,309
1404.8.19,4,9:10:00,62,90000001,91000001,190,384,530,735,825,930,955,942,940,870,832,789,601,566,546,489,365,313
1404.8.19,4,11:20:00,64,90000001,91000001,190,384,531,739,825,930,955,942,940,870,831,785,602,566,546,489,365,314
1404.8.19,4,13:30:00,26,90000001,91000001,190,384,530,738,825,930,955,942,940,870,831,784,603,565,546,488,366,315
1404.8.19,5,15:40:00,9,90000001,91000001,190,384,521,752,825,930,955,944,940,870,830,787,603,564,548,491,367,312
1404.8.19,5,17:50:00,16,90000001,91000001,190,382,527,749,825,930,955,944,940,870,830,788,602,565,546,490,361,312
1404.8.19,5,20:00:00,1,90000001,91000001,190,379,532,755,825,930,955,942,940,870,833,787,604,564,545,490,361,305
1404.8.19,8,22:10:00,71,90000001,91000001,190,384,529,744,825,930,955,943,940,870,840,789,606,566,547,491,361,308
1404.8.20,8,0:20:00,44,90000001,91000001,190,382,525,742,825,930,955,944,940,870,836,790,606,567,547,490,362,308
1404.8.20,8,2:30:00,45,90000001,91000001,190,383,527,743,825,930,955,944,940,870,838,789,606,565,546,492,361,307
1404.8.20,8,4:40:00,34,90000001,91000001,190,384,525,735,825,930,955,943,940,870,836,801,605,571,546,491,361,309
1404.8.20,4,6:50:00,13,90000001,91000001,190,385,525,735,825,930,955,943,940,870,835,800,605,571,545,492,362,308
1404.8.20,4,9:00:00,24,90000001,91000001,190,381,524,738,825,930,955,944,940,870,835,801,606,571,545,491,361,307
1404.8.20,4,11:10:00,59,90000001,91000001,190,381,523,737,825,930,955,944,940,870,835,801,605,571,545,491,362,307
1404.8.20,4,13:20:00,28,90000001,91000001,190,380,524,731,825,930,955,942,940,870,835,801,605,569,545,491,361,308
1404.8.20,5,15:30:00,14,90000001,91000001,190,379,506,726,825,930,955,941,940,870,831,783,606,570,551,496,371,314
1404.8.20,5,17:40:00,30,90000001,91000001,190,370,513,733,825,930,955,941,940,870,832,778,607,569,552,495,370,314
1404.8.20,5,19:50:00,54,90000001,91000001,190,377,524,751,825,930,955,942,940,870,834,786,608,569,551,497,368,314
1404.8.20,8,22:00:00,47,90000001,91000001,190,368,527,740,825,930,955,943,940,870,837,787,605,565,551,497,368,317
1404.8.21,8,0:10:00,41,90000001,91000001,190,374,521,730,825,930,955,942,940,870,835,795,603,568,551,499,373,314
1404.8.21,8,2:20:00,7,90000001,91000001,190,374,516,728,825,930,955,942,940,870,836,801,602,564,552,502,376,317
1404.8.21,8,4:30:00,18,90000001,91000001,190,371,520,726,825,930,955,944,940,870,833,796,605,563,548,500,368,314
1404.8.21,4,6:40:00,43,90000001,91000001,190,370,520,727,825,930,955,944,940,870,834,796,605,564,548,500,368,315
1404.8.21,4,8:50:00,11,90000001,91000001,190,370,516,731,825,930,955,942,940,870,836,799,605,565,550,495,370,315
1404.8.21,4,11:00:00,29,90000001,91000001,190,370,512,734,825,930,955,943,940,870,834,794,608,571,551,493,373,314
1404.8.21,4,13:10:00,38,90000001,91000001,190,372,511,728,825,930,955,944,940,870,835,793,608,570,551,493,373,313
1404.8.21,5,15:20:00,72,90000001,91000001,190,369,504,724,825,930,955,944,940,870,835,792,610,571,553,495,364,320
1404.8.21,5,17:30:00,77,90000001,91000001,190,368,506,729,825,930,955,943,940,870,835,792,611,572,553,497,363,323
1404.8.21,5,19:40:00,65,90000001,91000001,190,374,511,732,825,930,955,942,940,870,836,795,612,574,554,497,366,315
1404.8.21,5,21:50:00,17,90000001,91000001,190,375,517,739,825,930,955,942,940,870,836,792,613,573,554,497,365,315
1404.8.21,8,0:00:00,63,90000001,91000001,190,373,515,735,825,930,955,943,940,860,838,800,613,573,556,498,368,315
1404.8.22,8,2:10:00,39,90000001,91000001,190,377,515,730,825,930,955,944,940,870,837,804,614,574,557,497,368,315
1404.8.22,8,4:20:00,78,90000001,91000001,190,378,516,727,825,930,955,944,940,870,836,799,609,575,557,500,368,316
1404.8.22,5,6:30:00,49,90000001,91000001,190,378,516,725,825,930,955,944,940,870,831,800,611,570,555,501,367,316
1404.8.22,5,8:40:00,67,90000001,91000001,190,370,512,725,825,930,955,942,940,870,834,794,611,571,555,504,369,318
1404.8.22,5,10:50:00,75,90000001,91000001,190,368,507,729,825,930,955,941,940,870,834,795,611,574,554,502,370,317
1404.8.22,5,13:00:00,61,90000001,91000001,190,373,503,724,825,930,950,942,940,870,835,787,612,573,556,50,376,318
1404.8.22,5,15:10:00,69,90000001,91000001,190,372,504,718,825,930,955,944,940,870,834,791,611,576,556,499,377,321
1404.8.22,5,17:20:00,52,90000001,91000001,190,370,505,733,825,930,955,944,940,870,835,793,611,574,556,500,373,322
1404.8.22,5,19:30:00,2,90000001,91000001,190,372,507,725,825,930,955,943,940,870,835,791,611,574,557,502,371,325
1404.8.22,5,21:40:00,25,90000001,91000001,190,372,508,723,825,930,955,940,940,870,835,792,610,574,556,500,371,320
1404.8.22,8,23:50:00,10,90000001,91000001,190,370,511,722,825,930,955,942,940,870,835,791,609,573,556,504,373,321
1404.8.23,8,2:00:00,49,90000001,91000001,190,381,513,726,825,930,955,943,940,870,837,798,610,573,557,505,375,323
1404.8.23,8,4:10:00,73,90000001,91000001,190,380,516,720,825,930,955,942,940,870,836,800,610,572,556,502,377,325
1404.8.23,8,6:20:00,56,90000001,91000001,190,377,516,721,825,930,955,943,940,870,837,796,610,572,553,504,378,325
1404.8.23,8,8:30:00,33,90000001,91000001,190,378,514,724,825,930,955,949,940,870,835,799,610,572,555,504,377,330
1404.8.23,8,10:40:00,50,90000001,91000001,190,377,516,730,825,930,955,942,940,870,835,793,611,573,555,502,380,326
1404.8.23,8,12:50:00,32,90000001,91000001,190,377,515,730,825,930,955,942,940,870,836,795,611,574,554,503,381,327
1404.8.23,5,15:00:00,5,90000001,91000001,190,373,513,725,825,930,955,941,940,870,836,793,612,574,556,503,380,328
1404.8.23,5,17:10:00,68,90000001,91000001,190,377,513,728,825,930,955,942,940,870,835,794,608,576,557,502,376,322
1404.8.23,5,19:20:00,6,90000001,91000001,190,372,514,730,825,930,955,942,940,870,835,789,608,576,556,501,373,320
1404.8.23,5,21:30:00,80,90000001,91000001,190,378,512,729,825,930,955,941,940,870,835,789,610,572,556,501,374,318
1404.8.23,4,23:40:00,31,90000001,91000001,190,376,513,727,825,930,955,942,940,870,836,790,609,575,555,503,374,320
1404.8.24,4,1:50:00,46,90000001,91000001,190,375,515,729,825,930,955,941,940,870,835,792,609,570,555,505,375,321
1404.8.24,4,4:00:00,36,90000001,91000001,190,377,517,726,825,930,955,940,940,870,835,794,608,571,556,504,377,320
1404.8.24,4,6:10:00,57,90000001,91000001,190,378,521,727,825,930,950,941,940,870,831,791,607,570,553,500,374,320
1404.8.24,4,8:20:00,35,90000001,91000001,190,379,522,724,825,930,955,941,940,870,831,792,606,570,553,500,373,321
1404.8.24,4,10:30:00,,90000001,91000001,190,379,524,720,825,930,955,940,940,870,831,791,606,571,553,500,374,322
1404.8.24,4,12:40:00,40,90000001,91000001,190,379,524,730,825,930,955,941,940,870,831,791,606,571,553,500,374,322
1404.8.24,8,14:50:00,34,90000001,91000001,190,378,538,730,825,930,955,941,940,870,831,788,605,572,553,500,376,323
1404.8.24,8,17:00:00,37,90000001,91000001,190,388,540,727,825,930,955,942,940,870,830,788,603,568,552,501,372,322
1404.8.24,8,19:10:00,71,90000001,91000001,190,389,542,737,825,930,955,943,940,870,833,789,604,565,551,500,374,321
1404.8.24,8,21:20:00,45,90000001,91000001,190,391,544,746,825,930,955,943,940,870,835,790,605,567,550,498,376,322
1404.8.24,5,23:30:00,16,90000001,91000001,190,390,542,744,825,930,955,942,940,870,835,788,602,568,547,497,377,324
1404.8.25,5,1:40:00,44,90000001,91000001,190,391,546,748,825,930,955,942,940,870,835,785,598,567,545,493,374,326
1404.8.25,5,3:50:00,60,90000001,91000001,190,389,546,752,825,930,955,942,940,870,835,790,600,564,550,494,374,323
1404.8.25,4,6:00:00,13,90000001,91000001,190,391,546,755,825,930,955,941,940,870,835,792,602,563,544,493,370,324
1404.8.25,4,8:10:00,1,90000001,91000001,190,392,545,750,825,930,955,941,940,870,835,791,603,563,544,494,371,323
1404.8.25,4,10:20:00,9,90000001,91000001,190,392,545,751,825,930,955,940,940,870,831,790,603,562,545,492,371,323
1404.8.25,4,12:30:00,26,90000001,91000001,190,393,544,750,825,930,955,940,940,870,831,791,603,561,545,493,371,322
1404.8.25,8,14:40:00,28,90000001,91000001,190,394,530,760,825,930,955,940,940,870,835,791,606,570,544,494,376,322
1404.8.25,8,16:50:00,59,90000001,91000001,190,392,532,750,825,930,955,938,940,870,831,791,606,569,549,492,370,321
1404.8.25,8,19:00:00,47,90000001,91000001,190,394,541,752,825,930,955,943,940,870,830,789,605,568,548,492,368,319
1404.8.25,8,21:10:00,64,90000001,91000001,190,391,542,747,825,930,955,943,940,870,831,791,606,569,550,494,367,318
1404.8.25,5,23:20:00,7,90000001,91000001,190,389,536,744,825,930,955,943,940,870,830,783,607,569,550,496,367,316
1404.8.26,5,1:30:00,41,90000001,91000001,190,389,536,742,825,930,955,943,940,870,827,791,608,570,550,497,369,315
1404.8.26,5,3:40:00,54,90000001,91000001,190,389,537,741,825,930,955,943,940,870,830,784,604,568,548,496,368,315
1404.8.26,5,5:50:00,43,90000001,91000001,190,389,534,743,825,930,955,943,940,870,832,780,605,565,550,496,369,317
1404.8.26,4,8:00:00,30,90000001,91000001,190,384,520,747,825,930,955,943,940,870,832,786,603,563,551,496,365,322
1404.8.26,4,10:10:00,29,90000001,91000001,190,394,536,750,825,930,955,943,940,870,831,780,602,565,551,495,369,317
1404.8.26,4,12:20:00,11,90000001,91000001,190,392,535,751,825,930,955,943,940,870,832,781,603,565,551,494,368,316
1404.8.26,8,14:30:00,18,90000001,91000001,190,384,520,747,825,930,955,943,940,870,832,786,603,563,551,496,375,322
1404.8.26,8,16:40:00,62,90000001,91000001,190,381,521,744,825,930,955,943,940,870,835,783,603,564,545,496,372,320
1404.8.26,8,18:50:00,17,90000001,91000001,190,383,521,737,825,930,955,943,940,870,835,790,605,566,547,499,375,322
1404.8.26,8,21:00:00,77,90000001,91000001,190,382,519,735,825,930,955,941,940,870,835,793,606,566,549,493,371,326
1404.8.26,5,23:10:00,7,90000001,91000001,190,382,520,735,825,930,955,943,940,870,836,792,605,566,548,491,372,320
1404.8.27,5,1:20:00,41,90000001,91000001,190,385,519,732,825,930,955,943,940,870,836,780,607,568,548,495,371,324
1404.8.27,5,3:30:00,54,90000001,91000001,190,382,519,731,825,930,955,943,940,870,835,794,606,566,548,494,365,322
1404.8.27,5,5:40:00,43,90000001,91000001,190,383,515,729,825,930,955,942,940,870,835,801,606,567,548,496,366,320
1404.8.27,4,7:50:00,67,90000001,91000001,190,381,516,729,825,930,955,940,940,870,834,800,609,570,548,494,365,320
1404.8.27,4,10:00:00,63,90000001,91000001,190,382,517,729,825,930,955,940,940,870,834,800,609,566,547,495,366,322
1404.8.27,4,12:10:00,75,90000001,91000001,190,380,518,721,825,930,955,943,940,870,832,801,608,565,547,500,365,322
1404.8.27,8,14:20:00,38,90000001,91000001,190,382,521,720,825,930,955,942,940,870,835,792,611,572,551,500,368,323
1404.8.27,8,16:30:00,65,90000001,91000001,190,382,521,721,825,930,955,944,940,870,835,794,607,572,551,498,371,319
1404.8.27,8,18:40:00,72,90000001,91000001,190,378,524,723,825,930,955,941,940,870,836,793,609,570,552,496,372,320
1404.8.27,8,20:50:00,24,90000001,91000001,190,381,520,725,825,930,955,943,940,870,835,795,609,572,552,495,369,318
1404.8.27,5,23:00:00,61,90000001,91000001,190,378,529,750,825,930,955,943,940,870,836,795,608,572,550,496,373,320
14.4.8.28,5,1:10:00,21,90000001,91000001,190,370,526,735,825,930,955,943,940,870,836,798,608,570,551,493,370,323
14.4.8.28,5,3:20:00,48,90000001,91000001,190,370,522,743,825,930,955,943,940,870,836,796,610,572,552,496,371,322
14.4.8.28,5,5:30:00,42,90000001,91000001,190,381,524,739,825,930,955,942,940,870,835,797,609,570,550,496,370,316
14.4.8.28,4,7:40:00,56,90000001,91000001,190,382,525,739,825,930,955,943,940,870,836,798,609,570,551,495,371,315
14.4.8.28,4,9:50:00,73,90000001,91000001,190,383,526,735,825,930,955,942,940,870,837,797,609,571,551,496,372,314
14.4.8.28,4,12:00:00,10,90000001,91000001,190,381,520,740,825,930,955,945,940,870,834,790,607,569,550,495,375,311
14.4.8.28,8,14:10:00,2,90000001,91000001,190,385,529,730,825,930,955,944,940,870,835,791,605,570,552,497,467,320
14.4.8.28,8,16:20:00,25,90000001,91000001,190,384,527,724,825,930,955,942,940,870,833,794,608,570,554,497,370,316
14.4.8.28,8,18:30:00,50,90000001,91000001,190,384,525,734,825,930,955,943,940,870,830,791,607,570,551,495,367,309
14.4.8.28,8,20:40:00,33,90000001,91000001,190,390,532,736,825,930,955,944,940,870,820,797,608,570,551,498,366,313
14.4.8.28,5,22:50:00,52,90000001,91000001,190,387,531,730,825,930,955,944,940,870,825,778,610,571,551,500,369,315
1404.8.29,5,1:00:00,69,90000001,91000001,190,384,527,738,825,930,955,944,940,870,825,780,609,571,551,498,372,317
1404.8.29,5,3:10:00,32,90000001,91000001,190,385,529,759,825,930,955,940,940,870,825,785,603,568,551,496,370,316
1404.8.29,5,5:20:00,8,90000001,91000001,190,380,534,740,825,930,955,942,940,870,826,787,588,562,552,496,369,313
1404.8.29,4,7:30:00,68,90000001,91000001,190,380,531,736,825,930,955,940,940,870,828,784,592,548,547,495,367,310
1404.8.29,4,9:40:00,5,90000001,91000001,190,380,231,739,825,930,955,942,940,870,820,781,592,555,546,496,365,311
1404.8.29,4,11:50:00,57,90000001,91000001,190,383,531,740,825,930,955,942,940,8970,825,780,595,556,547,495,365,310
1404.8.29,8,14:00:00,36,90000001,91000001,190,382,532,738,825,930,955,942,940,870,824,782,593,553,545,496,366,309
1404.8.29,8,16:10:00,31,90000001,91000001,190,381,517,728,825,930,955,944,940,870,826,779,601,559,540,477,368,313
1404.8.29,8,18:20:00,80,90000001,91000001,190,379,522,736,825,930,955,944,940,870,830,785,585,563,542,478,368,316
1404.8.29,8,20:30:00,46,90000001,91000001,190,378,526,737,825,930,955,943,940,864,832,784,593,547,540,479,358,318
1404.8.29,5,22:40:00,35,90000001,91000001,190,384,523,735,825,930,955,943,940,870,825,785,597,546,541,484,352,317
1404.8.30,5,0:50:00,3,90000001,91000001,190,482,522,730,825,930,955,944,940,870,816,786,600,555,529,482,358,300
1404.8.30,5,3:00:00,6,90000001,91000001,190,380,519,727,825,930,955,944,940,870,827,774,599,562,537,485,357,301
1404.8.30,5,5:10:00,76,90000001,91000001,190,384,524,728,825,930,955,943,940,870,825,776,598,558,541,468,358,303
1404.8.30,5,7:20:00,53,90000001,91000001,190,381,525,732,825,930,955,943,940,870,830,784,597,559,541,476,357,306
1404.8.30,5,9:30:00,58,90000001,91000001,190,378,522,726,825,930,955,942,940,870,832,788,579,556,538,479,349,302
1404.8.30,5,11:40:00,19,90000001,91000001,190,389,516,727,825,930,955,943,940,870,832,784,588,539,540,483,338,302
1404.8.30,5,13:50:00,32,90000001,91000001,190,381,514,721,825,930,955,942,940,870,832,785,591,548,535,480,349,285
1404.8.30,8,16:00:00,34,90000001,91000001,190,380,512,720,825,930,955,942,940,870,834,784,596,554,525,483,352,294
1404.8.30,8,18:10:00,40,90000001,91000001,190,380,518,731,825,930,955,940,940,870,832,790,602,558,532,476,346,295
1404.8.30,8,20:20:00,15,90000001,91000001,190,378,520,736,825,930,955,941,940,870,932,791,603,561,534,468,348,296
1404.8.30,4,22:30:00,79,90000001,91000001,190,378,521,732,825,930,955,942,940,870,835,791,603,562,537,469,347,293
1404.9.1,4,0:40:00,12,90000001,91000001,190,378,520,725,825,930,955,941,940,870,832,791,603,563,540,472,340,295
1404.9.1,4,2:50:00,23,90000001,91000001,190,375,520,722,825,930,955,941,940,870,836,790,603,563,541,475,336,292
1404.9.1,4,5:00:00,51,90000001,91000001,190,375,522,722,825,930,955,941,940,870,837,791,604,564,541,475,336,291
1404.9.1,4,7:10:00,4,90000001,91000001,190,376,524,725,825,930,955,940,940,870,835,798,604,565,544,485,345,291
1404.9.1,4,9:20:00,27,90000001,91000001,190,378,525,732,825,930,955,942,940,870,836,798,605,566,545,487,346,292
1404.9.1,4,11:30:00,60,90000001,91000001,190,382,526,730,825,930,955,942,940,870,837,797,606,565,545,488,346,291
1404.9.1,4,13:40:00,13,90000001,91000001,190,380,525,731,825,930,955,942,940,870,838,798,605,565,545,487,345,292
1404.9.1,5,15:50:00,44,90000001,91000001,190,378,526,716,825,930,955,943,940,870,830,793,606,568,548,487,348,295
1404.9.1,5,18:00:00,45,90000001,91000001,190,379,530,715,825,930,955,941,940,870,836,797,607,567,547,490,351,295
1404.9.1,5,20:10:00,37,90000001,91000001,190,378,830,715,825,930,955,940,940,870,831,789,607,568,547,491,354,298
1404.9.1,8,22:20:00,1,90000001,91000001,190,382,531,731,825,930,955,942,940,870,834,793,608,570,549,492,362,302
1404.9.2,8,0:30:00,55,90000001,91000001,190,381,531,734,825,930,955,942,940,870,831,799,608,570,548,491,360,303
1404.9.2,8,2:40:00,9,90000001,91000001,190,384,533,737,825,930,955,941,940,870,832,796,605,570,550,493,361,306
1404.9.2,8,4:50:00,47,90000001,91000001,190,388,538,742,825,930,955,941,940,870,832,805,606,568,552,498,362,313
1404.9.2,4,7:00:00,29,90000001,91000001,190,389,537,74,825,930,955,941,940,870,833,803,606,567,551,498,361,313
1404.9.2,4,9:10:00,39,90000001,91000001,190,385,535,731,825,930,955,941,940,870,836,801,609,568,551,497,361,308
1404.9.2,4,11:20:00,78,90000001,91000001,190,384,534,721,825,930,955,941,940,870,836,800,608,569,551,497,362,307
1404.9.2,4,13:30:00,17,90000001,91000001,190,383,533,722,825,930,955,941,940,870,836,800,607,569,552,495,361,306
1404.9.2,5,15:40:00,49,90000001,91000001,190,381,530,730,825,930,955,941,940,870,835,797,605,571,551,496,371,311
1404.9.2,5,17:50:00,67,90000001,91000001,190,381,530,732,825,930,955,940,940,870,831,799,606,567,551,498,366,319
1404.9.2,5,20:00:00,18,90000001,91000001,190,386,527,737,825,930,955,941,940,870,833,799,607,568,550,499,366,316
1404.9.2,8,22:10:00,63,90000001,91000001,190,382,524,746,825,930,955,941,940,870,835,800,609,570,550,499,368,317
1404.9.3,8,0:20:00,14,90000001,91000001,190,380,522,745,825,930,955,941,940,870,834,797,609,572,550,499,370,317
1404.9.3,8,2:30:00,75,90000001,91000001,190,379,524,738,825,930,955,942,940,870,832,795,609,571,550,493,370,314
1404.9.3,8,4:40:00,38,90000001,91000001,190,382,525,738,825,930,955,943,940,870,833,796,609,571,550,497,368,316
1404.9.3,4,6:50:00,77,90000001,91000001,190,380,526,733,825,930,955,943,940,870,834,799,610,570,550,500,370,320
1404.9.3,4,9:00:00,16,90000001,91000001,190,376,525,726,825,930,955,942,940,870,836,799,608,570,550,500,371,320
1404.9.3,4,11:10:00,62,90000001,91000001,190,379,526,725,825,930,955,942,940,70,836,799,607,570,551,500,371,318
1404.9.3,4,13:20:00,26,90000001,91000001,190,379,527,725,825,930,955,942,940,870,836,798,607,570,551,500,371,317
1404.9.3,5,15:30:00,71,90000001,91000001,190,377,518,720,825,930,955,942,940,870,836,795,609,570,549,499,372,322
1404.9.3,5,17:40:00,28,90000001,91000001,190,385,520,726,825,930,955,943,940,870,832,798,609,570,548,498,370,319
1404.9.3,5,19:50:00,59,90000001,91000001,190,381,525,721,825,930,955,943,940,870,831,797,611,571,550,498,370,320
1404.9.3,8,22:00:00,24,90000001,91000001,190,381,525,723,825,930,955,942,940,870,835,799,610,571,550,496,373,317
1404.9.4,8,0:10:00,64,90000001,91000001,190,382,524,722,825,930,955,942,940,870,835,798,610,572,551,495,371,321
1404.9.4,8,2:20:00,7,90000001,91000001,190,380,528,729,825,930,955,943,940,870,837,797,608,570,550,494,368,319
1404.9.4,8,4:30:00,41,90000001,91000001,190,377,526,724,825,930,955,940,940,870,837,803,608,571,551,497,370,320
1404.9.4,4,6:40:00,54,90000001,91000001,190,377,52,725,825,930,955,941,940,870,838,804,608,571,551,498,371,322
1404.9.4,4,8:50:00,48,90000001,91000001,190,377,526,737,825,930,955,941,940,870,838,803,608,571,551,497,371,323
1404.9.4,4,11:00:00,42,90000001,91000001,190,378,527,730,825,930,955,941,940,870,838,803,607,571,551,498,371,323
1404.9.4,4,13:10:00,61,90000001,91000001,190,383,528,722,825,930,955,941,940,870,838,801,606,571,551,493,371,324
1404.9.4,4,15:20:00,72,90000001,91000001,190,381,525,731,825,930,955,941,940,870,838,801,606,571,551,490,371,322
1404.9.4,4,17:30:00,56,90000001,91000001,190,378,534,719,825,930,955,938,940,870,835,790,598,570,547,490,359,309
1404.9.4,4,19:40:00,21,90000001,91000001,190,383,537,722,825,930,955,939,940,870,836,791,605,571,546,491,358,308
1404.9.4,4,21:50:00,73,90000001,91000001,190,383,537,722,825,930,955,939,940,870,836,791,605,571,546,491,358,308
1404.9.5,8,0:00:00,70,90000001,91000001,190,386,542,729,825,930,955,941,940,870,839,792,604,568,549,491,363,310
1404.9.5,8,2:10:00,65,90000001,91000001,190,392,545,742,825,930,955,940,940,870,833,790,604,566,548,491,362,307
1404.9.5,8,4:20:00,2,90000001,91000001,190,393,546,744,825,930,955,940,940,870,835,795,603,566,548,492,360,306
1404.9.5,4,6:30:00,10,90000001,91000001,190,390,544,740,825,930,955,940,940,870,836,793,605,565,547,490,362,308
1404.9.5,4,8:40:00,46,90000001,91000001,190,389,541,743,825,930,955,941,940,870,836,791,600,565,547,491,361,308
1404.9.5,4,10:50:00,76,90000001,91000001,190,395,542,744,825,930,955,941,940,870,836,787,604,562,547,495,365,309
1404.9.5,4,13:00:00,6,90000001,91000001,190,394,542,740,825,930,955,941,940,870,836,784,605,562,547,495,366,308
1404.9.5,5,15:10:00,3,90000001,91000001,190,394,537,737,825,930,955,943,940,870,832,789,603,566,544,493,366,307
1404.9.5,5,17:20:00,35,90000001,91000001,190,394,536,745,825,930,955,940,940,870,832,795,605,564,547,492,366,314
1404.9.5,5,19:30:00,53,90000001,91000001,190,390,535,737,825,930,955,940,940,870,834,796,606,565,547,490,368,310
1404.9.5,5,21:40:00,80,90000001,91000001,190,392,534,742,825,930,955,940,940,870,829,793,602,566,546,491,366,313
1404.9.5,8,23:50:00,31,90000001,91000001,190,393,532,745,825,930,955,941,940,870,833,794,604,564,546,492,364,314
1404.9.6,8,2:00:00,66,90000001,91000001,190,392,533,736,825,930,955,938,940,869,838,793,603,564,546,491,362,310
1404.9.6,8,4:10:00,22,90000001,91000001,190,390,528,736,825,930,955,939,940,870,834,794,605,564,546,492,364,308
1404.9.6,4,6:20:00,19,90000001,91000001,190,390,527,732,825,930,955,940,940,870,834,793,606,565,546,491,364,309
1404.9.6,4,8:30:00,34,90000001,91000001,190,390,526,732,825,930,955,940,940,870,835,794,605,565,546,492,363,308
1404.9.6,4,10:40:00,36,90000001,91000001,190,390,525,735,825,930,955,940,940,870,836,795,605,566,546,493,364,307
1404.9.6,4,12:50:00,57,90000001,91000001,190,389,525,732,825,930,955,940,940,870,836,794,606,566,547,491,363,309
1404.9.6,5,15:00:00,5,90000001,91000001,190,389,519,727,825,930,955,942,940,870,837,791,604,567,549,493,362,308
1404.9.6,5,17:10:00,58,90000001,91000001,190,388,520,726,825,930,955,942,940,870,837,792,606,566,549,495,364,302
1404.9.6,5,19:20:00,68,90000001,91000001,190,389,525,732,825,930,955,941,940,870,836,795,607,567,549,494,362,307
1404.9.6,5,21:30:00,51,90000001,91000001,190,382,523,739,825,930,955,941,940,870,836,794,608,569,548,492,364,305
1404.9.6,8,23:40:00,23,90000001,91000001,190,388,531,730,825,930,955,943,940,870,835,796,606,569,547,494,368,311
1404.9.7,8,1:50:00,12,90000001,91000001,190,385,527,731,825,930,955,943,940,870,837,794,605,568,548,492,361,310
1404.9.7,8,4:00:00,27,90000001,91000001,190,384,525,726,825,930,955,943,940,870,835,798,605,568,549,493,365,310
1404.9.7,4,6:10:00,50,90000001,91000001,190,381,525,727,825,930,955,943,940,870,835,800,604,567,549,493,365,310
1404.9.7,4,8:20:00,4,90000001,91000001,190,375,523,732,825,930,955,941,940,870,835,798,605,566,548,495,362,308
1404.9.7,4,10:30:00,79,90000001,91000001,190,375,524,733,825,930,955,941,940,870,836,799,604,565,547,494,361,307
1404.9.7,4,12:40:00,13,90000001,91000001,190,379,520,732,825,930,955,942,940,870,836,798,605,565,547,493,362,306
1404.9.7,5,14:50:00,15,90000001,91000001,190,382,514,722,825,930,955,941,940,870,834,792,608,568,548,491,361,306
1404.9.7,5,17:00:00,40,90000001,91000001,190,381,513,723,825,930,955,942,940,870,833,794,607,569,550,490,360,306
1404.9.7,5,19:10:00,60,90000001,91000001,190,379,523,723,825,930,955,941,940,870,832,794,607,569,551,491,360,305
1404.9.7,5,21:20:00,43,90000001,91000001,190,384,523,729,825,930,955,942,940,870,835,792,608,568,550,493,358,307
1404.9.7,8,23:30:00,30,90000001,91000001,190,381,523,723,825,930,955,942,940,870,831,796,608,568,548,494,361,308
1404.9.8,8,1:40:00,11,90000001,91000001,190,382,520,720,825,930,955,942,940,870,836,779,608,569,549,495,362,310
1404.9.8,8,3:50:00,25,90000001,91000001,190,383,520,724,825,930,955,944,940,870,835,798,606,569,550,494,366,308
1404.9.8,4,6:00:00,33,90000001,91000001,190,375,523,738,825,930,955,942,940,870,836,802,607,569,550,496,365,314
1404.9.8,4,8:10:00,44,90000001,91000001,190,375,524,731,825,930,955,942,940,870,836,801,607,569,550,497,365,315
1404.9.8,4,10:20:00,47,90000001,91000001,190,375,523,724,825,930,955,941,940,870,835,801,607,569,551,497,365,315
1404.9.8,4,12:30:00,45,90000001,91000001,190,375,523,724,825,930,955,941,940,870,835,801,607,569,551,497,365,315
1404.9.8,8,14:40:00,9,90000001,91000001,190,372,520,717,825,930,955,940,940,870,834,790,609,570,550,492,367,312
1404.9.8,8,16:50:00,55,90000001,91000001,190,370,520,718,825,930,955,940,940,870,833,793,609,572,550,495,368,313
1404.9.8,8,19:00:00,1,90000001,91000001,190,374,526,729,825,930,955,940,940,870,832,795,609,570,551,495,362,313
1404.9.8,8,21:10:00,29,90000001,91000001,190,378,524,725,825,930,955,941,940,870,832,794,610,576,551,496,363,313
1404.9.8,5,23:20:00,17,90000001,91000001,190,378,527,725,825,930,955,941,940,870,835,794,610,572,551,492,364,310
1404.9.9,5,1:30:00,37,90000001,91000001,190,382,528,727,825,930,955,942,940,870,835,799,611,570,552,495,368,315
1404.9.9,5,3:40:00,52,90000001,91000001,190,382,531,730,825,930,955,942,940,870,832,798,609,570,551,498,367,312
1404.9.9,5,5:50:00,18,90000001,91000001,190,384,531,732,825,930,955,942,940,870,836,797,610,571,552,498,364,315
1404.9.9,8,8:00:00,69,90000001,91000001,190,384,533,730,825,930,955,943,940,870,835,797,610,570,552,500,369,314
1404.9.9,8,10:10:00,32,90000001,91000001,190,383,531,733,825,930,955,942,940,870,834,796,611,571,551,501,372,313
1404.9.9,8,12:20:00,75,90000001,91000001,190,382,531,730,825,930,955,941,940,870,835,797,611,572,551,500,376,315
1404.9.9,8,14:30:00,8,90000001,91000001,190,383,529,732,825,930,955,941,940,870,835,793,606,572,552,497,372,316
1404.9.9,8,16:40:00,78,90000001,91000001,190,380,528,733,825,930,955,941,940,870,836,792,606,567,551,495,371,316
1404.9.9,5,18:50:00,16,90000001,91000001,190,377,527,740,825,930,955,942,940,870,834,793,609,568,551,496,371,315
