date_jalali,shift,OperatorCode_FK,typeOfWorkers,workerscount,productName,GlazeType,wagon_no,TotalCount,Grade1Count,WasteCount
1404/01/04,1,1,,,91000000,91000001,75,1128,1000,128
1404/01/04,1,1,,,91000000,91000001,41,1504,1360,144
1404/01/04,1,1,,,91000000,91000001,50,1504,1300,204
1404/01/04,1,1,,,91000000,91000001,67,1504,1350,154
1404/01/04,1,1,,,91000000,91000001,64,1504,1320,184
1404/01/04,1,1,,,91000000,91000001,72,1504,1330,174
1404/01/04,1,1,,,91000000,91000001,23,1504,1360,144
1404/01/04,1,1,,,91000000,91000001,54,1504,1380,124
1404/01/04,1,1,,,91000000,91000001,40,1410,1250,160
1404/01/04,1,1,,,91000000,91000001,38,1504,1350,154
1404/01/04,1,1,,,91000000,91000001,61,1480,1350,130
1404/01/04,1,1,,,91000000,91000001,63,1480,1330,150
1404/01/04,1,1,,,92000000,92000001,75,200,180,20
1404/01/04,1,1,,,91000000,91000001,80,154,120,34
1404/01/05,1,1,,,91000000,91000001,80,1350,1210,140
1404/01/05,1,1,,,91000000,91000001,68,1504,1390,114
1404/01/05,1,1,,,91000000,91000001,71,1504,1360,144
1404/01/05,1,1,,,91000000,91000001,31,1504,1370,134
1404/01/05,1,1,,,91000000,91000001,69,1504,1400,104
1404/01/05,1,1,,,91000000,91000001,32,1504,1350,154
1404/01/05,1,1,,,91000000,91000001,11,1504,1380,124
1404/01/05,1,1,,,91000000,91000001,25,1504,1340,164
1404/01/05,1,1,,,92000000,92000001,53,820,610,210
1404/01/05,1,1,,,92000000,92000001,57,820,650,170
1404/01/05,2,2,,,91000000,91000001,51,1504,1350,154
1404/01/05,2,2,,,91000000,91000001,17,1504,1350,154
1404/01/05,2,2,,,91000000,91000001,9,1504,1300,204
1404/01/06,1,1,,,91000000,91000001,28,1504,1340,164
1404/01/06,1,1,,,91000000,91000001,35,1504,1340,164
1404/01/06,1,1,,,91000000,91000001,52,1504,1320,184
1404/01/06,1,1,,,91000000,91000001,8,1504,1350,154
1404/01/06,1,1,,,91000000,91000001,73,1457,1300,157
1404/01/06,1,1,,,91000000,91000001,46,1457,1300,157
1404/01/06,1,1,,,91000000,91000001,43,1504,1320,184
1404/01/06,1,1,,,91000000,91000001,20,1504,1350,154
1404/01/06,1,1,,,91000000,91000001,29,1504,1380,124
1404/01/06,1,1,,,93000000,93000001,73,22,15,7
1404/01/06,2,2,,,91000000,91000001,47,1504,1330,174
1404/01/06,2,2,,,91000000,91000001,34,1504,1340,164
1404/01/06,2,2,,,91000000,91000001,49,1504,1330,174
1404/01/06,2,2,,,91000000,91000001,55,1504,1370,134
1404/01/06,2,2,,,91000000,91000001,66,1504,1370,134
1404/01/06,2,2,,,91000000,91000001,10,74,60,14
1404/01/07,1,1,,,91000000,91000001,10,1430,1260,170
1404/01/07,1,1,,,91000000,91000001,70,1504,1320,184
1404/01/07,1,1,,,91000000,91000001,27,1504,1300,204
1404/01/07,1,1,,,91000000,91000001,39,1457,1300,157
1404/01/07,1,1,,,91000000,91000001,4,1504,1250,254
1404/01/07,1,1,,,91000000,91000001,24,1504,1320,184
1404/01/07,1,1,,,91000000,91000001,6,1504,1300,204
1404/01/07,1,1,,,91000000,91000001,60,1504,1350,154
1404/01/07,1,1,,,91000000,91000001,16,1504,1360,144
1404/01/07,1,1,,,91000000,91000001,56,1504,1360,144
1404/01/07,1,1,,,91000000,91000001,65,1504,1300,204
1404/01/07,1,1,,,91000000,91000001,19,1504,1320,184
1404/01/07,1,1,,,91000000,91000001,7,284,260,24
1404/01/07,1,1,,,93000000,93000001,39,14,10,4
1404/01/08,1,1,,,91000000,91000001,7,1220,1080,140
1404/01/08,1,1,,,91000000,91000001,13,1504,1300,204
1404/01/08,1,1,,,91000000,91000001,78,1504,1230,274
1404/01/08,1,1,,,91000000,91000001,21,1504,1280,224
1404/01/08,1,1,,,91000000,91000001,58,1504,1250,254
1404/01/08,1,1,,,91000000,91000001,59,1504,1200,304
1404/01/08,1,1,,,91000000,91000001,45,1504,1250,254
1404/01/08,1,1,,,91000000,91000001,76,1504,1300,204
1404/01/08,1,1,,,91000000,91000001,5,1504,1210,294
1404/01/08,1,1,,,91000000,91000001,79,1504,1300,204
1404/01/08,1,1,,,91000000,91000001,36,1457,1200,257
1404/01/08,1,1,,,93000000,93000001,36,22,16,6
1404/01/09,1,2,,,91000000,91000001,30,1504,1300,204
1404/01/09,1,2,,,91000000,91000001,15,1504,1300,204
1404/01/09,1,2,,,91000000,91000001,3,1504,1320,184
1404/01/09,1,2,,,91000000,91000001,37,1504,1300,204
1404/01/09,1,2,,,91000000,91000001,12,1504,1300,204
1404/01/09,1,2,,,91000000,91000001,74,1504,1310,194
1404/01/09,1,2,,,91000000,91000001,18,1504,1320,184
1404/01/09,1,2,,,91000000,91000001,77,1504,1300,204
1404/01/09,1,2,,,91000000,91000001,14,1504,1250,254
1404/01/09,1,2,,,91000000,91000001,42,1504,1300,204
1404/01/09,1,2,,,91000000,91000001,75,1504,1250,254
1404/01/09,1,2,,,91000000,91000001,26,1504,1350,154
1404/01/09,2,1,,,91000000,91000001,50,1504,1300,204
1404/01/09,2,1,,,91000000,91000001,41,1480,1200,280
1404/01/09,2,1,,,91000000,91000001,67,1504,1300,204
1404/01/10,1,2,,,91000000,91000001,38,1504,1380,124
1404/01/10,1,2,,,91000000,91000001,54,1504,1360,144
1404/01/10,1,2,,,91000000,91000001,23,1504,1380,124
1404/01/10,1,2,,,91000000,91000001,40,1504,1380,124
1404/01/10,1,2,,,91000000,91000001,64,1504,1350,154
1404/01/10,1,2,,,91000000,91000001,61,1504,1300,204
1404/01/10,1,2,,,91000000,91000001,80,1410,1300,110
1404/01/10,1,2,,,91000000,91000001,72,1410,1250,160
1404/01/10,1,2,,,91000000,91000001,57,118,100,18
1404/01/10,1,2,,,93000000,93000001,80,40,28,12
1404/01/10,1,2,,,93000000,93000001,72,40,38,2
1404/01/10,1,2,,,93000000,93000001,57,22,17,5
1404/01/10,2,1,,,91000000,91000001,57,1339,1160,179
1404/01/10,2,1,,,91000000,91000001,11,1504,1000,504
1404/01/10,2,1,,,91000000,91000001,32,1480,1240,240
1404/01/10,2,1,,,93000000,93000001,32,10,8,2
1404/01/14,1,2,,,91000000,91000001,17,1504,1300,204
1404/01/14,1,2,,,91000000,91000001,47,1504,1320,184
1404/01/14,1,2,,,91000000,91000001,21,1504,1330,174
1404/01/14,1,2,,,91000000,91000001,65,1504,1350,154
1404/01/14,1,2,,,91000000,91000001,78,1504,1250,254
1404/01/14,1,2,,,91000000,91000001,13,1504,1350,154
1404/01/14,1,2,,,91000000,91000001,7,1504,1280,224
1404/01/14,1,2,,,91000000,91000001,19,1504,1330,174
1404/01/14,1,2,,,91000000,91000001,56,1504,1280,224
1404/01/14,1,2,,,91000000,91000001,60,1504,1290,214
1404/01/14,1,2,,,91000000,91000001,5,1504,1350,154
1404/01/14,1,2,,,91000000,91000001,39,1504,1330,174
1404/01/14,1,2,,,91000000,91000001,79,54,40,14
1404/01/16,1,2,,,91000000,91000001,79,1450,1330,120
1404/01/16,1,2,,,91000000,91000001,15,1504,1380,124
1404/01/16,1,2,,,91000000,91000001,36,1504,1340,164
1404/01/16,1,2,,,91000000,91000001,58,1504,1330,174
1404/01/16,1,2,,,91000000,91000001,59,1504,1280,224
1404/01/16,1,2,,,91000000,91000001,45,1504,1310,194
1404/01/16,1,2,,,91000000,91000001,76,1504,1340,164
1404/01/16,1,2,,,91000000,91000001,67,1504,1350,154
1404/01/16,1,2,,,91000000,91000001,41,1504,1370,134
1404/01/16,1,2,,,91000000,91000001,50,1504,1380,124
1404/01/16,1,2,,,91000000,91000001,37,1457,1300,157
1404/01/16,1,2,,,91000000,91000001,12,1410,1270,140
1404/01/16,1,2,,,91000000,91000001,16,1480,1270,210
1404/01/16,1,2,,,93000000,93000001,37,22,18,4
1404/01/16,1,2,,,93000000,93000001,12,12,10,2
1404/01/16,1,2,,,91000000,91000001,54,164,150,14
1404/01/16,2,1,,,91000000,91000001,54,1340,1220,120
1404/01/16,2,1,,,91000000,91000001,38,1504,1380,124
1404/01/16,2,1,,,91000000,91000001,26,1504,1300,204
1404/01/16,2,1,,,91000000,91000001,23,1504,1370,134
1404/01/16,2,1,,,91000000,91000001,40,154,130,24
1404/01/17,1,1,,,91000000,91000001,40,1350,1200,150
1404/01/17,1,1,,,91000000,91000001,64,1504,1370,134
1404/01/17,1,1,,,91000000,91000001,4,1504,1300,204
1404/01/17,1,1,,,91000000,91000001,24,1504,1300,204
1404/01/17,1,1,,,91000000,91000001,6,1504,1280,224
1404/01/17,1,1,,,91000000,91000001,61,1504,1240,264
1404/01/17,1,1,,,91000000,91000001,72,1504,1320,184
1404/01/17,1,1,,,91000000,91000001,18,1504,1350,154
1404/01/17,1,1,,,91000000,91000001,77,1504,1330,174
1404/01/17,1,1,,,91000000,91000001,75,1504,1380,124
1404/01/17,1,1,,,91000000,91000001,42,1504,1370,134
1404/01/17,1,1,,,91000000,91000001,14,1504,1360,144
1404/01/17,1,1,,,91000000,91000001,80,1410,1200,210
1404/01/17,1,1,,,93000000,93000001,80,40,12,28
1404/01/17,2,2,,,91000000,91000001,11,1410,1300,110
1404/01/17,2,2,,,91000000,91000001,57,1504,1350,154
1404/01/17,2,2,,,91000000,91000001,2,1504,1350,154
1404/01/17,2,2,,,93000000,93000001,11,34,14,20
1404/01/18,1,1,,,91000000,91000001,46,1480,1320,160
1404/01/18,1,1,,,91000000,91000001,52,1480,1280,200
1404/01/18,1,1,,,91000000,91000001,35,1480,1280,200
1404/01/18,1,1,,,91000000,91000001,28,1470,1250,220
1404/01/18,1,1,,,91000000,91000001,1,1480,1320,160
1404/01/18,1,1,,,91000000,91000001,9,1480,1330,150
1404/01/18,1,1,,,91000000,91000001,43,1480,1300,180
1404/01/18,1,1,,,91000000,91000001,44,1480,1350,130
1404/01/18,1,1,,,91000000,91000001,74,1504,1280,224
1404/01/18,1,1,,,91000000,91000001,3,1504,1360,144
1404/01/18,1,1,,,91000000,91000001,30,1504,1360,144
1404/01/18,1,1,,,91000000,91000001,27,1504,1250,254
1404/01/18,1,1,,,91000000,91000001,63,140,120,20
1404/01/18,1,1,,,93000000,93000001,63,42,28,14
1404/01/18,2,2,,,91000000,91000001,63,1270,1150,120
1404/01/18,2,2,,,91000000,91000001,29,1504,1300,204
1404/01/18,2,2,,,91000000,91000001,49,194,150,44
1404/01/19,1,1,,,91000000,91000001,49,1310,1050,260
1404/01/19,1,1,,,91000000,91000001,34,1480,1260,220
1404/01/19,1,1,,,91000000,91000001,51,1480,1150,330
1404/01/19,1,1,,,91000000,91000001,8,1480,1280,200
1404/01/19,1,1,,,91000000,91000001,73,1504,1250,254
1404/01/19,1,1,,,91000000,91000001,66,1480,1300,180
1404/01/19,1,1,,,91000000,91000001,55,1480,1250,230
1404/01/19,1,1,,,91000000,91000001,20,1480,1320,160
1404/01/19,1,1,,,91000000,91000001,68,1504,1360,144
1404/01/19,1,1,,,91000000,91000001,32,1504,1340,164
1404/01/19,1,1,,,91000000,91000001,10,1504,1340,164
1404/01/19,1,1,,,91000000,91000001,47,1504,1300,204
1404/01/19,2,2,,,91000000,91000001,17,1504,1370,134
1404/01/19,2,2,,,91000000,91000001,71,1504,1380,124
1404/01/19,2,2,,,91000000,91000001,31,1457,1330,127
1404/01/19,2,2,,,91000000,91000001,70,160,120,40
1404/01/19,2,2,,,93000000,93000001,31,22,17,5
1404/01/20,1,1,,,91000000,91000001,70,1344,1200,144
1404/01/20,1,1,,,91000000,91000001,19,1504,1350,154
1404/01/20,1,1,,,91000000,91000001,65,1504,1350,154
1404/01/20,1,1,,,91000000,91000001,7,1504,1350,154
1404/01/20,1,1,,,91000000,91000001,13,1504,1300,204
1404/01/20,1,1,,,91000000,91000001,78,1504,1370,134
1404/01/20,1,1,,,91000000,91000001,21,1504,1360,144
1404/01/20,1,1,,,91000000,91000001,69,1504,1300,204
1404/01/20,1,1,,,91000000,91000001,53,1504,1360,144
1404/01/20,1,1,,,91000000,91000001,25,1504,1380,124
1404/01/20,1,1,,,91000000,91000001,56,1410,1280,130
1404/01/20,2,2,,,91000000,91000001,39,1504,1300,204
1404/01/20,2,2,,,91000000,91000001,60,1504,1300,204
1404/01/21,1,1,,,91000000,91000001,45,1504,1300,204
1404/01/21,1,1,,,91000000,91000001,59,1504,1340,164
1404/01/21,1,1,,,91000000,91000001,36,1504,1280,224
1404/01/21,1,1,,,91000000,91000001,5,1504,1350,154
1404/01/21,1,1,,,91000000,91000001,79,1504,1350,154
1404/01/21,1,1,,,91000000,91000001,12,1504,1350,154
1404/01/21,1,1,,,91000000,91000001,15,1504,1270,234
1404/01/21,1,1,,,91000000,91000001,16,1504,1300,204
1404/01/21,1,1,,,91000000,91000001,58,1504,1260,244
1404/01/23,1,2,,,91000000,91000001,3,1504,1360,144
1404/01/23,1,2,,,91000000,91000001,1,1504,1370,134
1404/01/23,1,2,,,91000000,91000001,74,1504,1360,144
1404/01/23,1,2,,,91000000,91000001,44,1504,1380,124
1404/01/23,1,2,,,91000000,91000001,43,1504,1390,114
1404/01/23,1,2,,,91000000,91000001,57,1504,1360,144
1404/01/23,1,2,,,91000000,91000001,80,1504,1380,124
1404/01/23,1,2,,,91000000,91000001,11,1504,1400,104
1404/01/23,1,2,,,91000000,91000001,72,1504,1400,104
1404/01/23,1,2,,,91000000,91000001,61,1504,1360,144
1404/01/23,1,2,,,91000000,91000001,67,1504,1380,124
1404/01/23,1,2,,,91000000,91000001,64,1504,1370,134
1404/01/23,1,2,,,91000000,91000001,38,800,690,110
1404/01/23,1,2,,,92000000,92000001,30,820,630,190
1404/01/23,2,1,,,91000000,91000001,38,704,620,84
1404/01/23,2,1,,,91000000,91000001,35,1504,1340,164
1404/01/23,2,1,,,91000000,91000001,9,1504,1250,254
1404/01/23,2,1,,,91000000,91000001,46,604,530,74
1404/01/23,2,1,,,91000000,91000001,28,1457,1260,197
1404/01/23,2,1,,,93000000,93000001,28,22,10,12
1404/01/24,1,1,,,91000000,91000001,46,900,850,50
1404/01/24,1,1,,,91000000,91000001,75,1504,1380,124
1404/01/24,1,1,,,91000000,91000001,14,1504,1350,154
1404/01/24,1,1,,,91000000,91000001,42,1504,1390,114
1404/01/24,1,1,,,91000000,91000001,2,1504,1380,124
1404/01/24,1,1,,,91000000,91000001,52,1504,1370,134
1404/01/24,1,1,,,91000000,91000001,26,1504,1370,134
1404/01/24,1,1,,,91000000,91000001,23,1504,1330,174
1404/01/24,1,1,,,91000000,91000001,40,1504,1320,184
1404/01/24,1,1,,,91000000,91000001,54,1504,1450,54
1404/01/24,1,1,,,91000000,91000001,49,1504,1330,174
1404/01/24,1,1,,,91000000,91000001,29,1316,1150,166
1404/01/24,1,1,,,92000000,92000001,29,100,90,10
1404/01/24,1,1,,,91000000,91000001,50,144,130,14
1404/01/24,2,2,,,91000000,91000001,50,1360,1240,120
1404/01/24,2,2,,,91000000,91000001,32,1504,1360,144
1404/01/24,2,2,,,91000000,91000001,66,1504,1370,134
1404/01/24,2,2,,,91000000,91000001,10,40,30,10
1404/01/25,1,2,,,91000000,91000001,10,1464,1280,184
1404/01/25,1,2,,,91000000,91000001,47,1504,1300,204
1404/01/25,1,2,,,91000000,91000001,17,1504,1320,184
1404/01/25,1,2,,,91000000,91000001,31,1504,1350,154
1404/01/25,1,2,,,91000000,91000001,71,1504,1330,174
1404/01/25,1,2,,,91000000,91000001,41,1504,1320,184
1404/01/25,1,2,,,91000000,91000001,7,1504,1300,204
1404/01/25,1,2,,,91000000,91000001,19,1504,1320,184
1404/01/25,1,2,,,91000000,91000001,65,100,80,20
1404/01/25,2,1,,,91000000,91000001,65,1404,1200,204
1404/01/25,2,1,,,91000000,91000001,70,1410,1200,210
1404/01/25,2,1,,,92000000,92000001,27,820,630,190
1404/01/25,2,1,,,93000000,93000001,70,42,39,3
1404/01/26,1,2,,,91000000,91000001,13,1410,1310,100
1404/01/26,1,2,,,91000000,91000001,8,1504,1400,104
1404/01/26,1,2,,,91000000,91000001,73,1504,1400,104
1404/01/26,1,2,,,91000000,91000001,20,1504,1400,104
1404/01/26,1,2,,,91000000,91000001,55,1504,1390,114
1404/01/26,1,2,,,91000000,91000001,68,1504,1370,134
1404/01/26,1,2,,,91000000,91000001,51,1504,1380,124
1404/01/26,1,2,,,91000000,91000001,34,1504,1350,154
1404/01/26,1,2,,,93000000,93000001,13,40,32,8
1404/01/26,2,1,,,91000000,91000001,78,1504,1360,144
1404/01/26,2,1,,,91000000,91000001,77,1504,1390,114
1404/01/26,2,1,,,91000000,91000001,18,500,450,50
1404/01/27,1,2,,,91000000,91000001,17,1004,920,84
1404/01/27,1,2,,,91000000,91000001,21,1504,1340,164
1404/01/27,1,2,,,91000000,91000001,76,1504,1340,164
1404/01/27,1,2,,,91000000,91000001,37,1504,1310,194
1404/01/27,1,2,,,91000000,91000001,4,1504,1360,144
1404/01/27,1,2,,,91000000,91000001,24,1504,1330,174
1404/01/27,1,2,,,91000000,91000001,6,1504,1300,204
1404/01/27,1,2,,,91000000,91000001,39,1504,1300,204
1404/01/27,1,2,,,92000000,92000001,63,820,630,190
1404/01/27,2,1,,,91000000,91000001,45,1504,1330,174
1404/01/27,2,1,,,91000000,91000001,60,1504,1270,234
1404/01/27,2,1,,,91000000,91000001,59,1504,1290,214
1404/01/27,2,1,,,91000000,91000001,36,114,110,4
1404/01/28,1,2,,,91000000,91000001,5,1380,1250,130
1404/01/28,1,2,,,91000000,91000001,58,1504,1320,184
1404/01/28,1,2,,,91000000,91000001,69,1504,1300,204
1404/01/28,1,2,,,91000000,91000001,53,1504,1330,174
1404/01/28,1,2,,,91000000,91000001,25,1504,1350,154
1404/01/28,1,2,,,91000000,91000001,56,1504,1300,204
1404/01/28,1,2,,,91000000,91000001,36,1504,1350,154
1404/01/30,1,1,,,91000000,91000001,40,1504,1340,164
1404/01/30,1,1,,,91000000,91000001,66,1504,1350,154
1404/01/30,1,1,,,91000000,91000001,23,1504,1400,104
1404/01/30,1,1,,,91000000,91000001,32,1504,1400,104
1404/01/30,1,1,,,91000000,91000001,50,1504,1350,154
1404/01/30,1,1,,,91000000,91000001,54,1504,1330,174
1404/01/30,1,1,,,91000000,91000001,49,1504,1320,184
1404/01/30,1,1,,,91000000,91000001,26,1504,1360,144
1404/01/30,1,1,,,91000000,91000001,14,1504,1380,124
1404/01/30,1,1,,,91000000,91000001,46,1504,1400,104
1404/01/30,1,1,,,91000000,91000001,52,1457,1300,157
1404/01/30,1,1,,,91000000,91000001,28,1457,1200,257
1404/01/30,1,1,,,91000000,91000001,67,1410,1200,210
1404/01/30,1,1,,,93000000,93000001,67,42,24,18
1404/01/30,1,1,,,93000000,93000001,28,22,14,8
1404/01/30,1,1,,,93000000,93000001,52,22,20,2
1404/01/30,1,1,,,91000000,91000001,35,84,70,14
1404/01/30,2,2,,,91000000,91000001,35,1420,1260,160
1404/01/30,2,2,,,91000000,91000001,31,1504,1340,164
1404/01/30,2,2,,,91000000,91000001,38,1504,1350,154
1404/01/30,2,2,,,91000000,91000001,71,1504,1310,194
1404/01/30,2,2,,,91000000,91000001,41,1457,1340,117
1404/01/31,1,1,,,91000000,91000001,2,1504,1350,154
1404/01/31,1,1,,,91000000,91000001,10,1504,1350,154
1404/01/31,1,1,,,91000000,91000001,47,1504,1340,164
1404/01/31,1,1,,,91000000,91000001,64,1504,1350,154
1404/01/31,1,1,,,91000000,91000001,61,1504,1360,144
1404/01/31,1,1,,,91000000,91000001,17,1504,1350,154
1404/01/31,1,1,,,91000000,91000001,72,1504,1300,204
1404/01/31,1,1,,,91000000,91000001,70,1504,1400,104
1404/01/31,1,1,,,91000000,91000001,11,1504,1380,124
1404/01/31,1,1,,,91000000,91000001,3,1504,1400,104
1404/01/31,1,1,,,91000000,91000001,27,446,420,26
1404/01/31,1,1,,,92000000,92000001,27,200,180,20
1404/01/31,1,1,,,93000000,93000001,27,13,10,3
1404/01/31,2,2,,,91000000,91000001,20,1504,1360,144
1404/01/31,2,2,,,91000000,91000001,1,1504,1380,124
1404/01/31,2,2,,,91000000,91000001,55,1504,1400,104
1404/01/31,2,2,,,91000000,91000001,27,594,550,44
1404/01/31,2,2,,,91000000,91000001,73,124,110,14
1404/01/31,2,2,,,92000000,92000001,7,820,630,190
1404/02/01,1,1,,,91000000,91000001,73,1380,1280,100
1404/02/01,1,1,,,91000000,91000001,34,1504,1360,144
1404/02/01,1,1,,,91000000,91000001,51,1504,1400,104
1404/02/01,1,1,,,91000000,91000001,68,1504,1400,104
1404/02/01,1,1,,,91000000,91000001,8,1504,1400,104
1404/02/01,1,1,,,91000000,91000001,13,1504,1390,114
1404/02/01,1,1,,,91000000,91000001,77,1504,1370,134
1404/02/01,1,1,,,91000000,91000001,18,1504,1400,104
1404/02/01,1,1,,,92000000,92000001,65,820,630,190
1404/02/01,2,2,,,91000000,91000001,63,1457,1320,137
1404/02/01,2,2,,,91000000,91000001,78,1504,1280,224
1404/02/01,2,2,,,93000000,93000001,63,22,20,2
1404/02/02,1,1,,,91000000,91000001,9,1504,1310,194
1404/02/02,1,1,,,91000000,91000001,30,1504,1350,154
1404/02/02,1,1,,,91000000,91000001,75,1504,1340,164
1404/02/02,1,1,,,91000000,91000001,21,1504,1380,124
1404/02/02,1,1,,,91000000,91000001,42,1504,1370,134
1404/02/02,1,1,,,91000000,91000001,80,1504,1380,124
1404/02/02,1,1,,,91000000,91000001,57,1504,1100,404
1404/02/02,1,1,,,91000000,91000001,29,1504,1370,134
1404/02/02,1,1,,,92000000,92000001,19,820,540,280
1404/02/02,2,2,,,91000000,91000001,44,1504,1270,234
1404/02/02,2,2,,,91000000,91000001,43,1504,1300,204
1404/02/02,2,2,,,91000000,91000001,74,1504,1300,204
1404/02/02,2,2,,,91000000,91000001,16,144,130,14
1404/02/03,1,1,,,91000000,91000001,16,1360,1180,180
1404/02/03,1,1,,,91000000,91000001,79,1504,1350,154
1404/02/03,1,1,,,91000000,91000001,12,1504,1330,174
1404/02/03,1,1,,,91000000,91000001,4,1504,1380,124
1404/02/03,1,1,,,91000000,91000001,76,1504,1390,114
1404/02/03,1,1,,,91000000,91000001,15,1504,1380,124
1404/02/03,1,1,,,91000000,91000001,24,1504,1370,134
1404/02/03,1,1,,,91000000,91000001,6,1450,1340,110
1404/02/03,1,1,,,93000000,93000001,6,22,15,7
1404/02/03,1,1,,,91000000,91000001,59,84,80,4
1404/02/03,2,2,,,91000000,91000001,59,1420,1300,120
1404/02/03,2,2,,,91000000,91000001,5,1504,1340,164
1404/02/03,2,2,,,91000000,91000001,53,1504,1360,144
1404/02/06,1,2,,,91000000,91000001,31,1504,1400,104
1404/02/06,1,2,,,91000000,91000001,38,1504,1400,104
1404/02/06,1,2,,,91000000,91000001,71,1504,1410,94
1404/02/06,1,2,,,91000000,91000001,2,1410,1330,80
1404/02/06,1,2,,,91000000,91000001,47,1410,1320,90
1404/02/06,1,2,,,91000000,91000001,64,1504,1410,94
1404/02/06,1,2,,,91000000,91000001,17,1504,1400,104
1404/02/06,1,2,,,91000000,91000001,10,1504,1410,94
1404/02/06,1,2,,,91000000,91000001,11,1504,1400,104
1404/02/06,1,2,,,91000000,91000001,41,1504,1400,104
1404/02/06,1,2,,,91000000,91000001,66,1504,1420,84
1404/02/06,1,2,,,91000000,91000001,54,1504,1400,104
1404/02/06,1,2,,,91000000,91000001,3,1504,1420,84
1404/02/06,1,2,,,91000000,91000001,49,90,80,10
1404/02/06,1,2,,,93000000,93000001,47,42,36,6
1404/02/06,1,2,,,93000000,93000001,2,42,37,5
1404/02/06,2,1,,,91000000,91000001,49,1414,1300,114
1404/02/06,2,1,,,91000000,91000001,7,1504,1370,134
1404/02/06,2,1,,,91000000,91000001,27,1504,1400,104
1404/02/06,2,1,,,91000000,91000001,46,1504,1380,124
1404/02/06,2,1,,,91000000,91000001,34,634,550,84
1404/02/07,1,1,,,91000000,91000001,34,870,800,70
1404/02/07,1,1,,,91000000,91000001,70,1504,1360,144
1404/02/07,1,1,,,91000000,91000001,20,1504,1370,134
1404/02/07,1,1,,,91000000,91000001,1,1504,1370,134
1404/02/07,1,1,,,91000000,91000001,55,1504,1400,104
1404/02/07,1,1,,,91000000,91000001,65,1504,1380,124
1404/02/07,1,1,,,91000000,91000001,73,1504,1380,124
1404/02/07,1,1,,,91000000,91000001,28,1504,1400,104
1404/02/07,1,1,,,91000000,91000001,51,1504,1400,104
1404/02/07,1,1,,,91000000,91000001,35,1504,1340,164
1404/02/07,1,1,,,91000000,91000001,52,1504,1400,104
1404/02/07,1,1,,,91000000,91000001,13,660,600,60
1404/02/07,2,1,,,91000000,91000001,13,844,760,84
1404/02/07,2,1,,,91000000,91000001,78,1504,1320,184
1404/02/07,2,1,,,91000000,91000001,63,1504,1350,154
1404/02/07,2,1,,,91000000,91000001,67,1504,1370,134
1404/02/08,1,2,,,91000000,91000001,57,1504,1380,124
1404/02/08,1,2,,,91000000,91000001,44,1504,1380,124
1404/02/08,1,2,,,91000000,91000001,21,1457,1340,117
1404/02/08,1,2,,,91000000,91000001,80,1504,1410,94
1404/02/08,1,2,,,91000000,91000001,19,1504,1400,104
1404/02/08,1,2,,,91000000,91000001,29,1504,1400,104
1404/02/08,1,2,,,91000000,91000001,75,1504,1350,154
1404/02/08,1,2,,,91000000,91000001,42,1504,1410,94
1404/02/08,1,2,,,91000000,91000001,14,1504,1390,114
1404/02/08,1,2,,,91000000,91000001,26,1504,1400,104
1404/02/08,1,2,,,91000000,91000001,50,1504,1400,104
1404/02/08,1,2,,,91000000,91000001,43,611,540,71
1404/02/08,2,1,,,91000000,91000001,9,1504,1330,174
1404/02/08,2,1,,,91000000,91000001,30,1504,1360,144
1404/02/08,2,1,,,91000000,91000001,23,1504,1320,184
1404/02/08,2,1,,,91000000,91000001,43,893,790,103
1404/02/09,1,2,,,91000000,91000001,61,1457,1330,127
1404/02/09,1,2,,,91000000,91000001,77,1457,1320,137
1404/02/09,1,2,,,91000000,91000001,36,1504,1370,134
1404/02/09,1,2,,,91000000,91000001,68,1504,1330,174
1404/02/09,1,2,,,91000000,91000001,8,1504,1380,124
1404/02/09,1,2,,,91000000,91000001,72,1504,1370,134
1404/02/09,1,2,,,91000000,91000001,18,1504,1370,134
1404/02/09,1,2,,,91000000,91000001,74,1504,1400,104
1404/02/09,1,2,,,91000000,91000001,32,1504,1400,104
1404/02/09,1,2,,,91000000,91000001,40,1504,1400,104
1404/02/09,1,2,,,91000000,91000001,25,1504,1370,134
1404/02/09,1,2,,,91000000,91000001,56,1504,1360,144
1404/02/09,1,2,,,93000000,93000001,77,22,18,4
1404/02/09,1,2,,,93000000,93000001,61,22,18,4
1404/02/09,2,2,,,91000000,91000001,58,1504,1380,124
1404/02/09,2,2,,,91000000,91000001,69,1504,1350,154
1404/02/09,2,2,,,91000000,91000001,60,1504,1340,164
1404/02/09,2,2,,,91000000,91000001,45,154,130,24
1404/02/10,1,2,,,91000000,91000001,45,1350,1200,150
1404/02/10,1,2,,,91000000,91000001,4,1504,1400,104
1404/02/10,1,2,,,91000000,91000001,12,1504,1400,104
1404/02/10,1,2,,,91000000,91000001,79,1504,1400,104
1404/02/10,1,2,,,91000000,91000001,16,1504,1390,114
1404/02/10,1,2,,,91000000,91000001,37,1504,1370,134
1404/02/10,1,2,,,91000000,91000001,39,1504,1380,124
1404/02/10,1,2,,,91000000,91000001,59,1504,1400,104
1404/02/10,1,2,,,91000000,91000001,5,70,60,10
1404/02/10,2,1,,,91000000,91000001,5,1340,1220,120
1404/02/10,2,1,,,91000000,91000001,31,1504,1380,124
1404/02/11,1,2,,,91000000,91000001,64,1504,1420,84
1404/02/11,1,2,,,91000000,91000001,11,1504,1420,84
1404/02/11,1,2,,,91000000,91000001,47,1504,1415,89
1404/02/11,1,2,,,91000000,91000001,38,1504,1425,79
1404/02/11,1,2,,,91000000,91000001,71,1504,1420,84
1404/02/11,1,2,,,91000000,91000001,2,1504,1420,84
1404/02/11,1,2,,,91000000,91000001,41,1504,1415,89
1404/02/11,1,2,,,91000000,91000001,66,74,65,9
1404/02/13,1,1,,,91000000,91000001,10,1410,1280,130
1404/02/13,1,1,,,91000000,91000001,17,1504,1400,104
1404/02/13,1,1,,,91000000,91000001,3,1504,1370,134
1404/02/13,1,1,,,91000000,91000001,49,1504,1360,144
1404/02/13,1,1,,,91000000,91000001,63,1504,1400,104
1404/02/13,1,1,,,91000000,91000001,27,1457,1300,157
1404/02/13,1,1,,,91000000,91000001,46,1504,1340,164
1404/02/13,1,1,,,91000000,91000001,44,1504,1330,174
1404/02/13,1,1,,,91000000,91000001,34,1504,1390,114
1404/02/13,1,1,,,91000000,91000001,70,1504,1370,134
1404/02/13,1,1,,,91000000,91000001,20,1504,1360,144
1404/02/13,1,1,,,92000000,92000001,13,820,720,100
1404/02/13,1,1,,,91000000,91000001,1,114,100,14
1404/02/13,1,1,,,93000000,93000001,10,42,37,5
1404/02/13,2,2,,,91000000,91000001,1,1390,1320,70
1404/02/13,2,2,,,91000000,91000001,21,1504,1380,124
1404/02/13,2,2,,,91000000,91000001,65,1504,1400,104
1404/02/13,2,2,,,91000000,91000001,80,1457,1320,137
1404/02/13,2,2,,,91000000,91000001,73,634,580,54
1404/02/13,2,2,,,93000000,93000001,80,19,18,1
1404/02/14,1,1,,,91000000,91000001,73,870,780,90
1404/02/14,1,1,,,91000000,91000001,42,1504,1360,144
1404/02/14,1,1,,,91000000,91000001,29,1504,1360,144
1404/02/14,1,1,,,91000000,91000001,19,1504,1390,114
1404/02/14,1,1,,,91000000,91000001,50,1504,1380,124
1404/02/14,1,1,,,91000000,91000001,67,1504,1380,124
1404/02/14,1,1,,,91000000,91000001,57,1504,1370,134
1404/02/14,1,1,,,91000000,91000001,52,1504,1360,144
1404/02/14,1,1,,,91000000,91000001,51,1504,1320,184
1404/02/14,1,1,,,91000000,91000001,28,1504,1360,144
1404/02/14,1,1,,,91000000,91000001,55,650,540,110
1404/02/14,1,1,,,91000000,91000001,78,1064,1000,64
1404/02/14,1,1,,,92000000,92000001,78,220,180,40
1404/02/14,1,1,,,93000000,93000001,78,6,5,1
1404/02/14,2,2,,,91000000,91000001,55,854,800,54
1404/02/14,2,2,,,91000000,91000001,30,1504,1370,134
1404/02/14,2,2,,,91000000,91000001,9,1504,1360,144
1404/02/14,2,2,,,91000000,91000001,36,752,670,82
1404/02/15,1,1,,,91000000,91000001,36,752,700,52
1404/02/15,1,1,,,91000000,91000001,74,1504,1340,164
1404/02/15,1,1,,,91000000,91000001,69,1504,1380,124
1404/02/15,1,1,,,91000000,91000001,40,1504,1350,154
1404/02/15,1,1,,,91000000,91000001,58,1504,1340,164
1404/02/15,1,1,,,91000000,91000001,25,1504,1320,184
1404/02/15,1,1,,,91000000,91000001,56,1504,1320,184
1404/02/15,1,1,,,91000000,91000001,72,1504,1320,184
1404/02/15,1,1,,,91000000,91000001,54,1504,1350,154
1404/02/15,1,1,,,91000000,91000001,45,1504,1380,124
1404/02/15,1,1,,,91000000,91000001,60,1504,1390,114
1404/02/15,1,1,,,91000000,91000001,66,864,710,154
1404/02/15,1,1,,,91000000,91000001,7,1410,1300,110
1404/02/15,1,1,,,93000000,93000001,7,34,26,8
1404/02/15,2,2,,,91000000,91000001,66,640,600,40
1404/02/15,2,2,,,91000000,91000001,77,1504,1400,104
1404/02/15,2,2,,,91000000,91000001,18,1504,1400,104
1404/02/15,2,2,,,92000000,92000001,35,820,720,100
1404/02/16,1,1,,,91000000,91000001,26,1504,1380,124
1404/02/16,1,1,,,91000000,91000001,75,1504,1390,114
1404/02/16,1,1,,,91000000,91000001,23,1504,1400,104
1404/02/16,1,1,,,91000000,91000001,43,1504,1370,134
1404/02/16,1,1,,,91000000,91000001,61,1457,1350,107
1404/02/16,1,1,,,91000000,91000001,68,1504,1370,134
1404/02/16,1,1,,,91000000,91000001,8,1504,1320,184
1404/02/16,1,1,,,91000000,91000001,4,1504,1350,154
1404/02/16,1,1,,,91000000,91000001,14,1420,1270,150
1404/02/16,1,1,,,93000000,93000001,14,12,9,3
1404/02/16,2,1,,,91000000,91000001,12,1504,1400,104
1404/02/16,2,1,,,91000000,91000001,53,1504,1400,104
1404/02/17,1,1,,,91000000,91000001,6,1504,1400,104
1404/02/17,1,1,,,91000000,91000001,79,1504,1400,104
1404/02/17,1,1,,,91000000,91000001,76,1504,1350,154
1404/02/17,1,1,,,91000000,91000001,15,1504,1370,134
1404/02/17,1,1,,,91000000,91000001,24,1504,1350,154
1404/02/17,1,1,,,91000000,91000001,6,1504,1380,124
1404/02/17,1,1,,,91000000,91000001,32,1504,1400,104
1404/02/17,1,1,,,91000000,91000001,39,1504,1350,154
1404/02/17,2,1,,,91000000,91000001,5,1457,1320,137
1404/02/17,2,1,,,91000000,91000001,11,1504,1380,124
1404/02/17,2,1,,,91000000,91000001,1,114,100,14
1404/02/18,1,1,,,91000000,91000001,38,1390,1270,120
1404/02/18,1,1,,,91000000,91000001,47,1504,1370,134
1404/02/18,1,1,,,91000000,91000001,41,1504,1340,164
1404/02/18,1,1,,,91000000,91000001,2,1504,1380,124
1404/02/18,1,1,,,91000000,91000001,71,1504,1380,124
1404/02/18,1,1,,,91000000,91000001,27,1504,1340,164
1404/02/18,1,1,,,91000000,91000001,64,1504,1320,184
1404/02/20,1,1,,,91000000,91000001,80,1457,1350,107
1404/02/20,1,1,,,91000000,91000001,65,1504,1400,104
1404/02/20,1,1,,,91000000,91000001,73,1504,1360,144
1404/02/20,1,1,,,91000000,91000001,42,1504,1380,124
1404/02/20,1,1,,,91000000,91000001,29,1504,1380,124
1404/02/20,1,1,,,91000000,91000001,67,1504,1400,104
1404/02/20,1,1,,,91000000,91000001,50,1504,1400,104
1404/02/20,1,1,,,91000000,91000001,57,1504,1400,104
1404/02/20,1,1,,,91000000,91000001,78,1457,1370,87
1404/02/20,1,1,,,91000000,91000001,19,1457,1360,97
1404/02/20,2,1,,,91000000,91000001,30,1504,1370,134
1404/02/20,2,1,,,91000000,91000001,51,1504,1400,104
1404/02/20,2,1,,,91000000,91000001,28,1504,1400,104
1404/02/20,2,1,,,91000000,91000001,1,674,630,44
1404/02/21,1,1,,,91000000,91000001,1,830,760,70
1404/02/21,1,1,,,91000000,91000001,31,1504,1400,104
1404/02/21,1,1,,,91000000,91000001,10,1504,1400,104
1404/02/21,1,1,,,91000000,91000001,17,1504,1380,124
1404/02/21,1,1,,,91000000,91000001,21,1504,1350,154
1404/02/21,1,1,,,91000000,91000001,52,1504,1380,124
1404/02/21,1,1,,,91000000,91000001,36,1504,1330,174
1404/02/21,1,1,,,91000000,91000001,25,640,600,40
1404/02/21,2,1,,,91000000,91000001,7,1504,1400,104
1404/02/21,2,1,,,91000000,91000001,56,1504,1400,104
1404/02/21,2,1,,,91000000,91000001,54,1504,1390,114
1404/02/21,2,1,,,91000000,91000001,25,864,810,54
1404/02/22,1,1,,,91000000,91000001,37,1504,1410,94
1404/02/22,1,1,,,91000000,91000001,59,1504,1400,104
1404/02/22,1,1,,,91000000,91000001,69,1504,1400,104
1404/02/22,1,1,,,91000000,91000001,74,1504,1390,114
1404/02/22,2,1,,,91000000,91000001,35,1504,1380,124
1404/02/22,2,1,,,91000000,91000001,26,1504,1360,144
1404/02/22,2,1,,,91000000,91000001,75,504,460,44
1404/02/23,1,1,,,91000000,91000001,75,1000,920,80
1404/02/23,1,1,,,91000000,91000001,43,1504,1400,104
1404/02/23,1,1,,,91000000,91000001,61,1504,1380,124
1404/02/23,1,1,,,91000000,91000001,45,1504,1350,154
1404/02/23,1,1,,,91000000,91000001,68,1504,1350,154
1404/02/23,2,1,,,91000000,91000001,8,1450,1340,110
1404/02/23,2,1,,,91000000,91000001,14,1504,1400,104
1404/02/23,2,1,,,91000000,91000001,60,1504,1400,104
1404/02/23,2,1,,,91000000,91000001,4,74,60,14
1404/02/24,1,1,,,91000000,91000001,4,1430,1350,80
1404/02/24,1,1,,,91000000,91000001,13,1504,1380,124
1404/02/24,1,1,,,91000000,91000001,46,1504,1320,184
1404/02/24,1,1,,,91000000,91000001,44,1504,1360,144
1404/02/24,1,1,,,91000000,91000001,70,1504,1350,154
1404/02/24,1,1,,,91000000,91000001,53,64,50,14
1404/02/24,2,1,,,91000000,91000001,34,1480,1320,160
1404/02/24,2,1,,,91000000,91000001,53,1440,1350,90
1404/02/24,2,1,,,91000000,91000001,79,774,720,54
1404/02/25,1,2,,,91000000,91000001,79,730,670,60
1404/02/25,1,2,,,91000000,91000001,39,1504,1350,154
1404/02/25,1,2,,,91000000,91000001,33,1504,1400,104
1404/02/25,1,2,,,91000000,91000001,12,1504,1400,104
1404/02/25,1,2,,,91000000,91000001,20,1504,1380,124
1404/02/25,1,2,,,91000000,91000001,5,1504,1400,104
1404/02/27,1,1,,,91000000,91000001,72,1504,1400,104
1404/02/27,1,1,,,91000000,91000001,55,1410,1260,150
1404/02/27,1,1,,,91000000,91000001,9,1504,1330,174
1404/02/27,1,1,,,91000000,91000001,78,1457,1370,87
1404/02/27,1,1,,,91000000,91000001,3,1504,1400,104
1404/02/27,1,1,,,91000000,91000001,49,1504,1370,134
1404/02/27,1,1,,,91000000,91000001,63,1504,1400,104
1404/02/27,1,1,,,91000000,91000001,50,1504,1400,104
1404/02/27,1,1,,,91000000,91000001,65,1504,1400,104
1404/02/27,1,1,,,91000000,91000001,73,1504,1270,234
1404/02/27,1,1,,,92000000,92000001,19,820,630,190
1404/02/27,1,1,,,92000000,92000001,29,820,720,100
1404/02/27,1,1,,,93000000,93000001,55,42,25,17
1404/02/27,2,2,,,91000000,91000001,30,1504,1400,104
1404/02/27,2,2,,,91000000,91000001,57,1504,1400,104
1404/02/27,2,2,,,91000000,91000001,51,1504,1400,104
1404/02/28,1,1,,,91000000,91000001,10,1504,1310,194
1404/02/28,1,1,,,91000000,91000001,17,1504,1200,304
1404/02/28,1,1,,,91000000,91000001,1,1504,1350,154
1404/02/28,1,1,,,91000000,91000001,31,1504,1290,214
1404/02/28,1,1,,,91000000,91000001,28,1504,1370,134
1404/02/28,1,1,,,91000000,91000001,22,1504,1280,224
1404/02/28,2,1,,,91000000,91000001,67,282,250,32
1404/02/28,2,1,,,91000000,91000001,56,1504,1310,194
1404/02/28,2,1,,,91000000,91000001,7,752,640,112
1404/02/28,2,1,,,92000000,92000001,67,635,540,95
1404/02/29,1,1,,,91000000,91000001,7,752,700,52
1404/02/29,1,1,,,91000000,91000001,58,1504,1370,134
1404/02/29,1,1,,,91000000,91000001,40,1457,1300,157
1404/02/29,1,1,,,91000000,91000001,59,1504,1330,174
1404/02/29,1,1,,,91000000,91000001,37,1504,1400,104
1404/02/29,1,1,,,91000000,91000001,69,1504,1400,104
1404/02/29,1,1,,,91000000,91000001,23,564,500,64
1404/02/29,2,1,,,91000000,91000001,23,940,850,90
1404/02/29,2,1,,,91000000,91000001,74,1504,1350,154
1404/02/29,2,1,,,91000000,91000001,75,705,600,105
1404/02/30,1,1,,,91000000,91000001,75,799,730,69
1404/02/30,1,1,,,91000000,91000001,14,1504,1270,234
1404/02/30,1,1,,,91000000,91000001,8,1504,1340,164
1404/02/30,1,1,,,91000000,91000001,68,1504,1260,244
1404/02/30,1,1,,,91000000,91000001,18,1504,1340,164
1404/02/30,1,1,,,91000000,91000001,60,1457,1260,197
1404/02/30,2,1,,,91000000,91000001,16,1504,1330,174
1404/02/30,2,1,,,91000000,91000001,66,1504,1370,134
1404/02/30,2,1,,,91000000,91000001,77,1504,1300,204
1404/02/31,1,1,,,91000000,91000001,38,1504,1330,174
1404/02/31,1,1,,,91000000,91000001,32,1504,1270,234
1404/02/31,1,1,,,91000000,91000001,6,1504,1280,224
1404/02/31,1,1,,,91000000,91000001,24,1504,1320,184
1404/02/31,1,1,,,91000000,91000001,47,1504,1250,254
1404/02/31,1,1,,,91000000,91000001,41,1504,1350,154
1404/02/31,1,1,,,91000000,91000001,76,705,600,105
1404/02/31,2,1,,,91000000,91000001,76,799,720,79
1404/02/31,2,1,,,91000000,91000001,62,1504,1320,184
1404/02/31,2,1,,,91000000,91000001,15,1480,1300,180
1404/02/31,2,1,,,91000000,91000001,26,750,660,90
1404/03/01,1,1,,,91000000,91000001,26,754,750,4
1404/03/01,1,1,,,91000000,91000001,53,1504,1400,104
1404/03/01,1,1,,,91000000,91000001,52,1504,1310,194
1404/03/01,1,1,,,91000000,91000001,34,1504,1350,154
1404/03/01,1,1,,,91000000,91000001,13,1504,1350,154
1404/03/01,1,1,,,91000000,91000001,70,1504,1300,204
1404/03/01,1,1,,,91000000,91000001,79,1410,1340,70
1404/03/01,1,1,,,91000000,91000001,39,235,200,35
1404/03/01,1,1,,,93000000,93000001,79,20,10,10
1404/03/03,1,2,,,91000000,91000001,39,1269,1200,69
1404/03/03,1,2,,,91000000,91000001,42,1457,1350,107
1404/03/03,1,2,,,91000000,91000001,80,1414,1300,114
1404/03/03,1,2,,,91000000,91000001,64,1504,1380,124
1404/03/03,1,2,,,91000000,91000001,36,1504,1380,124
1404/03/03,1,2,,,91000000,91000001,27,1504,1390,114
1404/03/03,1,2,,,92000000,92000001,49,820,760,60
1404/03/03,1,2,,,92000000,92000001,63,820,770,50
1404/03/03,1,2,,,93000000,93000001,42,14,11,3
1404/03/03,1,2,,,93000000,93000001,80,33,23,10
1404/03/03,2,1,,,91000000,91000001,57,1504,1360,144
1404/03/03,2,1,,,91000000,91000001,30,1504,1400,104
1404/03/03,2,1,,,91000000,91000001,73,1504,1370,134
1404/03/03,2,1,,,91000000,91000001,51,94,70,24
1404/03/04,1,2,,,91000000,91000001,51,1410,1350,60
1404/03/04,1,2,,,91000000,91000001,65,752,700,52
1404/03/04,1,2,,,91000000,91000001,22,1457,1380,77
1404/03/04,1,2,,,91000000,91000001,28,1504,1420,84
1404/03/04,1,2,,,91000000,91000001,1,1504,1420,84
1404/03/04,1,2,,,91000000,91000001,17,1504,1400,104
1404/03/04,1,2,,,91000000,91000001,10,1504,1400,104
1404/03/04,1,2,,,91000000,91000001,20,1504,1410,94
1404/03/04,1,2,,,91000000,91000001,48,1504,1420,84
1404/03/04,1,2,,,91000000,91000001,71,1504,1400,104
1404/03/04,1,2,,,91000000,91000001,2,330,300,30
1404/03/04,1,2,,,92000000,92000001,65,410,360,50
1404/03/04,1,2,,,93000000,93000001,22,22,21,1
1404/03/04,2,1,,,91000000,91000001,11,1504,1320,184
1404/03/04,2,1,,,91000000,91000001,56,1504,1400,104
1404/03/04,2,1,,,91000000,91000001,7,1504,1410,94
1404/03/04,2,1,,,91000000,91000001,2,90,70,20
1404/03/04,2,1,,,92000000,92000001,50,820,720,100
1404/03/05,1,2,,,91000000,91000001,2,1080,1010,70
1404/03/05,1,2,,,91000000,91000001,74,1457,1370,87
1404/03/05,1,2,,,91000000,91000001,23,1504,1410,94
1404/03/05,1,2,,,91000000,91000001,37,1504,1400,104
1404/03/05,1,2,,,91000000,91000001,59,1504,1410,94
1404/03/05,1,2,,,91000000,91000001,75,1504,1400,104
1404/03/05,1,2,,,93000000,93000001,74,20,17,3
1404/03/05,2,1,,,91000000,91000001,68,1504,1400,104
1404/03/05,2,1,,,91000000,91000001,14,1504,1390,114
1404/03/05,2,1,,,91000000,91000001,18,1504,1410,94
1404/03/06,1,2,,,91000000,91000001,25,1504,1410,94
1404/03/06,1,2,,,91000000,91000001,38,1504,1400,104
1404/03/06,1,2,,,91000000,91000001,66,1504,1410,94
1404/03/06,1,2,,,91000000,91000001,16,1504,1390,114
1404/03/06,1,2,,,91000000,91000001,60,1504,1400,104
1404/03/06,1,2,,,91000000,91000001,54,1504,1410,94
1404/03/06,1,2,,,91000000,91000001,77,1457,1380,77
1404/03/06,1,2,,,93000000,93000001,77,17,12,5
1404/03/06,2,1,,,91000000,91000001,26,1504,1280,224
1404/03/06,2,1,,,91000000,91000001,35,1504,1320,184
1404/03/06,2,1,,,91000000,91000001,45,1504,1240,264
1404/03/06,2,1,,,91000000,91000001,61,180,160,20
1404/03/07,1,2,,,91000000,91000001,61,1324,1130,194
1404/03/07,1,2,,,91000000,91000001,33,1504,1300,204
1404/03/07,1,2,,,91000000,91000001,5,1504,1320,184
1404/03/07,1,2,,,91000000,91000001,12,1504,1250,254
1404/03/07,1,2,,,91000000,91000001,44,1504,1350,154
1404/03/07,1,2,,,91000000,91000001,4,1504,1300,204
1404/03/07,1,2,,,91000000,91000001,32,1504,1350,154
1404/03/07,1,2,,,91000000,91000001,43,1504,1310,194
1404/03/07,1,2,,,91000000,91000001,6,104,90,14
1404/03/07,2,1,,,91000000,91000001,6,1400,1290,110
1404/03/07,2,1,,,91000000,91000001,24,1504,1310,194
1404/03/07,2,1,,,91000000,91000001,47,1504,1300,204
1404/03/07,2,1,,,91000000,91000001,41,114,100,14
1404/03/08,1,2,,,91000000,91000001,41,1390,1250,140
1404/03/08,1,2,,,91000000,91000001,76,1504,1350,154
1404/03/08,1,2,,,91000000,91000001,62,1504,1340,164
1404/03/08,1,2,,,91000000,91000001,34,1457,1300,157
1404/03/08,1,2,,,91000000,91000001,53,1504,1340,164
1404/03/08,1,2,,,91000000,91000001,46,1504,1370,134
1404/03/08,1,2,,,91000000,91000001,52,1504,1400,104
1404/03/08,1,2,,,91000000,91000001,15,1504,1360,144
1404/03/08,1,2,,,91000000,91000001,13,314,290,24
1404/03/10,1,1,,,91000000,91000001,63,1504,1310,194
1404/03/10,1,1,,,91000000,91000001,49,1504,1320,184
1404/03/10,1,1,,,91000000,91000001,73,1504,1400,104
1404/03/10,1,1,,,91000000,91000001,10,1504,1420,84
1404/03/10,1,1,,,91000000,91000001,20,1504,1390,114
1404/03/10,1,1,,,91000000,91000001,17,1504,1410,94
1404/03/10,1,1,,,91000000,91000001,22,1504,1390,114
1404/03/10,1,1,,,91000000,91000001,48,1504,1410,94
1404/03/10,1,1,,,91000000,91000001,1,1504,1350,154
1404/03/10,2,1,,,91000000,91000001,56,1504,1400,104
1404/03/10,2,1,,,91000000,91000001,80,1504,1360,144
1404/03/10,2,1,,,91000000,91000001,7,520,440,80
1404/03/11,1,1,,,91000000,91000001,7,985,860,125
1404/03/11,1,1,,,91000000,91000001,64,1457,1360,97
1404/03/11,1,1,,,91000000,91000001,74,1504,1360,144
1404/03/11,1,1,,,91000000,91000001,68,1504,1370,134
1404/03/11,1,1,,,91000000,91000001,23,1504,1400,104
1404/03/11,1,1,,,91000000,91000001,37,1504,1360,144
1404/03/11,1,1,,,91000000,91000001,59,1504,1410,94
1404/03/11,1,1,,,91000000,91000001,75,1504,1400,104
1404/03/11,1,1,,,91000000,91000001,14,1504,1360,144
1404/03/11,1,1,,,91000000,91000001,13,140,120,20
1404/03/11,1,1,,,93000000,93000001,64,5,4,1
1404/03/11,2,2,,,91000000,91000001,13,1049,950,99
1404/03/11,2,2,,,91000000,91000001,16,1504,1400,104
1404/03/11,2,2,,,91000000,91000001,38,1504,1350,154
1404/03/11,2,2,,,91000000,91000001,60,350,300,50
1404/03/12,1,1,,,91000000,91000001,60,1154,1040,114
1404/03/12,1,1,,,91000000,91000001,21,1504,1300,204
1404/03/12,1,1,,,91000000,91000001,45,1504,1360,144
1404/03/12,1,1,,,91000000,91000001,35,1480,1300,180
1404/03/12,1,1,,,91000000,91000001,26,1504,1310,194
1404/03/12,1,1,,,91000000,91000001,77,1504,1270,234
1404/03/12,1,1,,,91000000,91000001,54,1504,1340,164
1404/03/12,1,1,,,91000000,91000001,25,1504,1330,174
1404/03/12,1,1,,,91000000,91000001,61,1504,1350,154
1404/03/12,1,1,,,91000000,91000001,28,1504,1400,104
1404/03/12,1,1,,,91000000,91000001,51,1504,1400,104
1404/03/12,1,1,,,91000000,91000001,65,210,200,10
1404/03/12,1,1,,,93000000,93000001,35,5,5,0
1404/03/12,2,2,,,91000000,91000001,65,94,80,14
1404/03/12,2,2,,,91000000,91000001,12,1504,1340,164
1404/03/12,2,2,,,91000000,91000001,66,1504,1380,124
1404/03/13,1,1,,,91000000,91000001,65,1200,1100,100
1404/03/13,1,1,,,91000000,91000001,5,1504,1380,124
1404/03/13,1,1,,,91000000,91000001,2,1504,1380,124
1404/03/13,1,1,,,91000000,91000001,44,1504,1420,84
1404/03/13,1,1,,,91000000,91000001,4,1504,1400,104
1404/03/13,1,1,,,91000000,91000001,18,564,520,44
1404/03/13,1,1,,,92000000,92000001,6,820,720,100
1404/03/13,1,1,,,92000000,92000001,24,820,720,100
1404/03/13,2,1,,,91000000,91000001,18,940,860,80
1404/03/13,2,1,,,91000000,91000001,11,376,340,36
1404/03/17,1,2,,,91000000,91000001,11,1128,1070,58
1404/03/17,1,2,,,91000000,91000001,26,1410,1200,210
1404/03/17,1,2,,,91000000,91000001,35,1504,1330,174
1404/03/17,1,2,,,91000000,91000001,29,1504,1270,234
1404/03/17,1,2,,,91000000,91000001,45,1504,1330,174
1404/03/17,1,2,,,91000000,91000001,72,1504,1340,164
1404/03/17,1,2,,,91000000,91000001,77,1504,1300,204
1404/03/17,1,2,,,91000000,91000001,21,1504,1360,144
1404/03/17,1,2,,,92000000,92000001,47,820,720,100
1404/03/17,2,1,,,91000000,91000001,25,1504,1150,354
1404/03/17,2,1,,,91000000,91000001,54,1504,1250,254
1404/03/18,1,2,,,91000000,91000001,65,1457,1310,147
1404/03/18,1,2,,,91000000,91000001,55,1504,1300,204
1404/03/18,1,2,,,91000000,91000001,6,1504,1320,184
1404/03/18,1,2,,,91000000,91000001,66,1504,1350,154
1404/03/18,1,2,,,91000000,91000001,12,1504,1320,184
1404/03/18,1,2,,,91000000,91000001,51,1504,1350,154
1404/03/18,1,2,,,91000000,91000001,61,1504,1320,184
1404/03/18,1,2,,,91000000,91000001,28,1504,1350,154
1404/03/18,1,2,,,91000000,91000001,9,1457,1300,157
1404/03/18,1,2,,,91000000,91000001,41,94,80,14
1404/03/18,1,2,,,92000000,92000001,41,95,90,5
1404/03/18,1,2,,,93000000,93000001,9,22,18,4
1404/03/18,2,1,,,91000000,91000001,41,1222,1100,122
1404/03/18,2,1,,,91000000,91000001,3,1504,1370,134
1404/03/18,2,1,,,91000000,91000001,78,658,530,128
1404/03/19,1,2,,,91000000,91000001,78,864,800,64
1404/03/19,1,2,,,91000000,91000001,31,1504,1350,154
1404/03/19,1,2,,,91000000,91000001,79,1504,1350,154
1404/03/19,1,2,,,91000000,91000001,70,1504,1380,124
1404/03/19,1,2,,,91000000,91000001,8,1504,1350,154
1404/03/19,1,2,,,91000000,91000001,69,1504,1370,134
1404/03/19,1,2,,,91000000,91000001,58,1504,1330,174
1404/03/19,1,2,,,91000000,91000001,40,1504,1350,154
1404/03/19,1,2,,,91000000,91000001,39,1504,1350,154
1404/03/19,1,2,,,91000000,91000001,67,1504,1300,204
1404/03/19,1,2,,,91000000,91000001,42,94,70,24
1404/03/19,2,1,,,91000000,91000001,42,1410,1290,120
1404/03/19,2,1,,,91000000,91000001,60,1504,1400,104
1404/03/19,2,1,,,91000000,91000001,36,567,510,57
1404/03/20,1,1,,,91000000,91000001,19,1504,1270,234
1404/03/20,1,1,,,91000000,91000001,36,937,870,67
1404/03/20,1,1,,,91000000,91000001,71,1504,1390,114
1404/03/20,1,1,,,91000000,91000001,50,1490,1330,160
1404/03/20,1,1,,,91000000,91000001,32,1504,1340,164
1404/03/20,1,1,,,91000000,91000001,43,1504,1290,214
1404/03/20,1,1,,,91000000,91000001,33,1504,1250,254
1404/03/20,1,1,,,91000000,91000001,57,1504,1310,194
1404/03/20,1,1,,,91000000,91000001,27,1504,1350,154
1404/03/20,1,1,,,93000000,93000001,50,7,7,0
1404/03/20,2,2,,,91000000,91000001,16,1504,1370,134
1404/03/20,2,2,,,91000000,91000001,34,1504,1380,124
1404/03/20,2,2,,,91000000,91000001,38,1504,1370,134
1404/03/20,2,2,,,91000000,91000001,62,124,80,44
1404/03/21,1,2,,,91000000,91000001,62,1380,1200,180
1404/03/21,1,2,,,91000000,91000001,76,1504,1350,154
1404/03/21,1,2,,,91000000,91000001,73,1504,1350,154
1404/03/21,1,2,,,91000000,91000001,49,1504,1310,194
1404/03/21,1,2,,,91000000,91000001,63,1504,1320,184
1404/03/21,1,2,,,91000000,91000001,15,1504,1340,164
1404/03/21,1,2,,,91000000,91000001,52,1504,1340,164
1404/03/21,1,2,,,91000000,91000001,46,1504,1350,154
1404/03/21,1,2,,,91000000,91000001,10,1504,1320,184
1404/03/21,1,2,,,91000000,91000001,53,1504,1350,154
1404/03/21,1,2,,,91000000,91000001,30,1504,1370,134
1404/03/21,2,1,,,91000000,91000001,20,1504,1220,284
1404/03/21,2,1,,,91000000,91000001,2,1504,1400,104
1404/03/21,2,1,,,91000000,91000001,5,470,380,90
1404/03/22,1,2,,,91000000,91000001,5,1034,900,134
1404/03/22,1,2,,,91000000,91000001,26,1410,1300,110
1404/03/22,1,2,,,91000000,91000001,11,1504,1370,134
1404/03/22,1,2,,,91000000,91000001,47,1504,1380,124
1404/03/22,1,2,,,91000000,91000001,18,1504,1360,144
1404/03/22,1,2,,,91000000,91000001,24,1504,1360,144
1404/03/22,1,2,,,91000000,91000001,4,1504,1360,144
1404/03/22,1,2,,,91000000,91000001,17,1504,1370,134
1404/03/22,1,2,,,92000000,92000001,35,820,540,280
1404/03/25,1,2,,,91000000,91000001,1,1504,1370,134
1404/03/25,1,2,,,91000000,91000001,22,1504,1380,124
1404/03/25,1,2,,,91000000,91000001,45,376,330,46
1404/03/25,1,2,,,91000000,91000001,67,1504,1350,154
1404/03/25,1,2,,,91000000,91000001,39,1504,1390,114
1404/03/25,1,2,,,91000000,91000001,40,1504,1380,124
1404/03/25,1,2,,,91000000,91000001,58,1504,1300,204
1404/03/25,1,2,,,91000000,91000001,69,1504,1400,104
1404/03/25,1,2,,,91000000,91000001,80,1504,1300,204
1404/03/25,1,2,,,92000000,92000001,45,620,540,80
1404/03/25,2,1,,,91000000,91000001,48,1504,1350,154
1404/03/25,2,1,,,91000000,91000001,36,1504,1320,184
1404/03/25,2,1,,,91000000,91000001,60,611,530,81
1404/03/26,1,2,,,91000000,91000001,60,893,810,83
1404/03/26,1,2,,,91000000,91000001,57,1432,1320,112
1404/03/26,1,2,,,91000000,91000001,43,1457,1350,107
1404/03/26,1,2,,,91000000,91000001,50,1504,1400,104
1404/03/26,1,2,,,91000000,91000001,32,1504,1400,104
1404/03/26,1,2,,,91000000,91000001,33,1504,1400,104
1404/03/26,1,2,,,91000000,91000001,19,1504,1380,124
1404/03/26,1,2,,,91000000,91000001,71,366,340,26
1404/03/26,1,2,,,93000000,93000001,57,8,5,3
1404/03/26,1,2,,,93000000,93000001,43,14,4,10
1404/03/26,2,1,,,91000000,91000001,71,1138,1040,98
1404/03/26,2,1,,,91000000,91000001,7,1504,1360,144
1404/03/26,2,1,,,92000000,92000001,29,820,720,100
1404/03/27,1,1,,,91000000,91000001,63,1410,1350,60
1404/03/27,1,1,,,91000000,91000001,15,1504,1430,74
1404/03/27,1,1,,,91000000,91000001,49,1504,1370,134
1404/03/27,1,1,,,91000000,91000001,73,1504,1370,134
1404/03/27,1,1,,,91000000,91000001,76,1504,1380,124
1404/03/27,1,1,,,91000000,91000001,62,1504,1400,104
1404/03/27,1,1,,,91000000,91000001,1,1504,1350,154
1404/03/27,1,1,,,91000000,91000001,64,846,750,96
1404/03/27,1,1,,,93000000,93000001,63,12,3,9
1404/03/27,2,2,,,91000000,91000001,33,1504,1250,254
1404/03/27,2,2,,,91000000,91000001,68,1504,1300,204
1404/03/27,2,2,,,91000000,91000001,74,1504,1250,254
1404/03/28,1,1,,,91000000,91000001,64,658,550,108
1404/03/28,1,1,,,91000000,91000001,44,1504,1330,174
1404/03/28,1,1,,,91000000,91000001,13,1504,1420,84
1404/03/28,1,1,,,91000000,91000001,14,1504,1330,174
1404/03/28,1,1,,,91000000,91000001,59,1504,1360,144
1404/03/28,1,1,,,91000000,91000001,72,1504,1230,274
1404/03/28,1,1,,,91000000,91000001,75,1504,1370,134
1404/03/28,1,1,,,91000000,91000001,37,1504,1280,224
1404/03/28,1,1,,,91000000,91000001,77,423,330,93
1404/03/28,2,2,,,91000000,91000001,77,1081,850,231
1404/03/28,2,2,,,91000000,91000001,25,1504,1270,234
1404/03/28,2,2,,,91000000,91000001,21,330,280,50
1404/03/29,1,2,,,91000000,91000001,21,1174,1000,174
1404/03/29,1,2,,,91000000,91000001,65,1504,1300,204
1404/03/29,1,2,,,91000000,91000001,12,1504,1200,304
1404/03/29,1,2,,,91000000,91000001,61,1504,1270,234
1404/03/29,1,2,,,91000000,91000001,51,1504,1250,254
1404/03/29,1,2,,,91000000,91000001,66,1504,1280,224
1404/03/29,1,2,,,91000000,91000001,6,1504,1300,204
1404/03/31,1,2,,,91000000,91000001,55,1504,1350,154
1404/03/31,1,2,,,91000000,91000001,28,1504,1350,154
1404/03/31,1,2,,,91000000,91000001,41,1504,1330,174
1404/03/31,1,2,,,91000000,91000001,54,1504,1340,164
1404/03/31,1,2,,,91000000,91000001,45,1504,1100,404
1404/03/31,1,2,,,91000000,91000001,56,1504,1300,204
1404/03/31,1,2,,,91000000,91000001,1,1504,1300,204
1404/03/31,1,2,,,91000000,91000001,22,1504,1330,174
1404/03/31,1,2,,,93000000,93000001,3,30,23,7
1404/03/31,2,1,,,91000000,91000001,39,1504,1110,394
1404/03/31,2,1,,,91000000,91000001,67,1504,1090,414
1404/03/31,2,1,,,91000000,91000001,3,495,400,95
1404/04/01,1,2,,,91000000,91000001,3,960,880,80
1404/04/01,1,2,,,91000000,91000001,31,1504,1270,234
1404/04/01,1,2,,,91000000,91000001,78,1504,1300,204
1404/04/01,1,2,,,91000000,91000001,36,1457,1100,357
1404/04/01,1,2,,,91000000,91000001,80,1504,1200,304
1404/04/01,1,2,,,91000000,91000001,58,1504,1250,254
1404/04/01,1,2,,,91000000,91000001,79,1504,1250,254
1404/04/01,1,2,,,91000000,91000001,48,1504,1350,154
1404/04/01,2,1,,,91000000,91000001,57,1504,1200,304
1404/04/01,2,1,,,91000000,91000001,60,1504,1300,204
1404/04/01,2,1,,,91000000,91000001,43,490,300,190
1404/04/02,1,2,,,91000000,91000001,43,1014,800,214
1404/04/02,1,2,,,91000000,91000001,70,1504,1350,154
1404/04/02,1,2,,,91000000,91000001,8,1504,1350,154
1404/04/02,1,2,,,91000000,91000001,29,1432,1300,132
1404/04/02,1,2,,,91000000,91000001,42,1504,1300,204
1404/04/02,1,2,,,91000000,91000001,19,1504,1350,154
1404/04/02,1,2,,,91000000,91000001,32,1504,1350,154
1404/04/02,1,2,,,93000000,93000001,29,36,27,9
1404/04/02,2,1,,,91000000,91000001,71,1504,1280,224
1404/04/02,2,1,,,91000000,91000001,7,1504,1320,184
1404/04/02,2,1,,,91000000,91000001,63,258,200,58
1404/04/03,1,2,,,91000000,91000001,63,1246,1150,96
1404/04/03,1,2,,,91000000,91000001,16,1504,1400,104
1404/04/03,1,2,,,91000000,91000001,74,1432,1310,122
1404/04/03,1,2,,,91000000,91000001,68,1504,1370,134
1404/04/03,1,2,,,91000000,91000001,23,1504,1370,134
1404/04/03,1,2,,,91000000,91000001,27,1504,1400,104
1404/04/03,1,2,,,93000000,93000001,74,11,9,2
1404/04/03,22,1,,,91000000,91000001,52,1504,1090,414
1404/04/03,2,1,,,91000000,91000001,38,1504,1310,194
1404/04/03,2,1,,,91000000,91000001,34,470,400,70
1404/04/04,1,2,,,91000000,91000001,34,1034,920,114
1404/04/04,1,2,,,91000000,91000001,5,1504,1150,354
1404/04/04,1,2,,,91000000,91000001,2,1504,1230,274
1404/04/04,1,2,,,91000000,91000001,20,1504,1300,204
1404/04/04,1,2,,,91000000,91000001,30,1504,1250,254
1404/04/04,1,2,,,91000000,91000001,53,1504,1200,304
1404/04/04,1,2,,,91000000,91000001,26,1504,1270,234
1404/04/04,1,2,,,91000000,91000001,64,320,280,40
1404/04/04,2,1,,,91000000,91000001,64,1184,1070,114
1404/04/04,2,1,,,91000000,91000001,46,1504,1280,224
1404/04/04,2,1,,,91000000,91000001,10,822,650,172
1404/04/05,1,2,,,91000000,91000001,10,682,590,92
1404/04/05,1,2,,,91000000,91000001,11,1504,1330,174
1404/04/05,1,2,,,91000000,91000001,13,1504,1330,174
1404/04/05,1,2,,,91000000,91000001,25,1504,1350,154
1404/04/05,1,2,,,91000000,91000001,77,1504,1350,154
1404/04/05,1,2,,,91000000,91000001,37,1504,1350,154
1404/04/05,1,2,,,91000000,91000001,47,160,100,60
1404/04/07,1,1,,,91000000,91000001,47,1344,1200,144
1404/04/07,1,1,,,91000000,91000001,24,1504,1200,304
1404/04/07,1,1,,,91000000,91000001,4,1504,1260,244
1404/04/07,1,1,,,91000000,91000001,35,1504,1250,254
1404/04/07,1,1,,,91000000,91000001,18,1504,1270,234
1404/04/07,1,1,,,91000000,91000001,17,1457,1330,127
1404/04/07,1,1,,,91000000,91000001,67,1504,1140,364
1404/04/07,1,1,,,91000000,91000001,55,188,150,38
1404/04/07,1,1,,,91000000,91000001,3,240,200,40
1404/04/07,1,1,,,92000000,92000001,55,680,630,50
1404/04/07,1,1,,,92000000,92000001,73,820,630,190
1404/04/07,1,1,,,93000000,93000001,47,42,38,4
1404/04/07,1,1,,,93000000,93000001,17,12,10,2
1404/04/08,1,1,,,91000000,91000001,3,1230,1120,110
1404/04/08,1,1,,,91000000,91000001,60,1504,1340,164
1404/04/08,1,1,,,91000000,91000001,80,1504,1400,104
1404/04/08,1,1,,,91000000,91000001,57,1504,1400,104
1404/04/08,1,1,,,91000000,91000001,58,1504,1400,104
1404/04/08,1,1,,,91000000,91000001,48,1504,1400,104
1404/04/08,1,1,,,91000000,91000001,36,1457,1330,127
1404/04/08,1,1,,,91000000,91000001,9,1504,1310,194
1404/04/08,1,1,,,91000000,91000001,79,140,100,40
1404/04/08,1,1,,,93000000,93000001,36,21,14,7
1404/04/08,2,2,,,91000000,91000001,79,1364,1280,84
1404/04/08,2,2,,,91000000,91000001,70,1504,1370,134
1404/04/08,2,2,,,91000000,91000001,43,1504,1350,154
1404/04/08,2,2,,,92000000,92000001,28,820,720,100
1404/04/09,1,1,,,91000000,91000001,42,1457,1300,157
1404/04/09,1,1,,,91000000,91000001,7,1504,1300,204
1404/04/09,1,1,,,91000000,91000001,71,1504,1290,214
1404/04/09,1,1,,,91000000,91000001,32,1504,1310,194
1404/04/09,1,1,,,91000000,91000001,69,1504,1250,254
1404/04/09,1,1,,,91000000,91000001,40,1504,1050,454
1404/04/09,1,1,,,91000000,91000001,29,1504,1250,254
1404/04/09,1,1,,,91000000,91000001,8,1504,1200,304
1404/04/09,1,1,,,91000000,91000001,19,55,50,5
1404/04/09,1,1,,,93000000,93000001,42,22,20,2
1404/04/09,2,2,,,91000000,91000001,19,1449,1300,149
1404/04/09,2,2,,,91000000,91000001,16,1504,1380,124
1404/04/09,2,2,,,91000000,91000001,63,1410,1320,90
1404/04/09,2,2,,,93000000,93000001,63,42,38,4
1404/04/10,1,1,,,91000000,91000001,27,1504,1310,194
1404/04/10,1,1,,,91000000,91000001,38,1504,1320,184
1404/04/10,1,1,,,91000000,91000001,23,1504,1370,134
1404/04/10,1,1,,,91000000,91000001,33,1504,1230,274
1404/04/10,1,1,,,91000000,91000001,52,1457,1260,197
1404/04/10,1,1,,,91000000,91000001,68,1504,1400,104
1404/04/10,1,1,,,91000000,91000001,50,1474,1310,164
1404/04/10,1,1,,,91000000,91000001,74,1504,1360,144
1404/04/10,1,1,,,91000000,91000001,15,1504,1240,264
1404/04/10,1,1,,,93000000,93000001,52,21,17,4
1404/04/10,2,2,,,91000000,91000001,76,1504,1300,204
1404/04/10,2,2,,,91000000,91000001,49,1504,1200,304
1404/04/10,2,2,,,91000000,91000001,44,1504,1300,204
1404/04/11,1,1,,,91000000,91000001,65,1504,1200,304
1404/04/11,1,1,,,91000000,91000001,21,1504,1200,304
1404/04/11,1,1,,,91000000,91000001,75,1504,1250,254
1404/04/11,1,1,,,91000000,91000001,72,1504,1200,304
1404/04/11,1,1,,,91000000,91000001,14,1504,1200,304
1404/04/11,1,1,,,91000000,91000001,59,1504,1290,214
1404/04/11,1,1,,,91000000,91000001,61,1504,1200,304
1404/04/11,1,1,,,91000000,91000001,51,1504,1260,244
1404/04/11,2,2,,,91000000,91000001,66,1504,1250,254
1404/04/11,2,2,,,91000000,91000001,12,1504,1200,304
1404/04/11,2,2,,,91000000,91000001,6,1504,1150,354
1404/04/12,1,1,,,91000000,91000001,26,1457,1400,57
1404/04/12,1,1,,,91000000,91000001,30,1504,1250,254
1404/04/12,1,1,,,91000000,91000001,20,1504,1350,154
1404/04/12,1,1,,,91000000,91000001,2,1504,1270,234
1404/04/12,1,1,,,91000000,91000001,5,1504,1340,164
1404/04/12,1,1,,,91000000,91000001,54,1504,1270,234
1404/04/12,1,1,,,91000000,91000001,34,1504,1360,144
1404/04/12,1,1,,,91000000,91000001,53,1504,1300,204
1404/04/12,1,1,,,91000000,91000001,77,94,60,34
1404/04/12,1,1,,,93000000,93000001,26,20,20,0
1404/04/16,1,1,,,91000000,91000001,62,1504,1250,254
1404/04/16,1,1,,,91000000,91000001,45,1410,1320,90
1404/04/16,1,1,,,91000000,91000001,15,1504,1350,154
1404/04/16,1,1,,,91000000,91000001,74,1504,1400,104
1404/04/16,1,1,,,91000000,91000001,50,1504,1400,104
1404/04/16,1,1,,,91000000,91000001,68,1504,1400,104
1404/04/16,1,1,,,91000000,91000001,55,1410,1200,210
1404/04/16,1,1,,,91000000,91000001,23,1457,1270,187
1404/04/16,1,1,,,91000000,91000001,25,470,450,20
1404/04/16,1,1,,,91000000,91000001,63,188,160,28
1404/04/16,1,1,,,92000000,92000001,25,570,450,120
1404/04/16,1,1,,,92000000,92000001,12,820,720,100
1404/04/16,1,1,,,93000000,93000001,45,42,40,2
1404/04/16,1,1,,,93000000,93000001,55,42,40,2
1404/04/16,1,1,,,93000000,93000001,23,22,22,0
1404/04/16,2,2,,,91000000,91000001,63,1316,1230,86
1404/04/16,2,2,,,91000000,91000001,44,1457,1370,87
1404/04/16,2,2,,,91000000,91000001,49,1504,1400,104
1404/04/16,2,2,,,92000000,92000001,10,820,720,100
1404/04/16,2,2,,,93000000,93000001,44,20,14,6
1404/04/17,1,2,,,91000000,91000001,59,1504,1340,164
1404/04/17,1,2,,,91000000,91000001,16,1504,1360,144
1404/04/17,1,2,,,91000000,91000001,14,1504,1220,284
1404/04/17,1,2,,,91000000,91000001,72,1457,1330,127
1404/04/17,1,2,,,91000000,91000001,75,1504,1300,204
1404/04/17,1,2,,,91000000,91000001,21,1504,1320,184
1404/04/17,1,2,,,91000000,91000001,61,1504,1330,174
1404/04/17,1,2,,,92000000,92000001,46,820,630,190
1404/04/17,1,2,,,93000000,93000001,72,14,12,2
1404/04/17,2,1,,,91000000,91000001,66,1504,1280,224
1404/04/17,2,1,,,91000000,91000001,71,1504,1320,184
1404/04/17,2,1,,,91000000,91000001,51,1504,1200,304
1404/04/17,2,1,,,91000000,91000001,12,470,400,70
1404/04/18,1,1,,,91000000,91000001,12,1074,1000,74
1404/04/18,1,1,,,91000000,91000001,58,1504,1400,104
1404/04/18,1,1,,,91000000,91000001,9,1504,1400,104
1404/04/18,1,1,,,91000000,91000001,79,1504,1400,104
1404/04/18,1,1,,,91000000,91000001,7,1504,1400,104
1404/04/18,1,1,,,91000000,91000001,80,1504,1400,104
1404/04/18,1,1,,,93000000,93000001,7,17,15,2
1404/04/18,2,2,,,91000000,91000001,56,1504,1300,204
1404/04/18,2,2,,,91000000,91000001,22,1504,1250,254
1404/04/18,2,2,,,91000000,91000001,1,1504,1250,254
1404/04/19,1,2,,,91000000,91000001,11,1504,1350,154
1404/04/19,1,2,,,91000000,91000001,78,1504,1300,204
1404/04/19,1,2,,,91000000,91000001,37,1504,1350,154
1404/04/19,1,2,,,91000000,91000001,77,1504,1300,204
1404/04/19,1,2,,,91000000,91000001,31,1504,1250,254
1404/04/19,1,2,,,91000000,91000001,41,1504,1250,254
1404/04/19,1,2,,,91000000,91000001,39,1504,1200,304
1404/04/21,1,1,,,91000000,91000001,36,1504,1150,354
1404/04/21,1,1,,,91000000,91000001,48,1504,1200,304
1404/04/21,1,1,,,91000000,91000001,15,1386,1080,306
1404/04/21,1,1,,,91000000,91000001,45,1504,1100,404
1404/04/21,1,1,,,91000000,91000001,62,1504,910,594
1404/04/21,1,1,,,91000000,91000001,70,1504,1100,404
1404/04/21,1,1,,,91000000,91000001,53,1504,940,564
1404/04/21,1,1,,,91000000,91000001,34,1504,1090,414
1404/04/21,1,1,,,91000000,91000001,54,1504,1030,474
1404/04/21,1,1,,,91000000,91000001,35,1504,1200,304
1404/04/21,1,1,,,91000000,91000001,25,658,400,258
1404/04/21,1,1,,,92000000,92000001,30,820,720,100
1404/04/21,1,1,,,93000000,93000001,15,13,6,7
1404/04/21,2,2,,,91000000,91000001,74,1504,900,604
1404/04/21,2,2,,,91000000,91000001,25,846,500,346
1404/04/22,1,1,,,91000000,91000001,50,1504,1140,364
1404/04/22,1,1,,,91000000,91000001,44,1504,1260,244
1404/04/22,1,1,,,91000000,91000001,5,940,740,200
1404/04/22,1,1,,,91000000,91000001,23,1504,1150,354
1404/04/22,1,1,,,91000000,91000001,55,1504,1010,494
1404/04/22,1,1,,,91000000,91000001,63,1504,1160,344
1404/04/22,1,1,,,91000000,91000001,49,188,140,48
1404/04/22,1,1,,,92000000,92000001,5,300,270,30
1404/04/22,1,1,,,92000000,92000001,20,820,720,100
1404/04/22,2,2,,,91000000,91000001,49,1316,1200,116
1404/04/22,2,2,,,91000000,91000001,16,1504,1350,154
1404/04/22,2,2,,,91000000,91000001,59,1504,1350,154
1404/04/22,2,2,,,91000000,91000001,14,114,100,14
1404/04/23,1,1,,,91000000,91000001,14,1390,1200,190
1404/04/23,1,1,,,91000000,91000001,66,1504,1300,204
1404/04/23,1,1,,,91000000,91000001,46,1504,1200,304
1404/04/23,1,1,,,91000000,91000001,61,1504,1250,254
1404/04/23,1,1,,,91000000,91000001,21,1504,1300,204
1404/04/23,1,1,,,91000000,91000001,71,752,550,202
1404/04/23,2,2,,,91000000,91000001,71,752,650,102
1404/04/23,2,2,,,91000000,91000001,58,1504,1250,254
1404/04/23,2,2,,,91000000,91000001,12,614,500,114
1404/04/23,2,2,,,92000000,92000001,2,820,720,100
1404/04/24,1,2,,,91000000,91000001,12,890,800,90
1404/04/24,1,2,,,91000000,91000001,22,1457,1250,207
1404/04/24,1,2,,,91000000,91000001,80,1504,1350,154
1404/04/24,1,2,,,91000000,91000001,56,1504,1330,174
1404/04/24,1,2,,,91000000,91000001,7,1504,1330,174
1404/04/24,1,2,,,91000000,91000001,79,1504,1340,164
1404/04/24,1,2,,,91000000,91000001,1,752,600,152
1404/04/24,1,2,,,93000000,93000001,22,25,22,3
1404/04/24,2,1,,,91000000,91000001,40,1504,1200,304
1404/04/24,2,1,,,91000000,91000001,28,1504,1330,174
1404/04/24,2,1,,,91000000,91000001,43,1504,1270,234
1404/04/25,1,1,,,91000000,91000001,1,705,600,105
1404/04/25,1,1,,,91000000,91000001,38,1504,1200,304
1404/04/25,1,1,,,91000000,91000001,33,1504,1200,304
1404/04/25,1,1,,,91000000,91000001,32,1504,1300,204
1404/04/25,1,1,,,91000000,91000001,19,1504,1270,234
1404/04/25,1,1,,,91000000,91000001,8,1504,1300,204
1404/04/25,1,1,,,91000000,91000001,69,1504,1230,274
1404/04/25,1,1,,,91000000,91000001,29,1504,1300,204
1404/04/25,1,1,,,91000000,91000001,42,1504,1200,304
1404/04/25,2,2,,,91000000,91000001,77,1504,1200,304
1404/04/25,2,2,,,91000000,91000001,78,1504,1250,254
1404/04/25,2,2,,,91000000,91000001,11,1504,1260,244
1404/04/25,2,2,,,91000000,91000001,37,400,290,110
1404/04/26,1,1,,,91000000,91000001,37,1104,800,304
1404/04/26,1,1,,,91000000,91000001,36,1504,1400,104
1404/04/26,1,1,,,91000000,91000001,41,1504,1380,124
1404/04/26,1,1,,,91000000,91000001,15,1504,1310,194
1404/04/26,1,1,,,91000000,91000001,30,1504,1400,104
1404/04/26,1,1,,,91000000,91000001,52,150,110,40
1404/04/28,1,2,,,91000000,91000001,52,1354,1130,224
1404/04/28,1,2,,,91000000,91000001,27,1504,1270,234
1404/04/28,2,2,,,91000000,91000001,20,1504,1200,304
1404/04/29,1,2,,,91000000,91000001,49,1504,1330,174
1404/04/29,1,2,,,91000000,91000001,63,1504,1300,204
1404/04/29,1,2,,,91000000,91000001,46,1504,1300,204
1404/04/29,1,2,,,91000000,91000001,61,1457,1270,187
1404/04/29,1,2,,,92000000,92000001,45,820,720,100
1404/04/29,1,2,,,93000000,93000001,61,40,32,8
1404/04/29,1,2,,,93000000,93000001,23,40,32,8
1404/04/30,1,2,,,91000000,91000006,58,1504,1320,184
1404/04/30,1,2,,,91000000,91000006,12,1504,1330,174
1404/04/30,1,2,,,91000000,91000006,22,1504,1300,204
1404/04/30,1,2,,,91000000,91000006,2,1504,1300,204
1404/04/30,1,2,,,91000000,91000006,80,1363,1150,213
1404/04/30,1,2,,,93000000,93000006,80,24,20,4
1404/04/30,1,2,,,93000000,93000001,80,24,22,2
1404/04/30,2,1,,,91000000,91000001,3,1504,1260,244
1404/04/30,2,1,,,91000000,91000001,67,1504,1250,254
1404/04/30,2,1,,,91000000,91000001,4,615,490,125
1404/04/31,1,2,,,91000000,91000001,4,890,800,90
1404/04/31,1,2,,,91000000,91000001,17,1504,1330,174
1404/04/31,1,2,,,91000000,91000001,24,1504,1340,164
1404/04/31,1,2,,,91000000,91000001,47,1504,1330,174
1404/04/31,2,1,,,91000000,91000001,60,1504,1270,234
1404/04/31,2,1,,,91000000,91000001,57,1504,1330,174
1404/04/31,2,1,,,91000000,91000001,18,1504,1280,224
1404/04/31,2,1,,,91000000,91000001,75,145,120,25
1404/05/01,1,2,,,91000000,91000001,75,1359,1100,259
1404/05/01,1,2,,,91000000,91000001,64,1504,1250,254
1404/05/01,1,2,,,91000000,91000001,39,1504,1300,204
1404/05/01,1,2,,,91000000,91000001,31,1504,1280,224
1404/05/01,1,2,,,91000000,91000001,10,1504,1270,234
1404/05/01,2,1,,,91000000,91000001,9,1504,1280,224
1404/05/01,2,1,,,91000000,91000001,65,165,120,45
1404/05/02,1,2,,,91000000,91000001,65,1340,1280,60
1404/05/02,1,2,,,91000000,91000001,76,1504,1420,84
1404/05/02,1,2,,,91000000,91000001,70,752,700,52
1404/05/02,1,2,,,92000000,92000001,70,410,360,50
1404/05/02,1,2,,,93000000,93000001,70,76,66,10
1404/05/04,1,2,,,91000000,91000001,71,1504,1340,164
1404/05/04,1,2,,,91000000,91000001,14,1504,1310,194
1404/05/04,1,2,,,91000000,91000001,16,1504,1250,254
1404/05/04,1,2,,,91000000,91000001,55,1504,1330,174
1404/05/04,1,2,,,91000000,91000001,23,1504,1270,234
1404/05/04,1,2,,,91000000,91000001,59,140,100,40
1404/05/04,1,2,,,93000000,93000001,71,18,16,2
1404/05/04,2,1,,,91000000,91000001,59,1504,1250,254
1404/05/04,2,1,,,91000000,91000001,40,1504,1350,154
1404/05/04,2,1,,,91000000,91000001,5,1504,1290,214
1404/05/04,2,1,,,91000000,91000001,79,140,110,30
1404/05/05,1,1,,,91000000,91000001,79,1364,1000,364
1404/05/05,1,1,,,91000000,91000001,24,1457,1200,257
1404/05/05,1,1,,,91000000,91000001,32,1504,1300,204
1404/05/05,1,1,,,91000000,91000001,56,1504,1270,234
1404/05/05,1,1,,,91000000,91000001,7,1504,1230,274
1404/05/05,1,1,,,93000000,93000001,24,22,20,2
1404/05/05,2,2,,,91000000,91000001,72,1504,1250,254
1404/05/05,2,2,,,91000000,91000001,60,1504,1400,104
1404/05/05,2,2,,,91000000,91000001,68,564,350,214
1404/05/05,2,2,,,92000000,92000001,62,410,360,50
1404/05/06,1,1,,,91000000,91000001,31,1387,1200,187
1404/05/06,1,1,,,91000000,91000001,39,1504,1300,204
1404/05/06,1,1,,,91000000,91000001,51,1504,1220,284
1404/05/06,1,1,,,91000000,91000001,57,1504,1280,224
1404/05/06,1,1,,,93000000,93000001,31,7,5,2
1404/05/06,1,1,,,92000000,92000001,48,820,720,100
1404/05/06,1,1,,,92000000,92000001,62,410,360,50
1404/05/06,2,2,,,91000000,91000001,8,1504,1330,174
1404/05/06,2,2,,,91000000,91000001,9,1504,1400,104
1404/05/06,2,2,,,91000000,91000001,69,564,470,94
1404/05/07,1,1,,,91000000,91000001,69,940,800,140
1404/05/07,1,1,,,91000000,91000001,11,1504,1350,154
1404/05/07,1,1,,,91000000,91000001,77,1504,1340,164
1404/05/07,1,1,,,91000000,91000001,37,1504,1400,104
1404/05/07,1,1,,,91000000,91000001,78,1504,1340,164
1404/05/07,1,1,,,91000000,91000001,42,1504,1370,134
1404/05/07,2,2,,,91000000,91000001,19,1504,1330,174
1404/05/07,2,2,,,91000000,91000001,29,1504,1370,134
1404/05/07,2,2,,,91000000,91000001,13,564,300,264
1404/05/08,1,1,,,91000000,91000001,13,940,600,340
1404/05/08,1,1,,,91000000,91000001,6,1504,1250,254
1404/05/08,1,1,,,91000000,91000001,21,1504,1230,274
1404/05/08,1,1,,,91000000,91000001,66,1504,1210,294
1404/05/08,1,1,,,91000000,91000001,28,1504,1330,174
1404/05/08,1,1,,,91000000,91000001,43,188,180,8
1404/05/08,2,1,,,91000000,91000001,1,1504,1400,104
1404/05/08,2,1,,,91000000,91000001,38,1504,1400,104
1404/05/09,1,1,,,91000000,91000001,43,1314,1080,234
1404/05/09,1,1,,,91000000,91000001,34,1504,1120,384
1404/05/09,1,1,,,91000000,91000001,53,1504,1150,354
1404/05/09,1,1,,,91000000,91000001,73,1504,1250,254
1404/05/09,1,1,,,91000000,91000001,26,1504,1130,374
1404/05/09,1,1,,,91000000,91000001,3,1504,1070,434
1404/05/11,1,2,,,91000000,91000001,64,1504,1400,104
1404/05/11,1,2,,,91000000,91000001,75,1504,1330,174
1404/05/11,1,2,,,91000000,91000001,18,1504,1370,134
1404/05/11,1,2,,,91000000,91000001,47,574,500,74
1404/05/11,1,2,,,93000000,93000001,47,50,43,7
1404/05/11,2,1,,,91000000,91000001,47,930,800,130
1404/05/11,2,1,,,91000000,91000001,10,1504,1240,264
1404/05/11,2,1,,,91000000,91000001,17,1504,1220,284
1404/05/11,2,1,,,91000000,91000001,4,564,340,224
1404/05/12,1,2,,,91000000,91000001,4,940,800,140
1404/05/12,1,2,,,91000000,91000001,65,1504,1300,204
1404/05/12,1,2,,,91000000,91000001,80,1504,1300,204
1404/05/12,1,2,,,91000000,91000001,67,1504,1200,304
1404/05/12,2,1,,,91000000,91000001,33,1504,1360,144
1404/05/12,2,1,,,91000000,91000001,77,1504,1400,104
1404/05/12,2,1,,,91000000,91000001,42,47,40,7
1404/05/13,1,2,,,91000000,91000001,76,1504,1350,154
1404/05/13,1,2,,,91000000,91000001,71,1504,1310,194
1404/05/13,1,2,,,91000000,91000001,42,1504,1340,164
1404/05/13,1,2,,,93000000,93000001,76,10,7,3
1404/05/13,2,1,,,91000000,91000001,16,1504,1350,154
1404/05/13,2,1,,,91000000,91000001,14,1504,1350,154
1404/05/13,2,1,,,91000000,91000001,55,124,100,24
1404/05/14,1,2,,,91000000,91000001,23,1504,1350,154
1404/05/14,1,2,,,91000000,91000001,26,1504,1380,124
1404/05/14,1,2,,,91000000,91000001,55,1380,1270,110
1404/05/14,1,2,,,93000000,93000001,55,27,23,4
1404/05/14,2,1,,,91000000,91000001,59,1504,1340,164
1404/05/14,2,1,,,91000000,91000001,40,1504,1260,244
1404/05/14,2,1,,,91000000,91000001,24,1504,1290,214
1404/05/14,2,1,,,91000000,91000001,79,140,110,30
1404/05/15,1,1,,,91000000,91000001,79,1364,1200,164
1404/05/15,1,1,,,91000000,91000001,70,1504,1400,104
1404/05/15,1,1,,,91000000,91000001,72,1504,1290,214
1404/05/15,1,1,,,91000000,91000001,60,620,510,110
1404/05/15,2,2,,,91000000,91000001,60,884,800,84
1404/05/15,2,2,,,91000000,91000001,48,1504,1270,234
1404/05/15,2,2,,,91000000,91000001,31,1504,1260,244
1404/05/15,2,2,,,91000000,91000001,62,94,70,24
1404/05/16,1,2,,,91000000,91000001,62,1410,1250,160
1404/05/16,1,2,,,91000000,91000001,54,1504,1200,304
1404/05/16,1,2,,,91000000,91000001,57,1504,1250,254
1404/05/16,1,2,,,91000000,91000001,39,1504,1350,154
1404/05/16,1,2,,,91000000,91000001,51,664,550,114
1404/05/18,1,2,,,91000000,91000001,51,840,750,90
1404/05/18,1,2,,,91000000,91000006,67,1504,1360,144
1404/05/18,1,2,,,91000000,91000006,77,1222,1140,82
1404/05/18,1,2,,,91000000,91000006,76,1410,1300,110
1404/05/18,1,2,,,91000000,91000006,33,1504,1400,104
1404/05/18,1,2,,,91000000,91000001,36,60,50,10
1404/05/18,1,2,,,92000000,92000006,77,105,90,15
1404/05/18,1,2,,,93000000,93000006,77,13,10,3
1404/05/18,2,1,,,91000000,91000006,80,1504,1400,104
1404/05/18,2,1,,,91000000,91000001,36,1504,1320,184
1404/05/18,2,1,,,91000000,91000001,41,822,680,142
1404/05/19,1,1,,,91000000,91000001,41,682,600,82
1404/05/19,1,1,,,91000000,91000001,3,1435,1250,185
1404/05/19,1,1,,,91000000,91000001,15,1504,1350,154
1404/05/19,1,1,,,91000000,91000001,50,1504,1320,184
1404/05/19,1,1,,,91000000,91000001,30,1504,1280,224
1404/05/19,1,1,,,91000000,91000001,44,705,600,105
1404/05/19,1,1,,,93000000,93000001,3,35,26,9
1404/05/19,2,2,,,91000000,91000001,44,799,700,99
1404/05/19,2,2,,,91000000,91000001,25,1504,1300,204
1404/05/19,2,2,,,91000000,91000001,74,1504,1330,174
1404/05/19,2,2,,,91000000,91000001,35,1504,1270,234
1404/05/19,2,2,,,93000000,93000001,44,40,34,6
1404/05/20,1,1,,,91000000,91000001,20,1504,1400,104
1404/05/20,1,1,,,91000000,91000001,27,1504,1270,234
1404/05/20,1,1,,,91000000,91000001,52,1504,1260,244
1404/05/20,1,1,,,91000000,91000001,49,1504,1320,184
1404/05/20,1,1,,,91000000,91000001,60,1504,1350,154
1404/05/20,2,2,,,91000000,91000001,11,1504,1350,154
1404/05/20,2,2,,,91000000,91000001,37,1504,1310,194
1404/05/20,2,2,,,91000000,91000001,75,1504,1300,204
1404/05/20,2,2,,,91000000,91000001,69,54,40,14
1404/05/21,1,1,,,91000000,91000001,69,1450,1250,200
1404/05/21,1,1,,,91000000,91000001,18,1410,1250,160
1404/05/21,1,1,,,91000000,91000001,64,1504,1360,144
1404/05/21,1,1,,,91000000,91000001,63,1504,1340,164
1404/05/21,1,1,,,91000000,91000001,47,430,400,30
1404/05/21,1,1,,,93000000,93000001,18,49,46,3
1404/05/21,2,2,,,91000000,91000001,47,1074,900,174
1404/05/21,2,2,,,91000000,91000001,46,1504,1300,204
1404/05/21,2,2,,,91000000,91000001,61,1504,1250,254
1404/05/21,2,2,,,91000000,91000001,45,660,550,110
1404/05/22,1,1,,,91000000,91000001,45,844,690,154
1404/05/22,1,1,,,91000000,91000001,13,1504,1310,194
1404/05/22,1,1,,,91000000,91000001,29,1504,1350,154
1404/05/22,1,1,,,91000000,91000001,19,1504,1280,224
1404/05/22,1,1,,,91000000,91000001,10,190,170,20
1404/05/22,2,2,,,91000000,91000001,10,1314,1130,184
1404/05/22,2,2,,,91000000,91000001,4,1504,1320,184
1404/05/22,2,2,,,91000000,91000001,17,890,750,140
1404/05/25,1,2,,,91000000,91000001,17,614,550,64
1404/05/25,1,2,,,91000000,91000001,45,240,200,40
1404/05/25,1,2,,,91000000,91000001,60,1504,1250,254
1404/05/25,1,2,,,91000000,91000001,24,1504,1400,104
1404/05/25,1,2,,,93000000,93000001,17,93,83,10
1404/05/25,2,1,,,91000000,91000001,40,1504,1200,304
1404/05/25,2,1,,,91000000,91000001,59,1504,1400,104
1404/05/25,2,1,,,91000000,91000001,6,1504,1340,164
1404/05/25,2,1,,,91000000,91000001,65,329,260,69
1404/05/26,1,2,,,91000000,91000001,65,1175,1070,105
1404/05/26,1,2,,,91000000,91000001,39,1504,1280,224
1404/05/26,1,2,,,91000000,91000001,57,1504,1250,254
1404/05/26,1,2,,,91000000,91000001,54,480,400,80
1404/05/26,1,2,,,93000000,93000001,65,12,10,2
1404/05/26,2,1,,,91000000,91000001,54,1024,960,64
1404/05/26,2,1,,,91000000,91000001,62,1504,1380,124
1404/05/26,2,1,,,91000000,91000001,2,1504,1360,144
1404/05/26,2,1,,,91000000,91000001,22,450,400,50
1404/05/26,2,1,,,93000000,93000001,54,22,19,3
1404/05/27,1,2,,,91000000,91000001,22,1054,970,84
1404/05/27,1,2,,,91000000,91000001,72,1504,1350,154
1404/05/27,1,2,,,91000000,91000001,48,1504,1330,174
1404/05/27,1,2,,,91000000,91000001,51,424,350,74
1404/05/27,2,1,,,91000000,91000001,51,1080,930,150
1404/05/27,2,1,,,91000000,91000001,76,1504,1370,134
1404/05/27,2,1,,,91000000,91000001,77,1504,1300,204
1404/05/27,2,1,,,91000000,91000001,67,446,400,46
1404/05/28,1,2,,,91000000,91000001,67,1058,930,128
1404/05/28,1,2,,,91000000,91000001,79,1504,1270,234
1404/05/28,1,2,,,91000000,91000001,70,1504,1330,174
1404/05/28,1,2,,,91000000,91000001,36,1504,1270,234
1404/05/28,1,2,,,91000000,91000001,80,470,400,70
1404/05/28,2,1,,,91000000,91000001,80,1034,880,154
1404/05/28,2,1,,,91000000,91000001,3,1504,1320,184
1404/05/28,2,1,,,91000000,91000001,41,1504,1310,194
1404/05/28,2,1,,,91000000,91000001,15,564,490,74
1404/05/29,1,1,,,91000000,91000001,15,940,800,140
1404/05/29,1,1,,,91000000,91000001,74,1504,1330,174
1404/05/29,1,1,,,91000000,91000001,25,1504,1310,194
1404/05/29,1,1,,,91000000,91000001,44,1504,1360,144
1404/05/29,1,1,,,91000000,91000001,35,258,200,58
1404/05/29,2,1,,,91000000,91000001,35,1246,1120,126
1404/05/29,2,1,,,91000000,91000001,52,1504,1340,164
1404/05/29,2,1,,,91000000,91000001,27,1504,1340,164
1404/05/29,2,1,,,91000000,91000001,20,282,200,82
1404/05/30,1,2,,,91000000,91000001,20,1222,1100,122
1404/05/30,1,2,,,91000000,91000001,11,1504,1320,184
1404/05/30,1,2,,,91000000,91000001,78,1504,1300,204
1404/05/30,1,2,,,91000000,91000001,49,1504,1330,174
1404/05/30,1,2,,,91000000,91000001,26,1504,1350,154
1404/05/30,1,2,,,93000000,93000001,20,30,25,5
1404/06/01,1,1,,,91000000,91000001,61,1504,1400,104
1404/06/01,1,1,,,91000000,91000001,19,1504,1360,144
1404/06/01,1,1,,,91000000,91000001,29,1504,1390,114
1404/06/01,1,1,,,91000000,91000001,13,752,650,102
1404/06/01,1,1,,,93000000,93000001,13,47,42,5
1404/06/01,2,2,,,91000000,91000001,13,752,700,52
1404/06/01,2,2,,,91000000,91000001,45,1504,1360,144
1404/06/01,2,2,,,91000000,91000001,64,1504,1340,164
1404/06/03,1,1,,,91000000,91000001,14,1504,1400,104
1404/06/03,1,1,,,91000000,91000001,23,1457,1300,157
1404/06/03,1,1,,,91000000,91000001,37,1504,1400,104
1404/06/03,1,1,,,91000000,91000001,63,1504,1300,204
1404/06/03,1,1,,,91000000,91000001,47,1504,1400,104
1404/06/03,1,1,,,93000000,93000001,23,22,21,1
1404/06/03,2,2,,,91000000,91000001,46,1504,1370,134
1404/06/03,2,2,,,91000000,91000001,75,1504,1350,154
1404/06/03,2,2,,,91000000,91000001,18,574,480,94
1404/06/04,1,1,,,91000000,91000001,18,930,800,130
1404/06/04,1,1,,,91000000,91000001,60,1457,1300,157
1404/06/04,1,1,,,91000000,91000001,17,1457,1350,107
1404/06/04,1,1,,,91000000,91000001,4,1504,1350,154
1404/06/04,1,1,,,91000000,91000001,10,1504,1320,184
1404/06/04,1,1,,,91000000,91000001,69,1504,1370,134
1404/06/04,1,1,,,91000000,91000001,30,120,110,10
1404/06/04,1,1,,,93000000,93000001,60,22,20,2
1404/06/04,1,1,,,93000000,93000001,17,22,22,0
1404/06/04,2,2,,,91000000,91000001,30,1384,1200,184
1404/06/04,2,2,,,91000000,91000001,24,1504,1350,154
1404/06/04,2,2,,,91000000,91000001,50,1504,1350,154
1404/06/04,2,2,,,91000000,91000001,55,384,300,84
1404/06/05,1,1,,,91000000,91000001,55,1120,1000,120
1404/06/05,1,1,,,91000000,91000001,54,1504,1260,244
1404/06/05,1,1,,,91000000,91000001,57,1504,1340,164
1404/06/05,1,1,,,91000000,91000001,39,1504,1340,164
1404/06/05,1,1,,,91000000,91000001,65,1504,1350,154
1404/06/05,1,1,,,91000000,91000001,62,780,710,70
1404/06/05,2,2,,,91000000,91000001,62,724,600,124
1404/06/05,2,2,,,91000000,91000001,22,1504,1250,254
1404/06/05,2,2,,,91000000,91000001,2,1504,1300,204
1404/06/05,2,2,,,91000000,91000001,72,1504,1250,254
1404/06/06,1,1,,,91000000,91000001,77,1504,1340,164
1404/06/06,1,1,,,91000000,91000001,51,1504,1260,244
1404/06/06,1,1,,,91000000,91000001,6,1504,1350,154
1404/06/06,1,1,,,91000000,91000001,59,1504,1340,164
1404/06/06,1,1,,,91000000,91000001,40,1504,1310,194
1404/06/06,1,1,,,91000000,91000001,33,1450,1360,90
1404/06/06,1,1,,,91000000,91000001,76,47,40,7
1404/06/06,1,1,,,93000000,93000001,33,40,35,5
1404/06/08,1,1,,,91000000,91000001,28,1504,1370,134
1404/06/08,1,1,,,91000000,91000001,36,1504,1420,84
1404/06/08,1,1,,,91000000,91000001,74,1504,1350,154
1404/06/08,1,1,,,91000000,91000001,15,1504,1330,174
1404/06/08,1,1,,,91000000,91000001,38,1504,1330,174
1404/06/08,2,1,,,91000000,91000001,25,1504,1400,104
1404/06/08,2,1,,,91000000,91000001,1,1504,1340,164
1404/06/08,2,1,,,91000000,91000001,41,740,660,80
1404/06/09,1,1,,,91000000,91000001,41,764,710,54
1404/06/09,1,1,,,91000000,91000001,27,1504,1380,124
1404/06/09,1,1,,,91000000,91000001,52,1504,1330,174
1404/06/09,1,1,,,91000000,91000001,35,1504,1400,104
1404/06/09,1,1,,,91000000,91000001,20,1504,1300,204
1404/06/09,1,1,,,91000000,91000001,44,330,280,50
1404/06/09,2,1,,,91000000,91000001,44,1175,1040,135
1404/06/09,2,1,,,91000000,91000001,11,1504,1360,144
1404/06/09,2,1,,,91000000,91000001,3,1504,1400,104
1404/06/09,2,1,,,93000000,93000001,44,30,25,5
1404/06/11,1,1,,,91000000,91000001,26,1504,1400,104
1404/06/11,1,1,,,91000000,91000001,49,1504,1370,134
1404/06/11,1,1,,,91000000,91000001,78,1504,1330,174
1404/06/11,1,1,,,91000000,91000001,66,1504,1340,164
1404/06/11,1,1,,,91000000,91000001,21,1504,1360,144
1404/06/11,1,1,,,93000000,93000001,31,70,60,10
1404/06/11,2,1,,,91000000,91000001,19,1504,1320,184
1404/06/11,2,1,,,91000000,91000001,61,1504,1280,224
1404/06/11,2,1,,,91000000,91000001,43,1504,1300,204
1404/06/11,2,1,,,91000000,91000001,29,140,100,40
1404/06/12,1,1,,,91000000,91000001,29,1364,1130,234
1404/06/12,1,1,,,91000000,91000001,45,1504,1340,164
1404/06/12,1,1,,,91000000,91000001,13,1504,1260,244
1404/06/12,1,1,,,91000000,91000001,48,1440,1270,170
1404/06/12,1,1,,,91000000,91000001,14,235,200,35
1404/06/12,1,1,,,93000000,93000001,48,30,28,2
1404/06/12,2,2,,,91000000,91000001,14,1140,1020,120
1404/06/12,2,2,,,91000000,91000001,59,1482,1400,82
1404/06/12,2,2,,,91000000,91000001,63,1352,1230,122
1404/06/12,2,2,,,91000000,91000001,80,590,550,40
1404/06/13,1,2,,,91000000,91000001,80,923,810,113
1404/06/13,1,2,,,91000000,91000001,70,1518,1295,223
1404/06/13,1,2,,,91000000,91000001,79,1504,1220,284
1404/06/13,1,2,,,91000000,91000001,67,1524,1360,164
1404/06/13,1,2,,,91000000,91000001,63,1504,1315,189
1404/06/13,1,2,,,93000000,93000001,70,32,32,0
1404/06/15,1,2,,,91000000,91000001,50,1504,1350,154
1404/06/15,1,2,,,91000000,91000001,24,1504,1330,174
1404/06/15,1,2,,,91000000,91000001,34,1504,1320,184
1404/06/15,1,2,,,91000000,91000001,53,1504,1300,204
1404/06/15,1,2,,,91000000,91000001,69,1504,1200,304
1404/06/15,1,2,,,91000000,91000001,55,610,500,110
1404/06/15,1,2,,,93000000,93000001,50,83,73,10
1404/06/15,2,2,,,91000000,91000001,55,894,800,94
1404/06/15,2,2,,,91000000,91000001,30,1504,1300,204
1404/06/15,2,2,,,91000000,91000001,39,1504,1300,204
1404/06/15,2,2,,,91000000,91000001,10,1504,1330,174
1404/06/15,2,2,,,91000000,91000001,65,104,70,34
1404/06/16,1,2,,,91000000,91000001,65,1400,1320,80
1404/06/16,1,2,,,91000000,91000001,72,1504,1330,174
1404/06/16,1,2,,,91000000,91000001,4,1504,1350,154
1404/06/16,1,2,,,91000000,91000001,76,1504,1320,184
1404/06/16,1,2,,,91000000,91000001,31,1504,1350,154
1404/06/16,1,2,,,91000000,91000001,12,614,530,84
1404/06/16,1,2,,,93000000,93000001,65,22,19,3
1404/06/16,2,2,,,91000000,91000001,12,890,800,90
1404/06/16,2,2,,,91000000,91000001,58,1504,1100,404
1404/06/16,2,2,,,91000000,91000001,9,614,500,114
1404/06/16,2,2,,,93000000,93000001,12,22,18,4
1404/06/17,1,2,,,91000000,91000001,9,890,760,130
1404/06/17,1,2,,,91000000,91000001,29,1504,1370,134
1404/06/17,1,2,,,91000000,91000001,51,1480,1360,120
1404/06/17,1,2,,,91000000,91000001,8,1504,1340,164
1404/06/17,1,2,,,91000000,91000001,7,450,370,80
1404/06/17,2,2,,,91000000,91000001,7,1054,900,154
1404/06/17,2,2,,,91000000,91000001,5,1504,1350,154
1404/06/17,2,2,,,91000000,91000001,56,1504,1300,204
1404/06/17,2,2,,,91000000,91000001,32,520,450,70
1404/06/18,1,1,,,91000000,91000001,32,984,850,134
1404/06/18,1,1,,,91000000,91000001,28,1457,1350,107
1404/06/18,1,1,,,91000000,91000001,40,1504,1400,104
1404/06/18,1,1,,,91000000,91000001,77,1504,1330,174
1404/06/18,1,1,,,91000000,91000001,33,1504,1270,234
1404/06/18,2,2,,,91000000,91000001,74,1504,1300,204
1404/06/18,2,2,,,91000000,91000001,36,1504,1300,204
1404/06/20,1,2,,,91000000,91000001,38,1504,1250,254
1404/06/20,1,2,,,91000000,91000001,20,1504,1330,174
1404/06/20,1,2,,,91000000,91000001,35,1504,1320,184
1404/06/20,1,2,,,91000000,91000001,52,1504,1340,164
1404/06/20,1,2,,,91000000,91000001,27,1504,1320,184
1404/06/20,1,2,,,91000000,91000001,41,54,40,14
1404/06/20,1,2,,,93000000,93000001,38,22,21,1
1404/06/22,1,2,,,91000000,91000001,41,1450,1300,150
1404/06/22,1,2,,,91000000,91000001,21,1504,1300,204
1404/06/22,1,2,,,91000000,91000001,19,1504,1320,184
1404/06/22,1,2,,,91000000,91000001,66,1504,1280,224
1404/06/22,1,2,,,91000000,91000001,22,1504,1270,234
1404/06/22,1,2,,,91000000,91000001,55,376,330,46
1404/06/22,1,2,,,92000000,92000001,55,620,540,80
1404/06/22,1,2,,,93000000,93000001,41,33,29,4
1404/06/22,2,1,,,91000000,91000001,2,1504,1280,224
1404/06/22,2,1,,,91000000,91000001,57,1504,1260,244
1404/06/22,2,1,,,91000000,91000001,54,1504,1330,174
1404/06/22,2,1,,,91000000,91000001,6,1660,130,1530
1404/06/23,1,2,,,91000000,91000001,6,1344,1150,194
1404/06/23,1,2,,,91000000,91000001,45,1504,1250,254
1404/06/23,1,2,,,91000000,91000001,1,1504,1300,204
1404/06/23,1,2,,,91000000,91000001,25,1504,1300,204
1404/06/23,1,2,,,92000000,92000001,37,820,720,100
1404/06/23,1,2,,,93000000,93000001,6,66,56,10
1404/06/23,2,1,,,91000000,91000001,15,1504,1400,104
1404/06/24,1,2,,,91000000,91000001,70,1504,1330,174
1404/06/24,1,2,,,91000000,91000001,79,1504,1270,234
1404/06/24,1,2,,,91000000,91000001,80,1504,1300,204
1404/06/24,1,2,,,91000000,91000001,36,114,100,14
1404/06/24,1,2,,,93000000,93000001,70,60,52,8
1404/06/24,2,1,,,92000000,92000001,69,820,720,100
1404/06/26,1,2,,,91000000,91000001,39,1504,1370,134
1404/06/26,1,2,,,91000000,91000001,30,1504,1360,144
1404/06/26,1,2,,,91000000,91000001,67,1504,1320,184
1404/06/26,1,2,,,91000000,91000001,10,1504,1300,204
1404/06/26,1,2,,,91000000,91000001,63,304,250,54
1404/06/26,2,1,,,91000000,91000001,63,1200,1000,200
1404/06/27,1,2,,,91000000,91000001,43,1504,1350,154
1404/06/27,1,2,,,91000000,91000001,23,1504,1350,154
1404/06/27,1,2,,,91000000,91000001,65,1504,1330,174
1404/06/27,1,2,,,91000000,91000001,61,1504,1370,134
1404/06/29,1,2,,,91000000,91000001,28,1504,1350,154
1404/06/29,1,2,,,91000000,91000001,32,1504,1300,204
1404/06/29,1,2,,,91000000,91000001,56,1504,1250,254
1404/06/29,1,2,,,91000000,91000001,33,1504,1300,204
1404/06/29,1,2,,,81000000,81000001,15,6580,6545,35
1404/06/29,2,1,,,91000000,91000001,12,1504,1300,204
1404/06/29,2,1,,,91000000,91000001,9,117,100,17
1404/06/30,1,1,,,91000000,91000001,9,1387,1200,187
1404/06/30,1,1,,,91000000,91000001,36,1410,1260,150
1404/06/30,1,1,,,91000000,91000001,74,1504,1340,164
1404/06/30,1,1,,,91000000,91000001,20,235,200,35
1404/06/30,1,1,,,81000000,81000001,37,1130,1110,20
1404/06/30,1,1,,,81000000,81000001,70,527,510,17
1404/06/30,2,2,,,91000000,91000001,20,1269,1150,119
1404/06/30,2,2,,,91000000,91000001,35,1504,1350,154
1404/06/30,2,2,,,91000000,91000001,52,114,100,14
1404/06/30,2,2,,,93000000,93000001,52,9,8,1
1404/06/31,1,1,,,91000000,91000001,52,1410,1200,210
1404/06/31,1,1,,,91000000,91000001,27,1504,1350,154
1404/06/31,1,1,,,91000000,91000001,58,1504,1250,254
1404/06/31,1,1,,,91000000,91000001,51,1504,1310,194
1404/06/31,1,1,,,91000000,91000001,72,1504,1290,214
1404/06/31,1,1,,,81000000,81000001,70,1057,1050,7
1404/06/31,1,1,,,81000000,81000001,25,1564,1560,4
1404/06/31,1,1,,,81000000,81000001,21,666,660,6
1404/06/31,2,1,,,91000000,91000001,4,1504,1320,184
1404/06/31,2,1,,,91000000,91000001,76,1504,1290,214
1404/06/31,2,1,,,91000000,91000001,31,1504,1360,144
1404/06/31,2,1,,,91000000,91000001,10,40,30,10
1404/06/31,2,1,,,93000000,93000001,63,22,22,0
1404/07/01,1,1,,,91000000,91000001,66,1504,1400,104
1404/07/01,1,1,,,91000000,91000001,38,1504,1290,214
1404/07/01,1,1,,,91000000,91000001,77,1504,1310,194
1404/07/01,1,1,,,93000000,93000001,40,20,15,5
1404/07/01,1,1,,,81000000,81000001,21,918,910,8
1404/07/01,1,1,,,81000000,81000001,41,1264,1250,14
1404/07/01,2,2,,,91000000,91000001,55,1504,1320,184
1404/07/01,2,2,,,91000000,91000001,22,1504,1280,224
1404/07/02,1,2,,,91000000,91000001,45,1504,1300,204
1404/07/02,1,2,,,91000000,91000001,6,1504,1300,204
1404/07/02,1,2,,,91000000,91000001,54,1504,1200,304
1404/07/02,1,2,,,91000000,91000001,1,1504,1320,184
1404/07/02,1,2,,,91000000,91000001,57,114,80,34
1404/07/02,1,2,,,81000000,81000001,41,320,320,0
1404/07/02,1,2,,,81000000,81000001,28,1744,1730,14
1404/07/02,2,1,,,91000000,91000001,57,1410,1240,170
1404/07/02,2,1,,,91000000,91000001,40,1504,1290,214
1404/07/02,2,1,,,91000000,91000001,2,564,470,94
1404/07/03,1,1,,,91000000,91000001,2,940,800,140
1404/07/03,1,1,,,91000000,91000001,29,1504,1300,204
1404/07/03,1,1,,,91000000,91000001,8,1504,1300,204
1404/07/03,1,1,,,91000000,91000001,7,1504,1250,254
1404/07/03,1,1,,,91000000,91000001,78,1504,1250,254
1404/07/03,1,1,,,91000000,91000001,5,634,500,134
1404/07/03,1,1,,,81000000,81000001,32,1744,1740,4
1404/07/03,1,1,,,81000000,81000001,33,1744,1733,11
1404/07/03,1,1,,,81000000,81000001,56,1744,1737,7
1404/07/05,1,2,,,91000000,91000001,5,870,720,150
1404/07/05,1,2,,,91000000,91000006,27,1222,1120,102
1404/07/05,1,2,,,91000000,91000006,52,1504,1390,114
1404/07/05,1,2,,,91000000,91000006,35,1504,1400,104
1404/07/05,1,2,,,91000000,91000006,20,1504,1390,114
1404/07/05,1,2,,,91000000,91000006,37,1504,1400,104
1404/07/05,1,2,,,91000000,91000006,74,110,100,10
1404/07/05,1,2,,,91000000,91000001,30,314,280,34
1404/07/05,1,2,,,92000000,92000006,27,100,90,10
1404/07/05,2,1,,,91000000,91000001,30,1190,930,260
1404/07/05,2,1,,,91000000,91000001,39,94,70,24
1404/07/05,2,1,,,91000000,91000006,74,1394,1260,134
1404/07/05,2,1,,,91000000,91000006,36,789,740,49
1404/07/05,2,1,,,92000000,92000006,58,100,90,10
1404/07/05,2,1,,,92000000,92000001,58,720,630,90
1404/07/06,1,1,,,91000000,91000006,36,706,600,106
1404/07/06,1,1,,,91000000,91000001,25,1360,1270,90
1404/07/06,1,1,,,91000000,91000001,67,1504,1330,174
1404/07/06,1,1,,,91000000,91000001,39,470,400,70
1404/07/06,1,1,,,93000000,93000001,25,20,16,4
1404/07/06,1,1,,,92000000,92000001,51,820,810,10
1404/07/06,1,1,,,81000000,81000001,19,1797,1796,1
1404/07/06,1,1,,,81000000,81000001,12,1744,1744,0
1404/07/06,1,1,,,81000000,81000001,9,460,460,0
1404/07/06,2,2,,,91000000,91000001,39,1034,850,184
1404/07/06,2,2,,,91000000,91000001,69,1504,1250,254
1404/07/06,2,2,,,91000000,91000001,79,1504,1300,204
1404/07/07,1,2,,,92000000,92000001,70,820,720,100
1404/07/07,1,2,,,91000000,91000001,10,1504,1200,304
1404/07/07,1,2,,,93000000,93000001,10,55,50,5
1404/07/07,1,2,,,81000000,81000001,9,1204,1200,4
1404/07/07,1,2,,,81000000,81000001,15,804,800,4
1404/07/07,2,1,,,91000000,91000001,80,1504,1310,194
1404/07/07,2,1,,,91000000,91000001,44,1504,1290,214
1404/07/07,2,1,,,91000000,91000001,26,770,600,170
1404/07/08,1,2,,,91000000,91000001,26,734,680,54
1404/07/08,1,2,,,91000000,91000001,61,1504,1220,284
1404/07/08,1,2,,,91000000,91000001,11,1504,1250,254
1404/07/08,1,2,,,91000000,91000001,49,752,650,102
1404/07/08,1,2,,,93000000,93000001,49,37,33,4
1404/07/08,1,2,,,81000000,81000001,15,605,600,5
1404/07/08,2,1,,,91000000,91000001,49,752,600,152
1404/07/08,2,1,,,91000000,91000001,23,1504,1270,234
1404/07/08,2,1,,,91000000,91000001,63,680,530,150
 1404/07/09,1,2,,,91000000,91000001,65,824,700,124
1404/07/09,1,2,,,91000000,91000001,62,1504,1300,204
 1404/07/09,1,2,,,91000000,91000001,3,1504,1300,204
 1404/07/09,1,2,,,91000000,91000001,63,1504,1280,224
 1404/07/09,1,2,,,91000000,91000001,43,235,220,15
 1404/07/09,2,1,,,91000000,91000001,43,1269,1000,269
 1404/07/10,1,2,,,91000000,91000001,73,1504,1400,104
 1404/07/12,1,1,,,91000000,91000001,27,1504,1350,154
 1404/07/12,1,1,,,91000000,91000001,664,1504,1310,194
 1404/07/12,1,1,,,91000000,91000001,72,1410,1240,170
 1404/07/12,1,1,,,91000000,91000001,13,117,100,17
 1404/07/12,1,1,,,93000000,93000001,72,75,68,7
 1404/07/12,2,2,,,81000000,81000001,15,205,200,5
1404/07/13,1,1,,,91000000,91000001,19,1504,1330,174
1404/07/13,1,1,,,91000000,91000001,55,1457,1230,227
1404/07/13,1,1,,,91000000,91000001,77,1504,1200,304
1404/07/13,1,1,,,91000000,91000001,38,285,240,45
1404/07/13,1,1,,,93000000,93000001,55,14,11,3
1404/07/13,1,1,,,81000000,81000001,69,1503,1500,3
1404/07/13,2,2,,,91000000,91000001,38,1219,1000,219
1404/07/14,1,1,,,81000000,81000001,69,290,285,5
1404/07/14,1,1,,,81000000,81000001,10,1664,1660,4
1404/07/14,1,1,,,81000000,81000001,79,1664,1655,9
1404/07/14,1,1,,,81000000,81000001,70,1664,1660,4
1404/07/14,1,1,,,81000000,81000001,39,468,460,8
1404/07/14,1,1,,,91000000,91000001,40,235,200,35
1404/07/14,1,1,,,91000000,91000001,14,240,200,40
1404/07/14,2,2,,,91000000,91000001,40,1269,1130,139
1404/07/14,2,2,,,91000000,91000001,2,564,470,94
1404/07/14,2,2,,,81000000,81000001,39,1196,1192,4
1404/07/14,2,2,,,81000000,81000001,37,88,88,0
1404/07/15,1,1,,,91000000,91000001,2,940,800,140
1404/07/15,1,1,,,91000000,91000001,45,1504,1250,254
1404/07/15,1,1,,,91000000,91000001,6,1504,1350,154
1404/07/15,1,1,,,91000000,91000001,21,1504,1280,224
1404/07/15,1,1,,,91000000,91000001,22,1504,1260,244
1404/07/15,1,1,,,91000000,91000001,13,541,460,81
1404/07/15,1,1,,,93000000,93000001,2,19,16,3
1404/07/15,1,1,,,81000000,81000001,37,1014,1000,14
1404/07/15,2,2,,,91000000,91000001,13,963,720,243
1404/07/15,2,2,,,91000000,91000001,31,1504,1280,224
1404/07/15,2,2,,,91000000,91000001,66,1504,1200,304
1404/07/15,2,2,,,91000000,91000001,76,234,200,34
1404/07/16,1,1,,,91000000,91000001,76,1270,1060,210
1404/07/16,1,1,,,91000000,91000001,28,1504,1280,224
1404/07/16,1,1,,,91000000,91000001,41,1457,1200,257
1404/07/16,1,1,,,91000000,91000001,57,1504,1310,194
1404/07/16,1,1,,,91000000,91000001,8,1504,1270,234
1404/07/16,1,1,,,91000000,91000001,1,820,680,140
1404/07/16,2,2,,,91000000,91000001,1,684,600,84
1404/07/16,2,2,,,91000000,91000001,7,1504,1310,194
1404/07/16,2,2,,,91000000,91000001,54,1504,1290,214
1404/07/17,1,2,,,91000000,91000001,4,1504,1200,304
1404/07/17,1,2,,,91000000,91000001,74,1504,1200,304
1404/07/19,1,2,,,91000000,91000001,36,1504,1340,164
1404/07/19,1,2,,,91000000,91000001,23,1504,1310,194
1404/07/19,1,2,,,91000000,91000001,49,1504,1290,214
1404/07/19,1,2,,,91000000,91000001,25,1457,1260,197
1404/07/19,1,2,,,93000000,93000001,25,32,26,6
1404/07/19,2,1,,,91000000,91000001,40,1504,1400,104
1404/07/19,2,1,,,91000000,91000001,39,1504,1310,194
1404/07/19,2,1,,,91000000,91000001,65,98,90,8
1404/07/20,1,2,,,91000000,91000001,65,1360,1200,160
1404/07/20,1,2,,,91000000,91000001,21,1437,1355,82
1404/07/20,1,2,,,91000000,91000001,6,1504,1385,119
1404/07/20,1,2,,,91000000,91000001,45,1504,1420,84
1404/07/20,1,2,,,91000000,91000001,13,1504,1440,64
1404/07/20,1,2,,,93000000,93000001,21,18,18,0
1404/07/20,1,2,,,81000000,81000001,52,1500,1500,0
1404/07/20,2,1,,,91000000,91000001,22,1504,1330,174
1404/07/20,2,1,,,91000000,91000001,66,1504,1400,104
1404/07/20,2,1,,,91000000,91000001,31,1457,1360,97
1404/07/20,2,1,,,91000000,91000001,2,329,310,19
1404/07/20,2,1,,,93000000,93000001,2,20,19,1
1404/07/20,2,1,,,93000000,93000001,31,22,22,0
1404/07/21,1,2,,,91000000,91000001,2,1128,1035,93
1404/07/21,1,2,,,91000000,91000001,8,1504,1335,169
1404/07/21,1,2,,,91000000,91000001,11,1504,1360,144
1404/07/21,1,2,,,91000000,91000001,57,1457,1330,127
1404/07/21,1,2,,,91000000,91000001,61,1504,1375,129
1404/07/21,1,2,,,91000000,91000001,41,1504,1420,84
1404/07/21,1,2,,,91000000,91000001,1,164,155,9
1404/07/21,1,2,,,93000000,93000001,57,18,18,0
1404/07/21,1,2,,,81000000,81000001,15,605,600,5
1404/07/21,2,1,,,91000000,91000001,1,1260,1070,190
1404/07/21,2,1,,,91000000,91000001,7,1504,1400,104
1404/07/21,2,1,,,91000000,91000001,28,1504,1360,144
1404/07/21,2,1,,,91000000,91000001,76,1504,1360,144
1404/07/21,2,1,,,91000000,91000001,62,525,400,125
1404/07/22,1,2,,,91000000,91000001,62,980,845,135
1404/07/22,1,2,,,91000000,91000001,44,1504,1285,219
1404/07/22,1,2,,,91000000,91000001,9,1504,1270,234
1404/07/22,1,2,,,91000000,91000001,26,1504,1265,239
1404/07/22,1,2,,,91000000,91000001,4,141,135,6
1404/07/22,1,2,,,81000000,81000001,15,1105,1100,5
1404/07/22,2,1,,,91000000,91000001,4,1363,1270,93
1404/07/22,2,1,,,91000000,91000001,74,1504,1400,104
1404/07/22,2,1,,,91000000,91000001,54,1504,1400,104
1404/07/22,2,1,,,91000000,91000001,80,620,530,90
1404/07/23,1,2,,,91000000,91000001,80,880,820,60
1404/07/23,1,2,,,91000000,91000001,38,1504,1300,204
1404/07/23,1,2,,,91000000,91000001,77,1504,1200,304
1404/07/23,1,2,,,91000000,91000001,12,1457,1280,177
1404/07/23,1,2,,,91000000,91000001,69,211,200,11
1404/07/23,1,2,,,81000000,81000001,55,1102,1100,2
1404/07/23,2,1,,,91000000,91000001,69,1295,1090,205
1404/07/23,2,1,,,91000000,91000001,79,1504,1310,194
1404/07/23,2,1,,,91000000,91000001,36,1504,1360,144
1404/07/23,2,1,,,91000000,91000001,23,47,40,7
1404/07/23,2,1,,,81000000,81000001,55,705,700,5
1404/07/24,1,1,,,91000000,91000001,67,1504,1300,204
1404/07/24,1,1,,,91000000,91000001,25,1504,1400,104
1404/07/24,1,1,,,91000000,91000001,49,1504,1400,104
1404/07/24,1,1,,,91000000,91000001,70,1504,1360,144
1404/07/24,1,1,,,91000000,91000001,51,1504,1260,244
1404/07/24,1,1,,,91000000,91000001,10,100,80,20
1404/07/24,1,1,,,81000000,81000001,55,302,300,2
1404/07/26,1,2,,,91000000,91000001,10,1504,1305,199
1404/07/26,1,2,,,91000000,91000001,61,1504,1330,174
1404/07/26,1,2,,,91000000,91000001,57,1504,1375,129
1404/07/26,1,2,,,91000000,91000001,11,1504,1365,139
1404/07/26,1,2,,,91000000,91000001,41,1457,1305,152
1404/07/26,1,2,,,91000000,91000001,8,1504,1380,124
1404/07/26,1,2,,,91000000,91000001,31,376,340,36
1404/07/26,1,2,,,93000000,93000001,10,21,20,1
1404/07/26,1,2,,,93000000,93000001,41,15,15,0
1404/07/26,2,2,,,91000000,91000001,31,1128,1010,118
1404/07/26,2,2,,,91000000,91000001,28,1504,1350,154
1404/07/26,2,2,,,91000000,91000001,7,1410,1320,90
1404/07/26,2,2,,,91000000,91000001,76,588,520,68
1404/07/26,2,2,,,93000000,93000001,7,32,29,3
1404/07/27,1,1,,,91000000,91000001,76,916,850,66
1404/07/27,1,1,,,91000000,91000001,44,1504,1400,104
1404/07/27,1,1,,,91000000,91000001,62,1504,1350,154
1404/07/27,1,1,,,91000000,91000001,1,1504,1400,104
1404/07/27,1,1,,,91000000,91000001,9,1504,1400,104
1404/07/27,1,1,,,91000000,91000001,26,1504,1340,164
1404/07/27,1,1,,,91000000,91000001,58,290,260,30
1404/07/27,2,2,,,91000000,91000001,58,1214,1000,214
1404/07/27,2,2,,,91000000,91000001,15,1473,1335,138
1404/07/27,2,2,,,91000000,91000001,52,1504,1325,179
1404/07/27,2,2,,,91000000,91000001,13,1457,1340,117
1404/07/27,2,2,,,91000000,91000001,45,676,600,76
1404/07/27,2,2,,,93000000,93000001,15,10,10,0
1404/07/27,2,2,,,93000000,93000001,13,22,21,1
1404/07/28,1,1,,,91000000,91000001,45,858,800,58
1404/07/28,1,1,,,91000000,91000001,80,1504,1380,124
1404/07/28,1,1,,,91000000,91000001,54,1504,1410,94
1404/07/28,1,1,,,91000000,91000001,4,1504,1380,124
1404/07/28,1,1,,,91000000,91000001,12,1457,1400,57
1404/07/28,1,1,,,91000000,91000001,8,1504,1370,134
1404/07/28,1,1,,,91000000,91000001,74,785,660,125
1404/07/28,1,1,,,93000000,93000001,12,9,8,1
1404/07/28,1,1,,,93000000,93000001,74,22,22,0
1404/07/28,1,1,,,81000000,81000001,72,1860,1855,5
1404/07/28,1,1,,,81000000,81000001,19,145,145,0
1404/07/28,2,2,,,91000000,91000001,74,719,685,34
1404/07/28,2,2,,,91000000,91000001,39,1504,1360,144
1404/07/28,2,2,,,91000000,91000001,79,1504,1355,149
1404/07/29,1,1,,,91000000,91000001,40,1504,1400,104
1404/07/29,1,1,,,91000000,91000001,70,1504,1400,104
1404/07/29,1,1,,,91000000,91000001,77,1457,1350,107
1404/07/29,1,1,,,91000000,91000001,49,1504,1390,114
1404/07/29,1,1,,,91000000,91000001,69,1504,1410,94
1404/07/29,1,1,,,91000000,91000001,25,1504,1400,104
1404/07/29,1,1,,,91000000,91000001,51,80,50,30
1404/07/29,1,1,,,93000000,93000001,77,40,35,5
1404/07/29,1,1,,,81000000,81000001,19,1519,1515,4
1404/07/29,1,1,,,81000000,81000001,35,346,345,1
1404/07/29,2,2,,,91000000,91000001,51,1424,1260,164
1404/07/29,2,2,,,91000000,91000001,67,1504,1360,144
1404/07/29,2,2,,,91000000,91000001,36,1504,1410,94
1404/07/29,2,2,,,91000000,91000001,23,1504,1370,134
1404/07/29,2,2,,,81000000,81000001,35,150,150,0
1404/07/30,1,2,,,91000000,91000001,66,1504,1320,184
1404/07/30,1,2,,,91000000,91000001,22,1504,1250,254
1404/07/30,1,2,,,91000000,91000001,37,1504,1400,104
1404/07/30,1,2,,,91000000,91000001,6,1484,1395,89
1404/07/30,1,2,,,91000000,91000001,2,1457,1310,147
1404/07/30,1,2,,,91000000,91000001,21,376,325,51
1404/07/30,1,2,,,81000000,81000001,35,1168,1168,0
1404/07/30,1,2,,,81000000,81000001,27,1645,1645,0
1404/07/30,1,2,,,81000000,81000001,64,1140,1137,3
1404/07/30,2,1,,,91000000,91000001,21,1128,1000,128
1404/07/30,2,1,,,91000000,91000001,55,1504,1400,104
1404/07/30,2,1,,,91000000,91000001,65,1504,1400,104
1404/07/30,2,1,,,91000000,91000001,10,1504,1400,104
1404/08/01,1,1,,,91000000,91000001,29,1504,1310,194
1404/08/01,1,1,,,91000000,91000001,30,1504,1290,214
1404/08/01,1,1,,,91000000,91000001,8,1504,1200,304
1404/08/01,1,1,,,91000000,91000001,41,1457,1340,117
1404/08/01,1,1,,,91000000,91000001,11,1504,1360,144
1404/08/01,1,1,,,91000000,91000001,31,1504,1400,104
1404/08/01,1,1,,,91000000,91000001,28,110,100,10
1404/08/01,1,1,,,93000000,93000001,41,22,22,0
1404/08/01,1,1,,,81000000,81000001,64,524,520,4
1404/08/01,1,1,,,81000000,81000001,73,1184,1170,14
1404/08/03,1,2,,,91000000,91000001,80,1504,1400,104
1404/08/03,1,2,,,91000000,91000001,45,1504,1400,104
1404/08/03,1,2,,,91000000,91000001,13,1504,1370,134
1404/08/03,1,2,,,91000000,91000001,52,1504,1350,154
1404/08/03,1,2,,,91000000,91000001,15,1504,1365,139
1404/08/03,1,2,,,91000000,91000001,54,1504,1410,94
1404/08/03,1,2,,,91000000,91000001,58,1504,1405,99
1404/08/03,1,2,,,91000000,91000001,7,1500,1410,90
1404/08/03,1,2,,,91000000,91000001,28,94,90,4
1404/08/03,1,2,,,81000000,81000001,73,480,480,0
1404/08/03,1,2,,,81000000,81000001,63,322,320,2
1404/08/03,1,2,,,81000000,81000001,63,200,200,0
1404/08/03,1,2,,,93000000,93000001,28,42,41,1
1404/08/03,2,1,,,91000000,91000001,28,1316,1200,116
1404/08/03,2,1,,,91000000,91000001,57,1504,1400,104
1404/08/03,2,1,,,91000000,91000001,38,1504,1400,104
1404/08/03,2,1,,,91000000,91000001,61,670,600,70
1404/08/03,2,1,,,92000000,92000001,72,820,720,100
1404/08/03,2,1,,,93000000,93000001,61,22,22,0
1404/08/04,1,2,,,91000000,91000001,61,835,800,35
1404/08/04,1,2,,,91000000,91000001,77,1504,1380,124
1404/08/04,1,2,,,91000000,91000001,70,1504,1305,199
1404/08/04,1,2,,,91000000,91000001,40,1504,1355,149
1404/08/04,1,2,,,91000000,91000001,79,1128,1060,68
1404/08/04,1,2,,,91000000,91000001,4,1504,1390,114
1404/08/04,1,2,,,91000000,91000001,12,117,110,7
1404/08/04,1,2,,,92000000,92000001,79,194,180,14
1404/08/04,2,1,,,91000000,91000001,12,1387,1110,277
1404/08/04,2,1,,,91000000,91000001,69,1410,1230,180
1404/08/04,2,1,,,91000000,91000001,49,1504,1400,104
1404/08/04,2,1,,,91000000,91000001,19,330,260,70
1404/08/04,2,1,,,92000000,92000001,39,820,720,100
1404/08/04,2,1,,,93000000,93000001,69,42,42,0
1404/08/05,1,1,,,91000000,91000001,19,1174,1000,174
1404/08/05,1,1,,,91000000,91000001,36,1504,1400,104
1404/08/05,1,1,,,91000000,91000001,67,1504,1400,104
1404/08/05,1,1,,,91000000,91000001,33,1504,1400,104
1404/08/05,1,1,,,91000000,91000001,51,1504,1400,104
1404/08/05,1,1,,,93000000,93000001,67,22,19,3
1404/08/05,1,1,,,92000000,92000001,74,820,720,100
1404/08/05,1,1,,,81000000,81000001,63,200,200,0
1404/08/05,2,2,,,91000000,91000001,22,1504,1325,179
1404/08/05,2,2,,,91000000,91000001,66,1457,1365,92
1404/08/05,2,2,,,91000000,91000001,25,1504,1335,169
1404/08/05,2,2,,,91000000,91000001,37,423,375,48
1404/08/06,1,2,,,91000000,91000001,37,1081,925,156
1404/08/06,1,2,,,91000000,91000001,27,1504,1380,124
1404/08/06,1,2,,,91000000,91000001,2,1504,1340,164
1404/08/06,1,2,,,91000000,91000001,6,1504,1365,139
1404/08/06,1,2,,,91000000,91000001,35,1427,1275,152
1404/08/06,1,2,,,91000000,91000001,55,1504,1415,89
1404/08/06,1,2,,,91000000,91000001,21,347,300,47
1404/08/06,1,2,,,93000000,93000001,35,7,7,0
1404/08/06,1,2,,,93000000,93000001,21,22,22,0
1404/08/06,2,1,,,91000000,91000001,21,1110,1060,50
1404/08/06,2,1,,,91000000,91000001,10,1504,1340,164
1404/08/06,2,1,,,91000000,91000001,65,1504,1400,104
1404/08/06,2,1,,,91000000,91000001,29,1457,1300,157
1404/08/06,2,1,,,91000000,91000001,48,640,500,140
1404/08/06,2,1,,,93000000,93000001,29,22,21,1
1404/08/07,1,2,,,91000000,91000001,48,864,750,114
1404/08/07,1,2,,,91000000,91000001,76,1457,1340,117
1404/08/07,1,2,,,91000000,91000001,8,1457,1350,107
1404/08/07,1,2,,,91000000,91000001,64,1504,1380,124
1404/08/07,1,2,,,91000000,91000001,44,1457,1315,142
1404/08/07,1,2,,,91000000,91000001,30,1504,1400,104
1404/08/07,1,2,,,91000000,91000001,1,70,65,5
1404/08/07,1,2,,,93000000,93000001,8,22,21,1
1404/08/07,2,1,,,91000000,91000001,26,1504,1260,244
1404/08/07,2,1,,,91000000,91000001,1,1435,1280,155
1404/08/07,2,1,,,91000000,91000001,62,1504,1310,194
1404/08/07,2,1,,,91000000,91000001,9,165,150,15
1404/08/08,1,2,,,91000000,91000001,9,1339,1175,164
1404/08/08,1,2,,,91000000,91000001,13,1504,1410,94
1404/08/08,1,2,,,91000000,91000001,45,1504,1405,99
1404/08/08,1,2,,,91000000,91000001,80,1504,1410,94
1404/08/08,1,2,,,91000000,91000001,1,1504,1415,89
1404/08/08,1,2,,,91000000,91000001,52,1504,1400,104
1404/08/08,1,2,,,91000000,91000001,11,1457,1385,72
1404/08/08,1,2,,,93000000,93000001,11,22,21,1
1404/08/08,1,2,,,81000000,81000001,63,930,923,7
1404/08/08,1,2,,,81000000,81000001,3,80,77,3
1404/08/09,1,2,,,91000000,91000001,61,1504,1350,154
1404/08/09,1,2,,,91000000,91000001,77,1504,1275,229
1404/08/09,1,2,,,91000000,91000001,57,1504,1350,154
1404/08/09,1,2,,,91000000,91000001,58,1410,1225,185
1404/08/09,1,2,,,93000000,93000001,58,40,39,1
1404/08/10,1,1,,,91000000,91000001,19,1504,1400,104
1404/08/10,1,1,,,91000000,91000001,39,1504,1400,104
1404/08/10,1,1,,,91000000,91000001,49,1504,1400,104
1404/08/10,1,1,,,91000000,91000001,69,1504,1350,154
1404/08/10,1,1,,,91000000,91000001,67,1504,1400,104
1404/08/10,1,1,,,91000000,91000001,12,1457,1350,107
1404/08/10,1,1,,,91000000,91000001,23,114,100,14
1404/08/10,1,1,,,92000000,92000001,22,820,810,10
1404/08/10,1,1,,,93000000,93000001,12,44,39,5
1404/08/10,1,1,,,91000000,91000001,23,1390,1330,60
1404/08/10,2,2,,,91000000,91000001,51,1457,1370,87
1404/08/10,2,2,,,91000000,91000001,4,1504,1335,169
1404/08/10,2,2,,,91000000,91000001,40,1504,1375,129
1404/08/10,2,2,,,91000000,91000001,79,658,590,68
1404/08/10,2,2,,,93000000,93000001,51,7,7,0
1404/08/10,2,2,,,81000000,81000001,3,605,600,5
1404/08/11,1,1,,,91000000,91000001,79,840,760,80
1404/08/11,1,1,,,91000000,91000001,27,1504,1400,104
1404/08/11,1,1,,,91000000,91000001,37,1504,1440,64
1404/08/11,1,1,,,91000000,91000001,2,1504,1400,104
1404/08/11,1,1,,,91000000,91000001,25,752,700,52
1404/08/11,1,1,,,91000000,91000001,36,1504,1430,74
1404/08/11,1,1,,,91000000,91000001,76,1504,1380,124
1404/08/11,1,1,,,91000000,91000001,6,317,290,27
1404/08/11,1,1,,,92000000,92000001,25,340,270,70
1404/08/11,1,1,,,81000000,81000001,3,979,970,9
1404/08/11,1,1,,,81000000,81000001,43,638,630,8
1404/08/11,2,2,,,91000000,91000001,6,1187,1130,57
1404/08/11,2,2,,,91000000,91000001,35,1504,1430,74
1404/08/11,2,2,,,91000000,91000001,70,1504,1375,129
1404/08/11,2,2,,,91000000,91000001,73,1504,1375,129
1404/08/11,2,2,,,91000000,91000001,55,117,90,27
1404/08/11,2,2,,,92000000,92000001,66,820,720,100
1404/08/12,1,1,,,91000000,91000001,55,1387,1050,337
1404/08/12,1,1,,,91000000,91000001,29,1504,1380,124
1404/08/12,1,1,,,91000000,91000001,65,1504,1370,134
1404/08/12,1,1,,,91000000,91000001,10,1504,1350,154
1404/08/12,1,1,,,91000000,91000001,21,1504,1300,204
1404/08/12,1,1,,,91000000,91000001,48,1504,1400,104
1404/08/12,1,1,,,91000000,91000001,54,160,150,10
1404/08/12,1,1,,,81000000,81000001,43,355,350,5
1404/08/12,2,2,,,91000000,91000001,54,1344,1260,84
1404/08/12,2,2,,,91000000,91000001,8,1504,1420,84
1404/08/12,2,2,,,91000000,91000001,76,1457,1400,57
1404/08/12,2,2,,,91000000,91000001,15,1504,1390,114
1404/08/12,2,2,,,91000000,91000001,64,1457,1360,97
1404/08/12,2,2,,,91000000,91000001,41,188,170,18
1404/08/12,2,2,,,93000000,93000001,76,22,22,0
1404/08/12,2,2,,,93000000,93000001,64,22,22,0
1404/08/12,2,2,,,81000000,81000001,43,154,150,4
1404/08/13,2,1,,,91000000,91000001,41,1316,1200,116
1404/08/13,1,1,,,91000000,91000001,62,1504,1400,104
1404/08/13,1,1,,,91000000,91000001,1,1504,1400,104
1404/08/13,1,1,,,91000000,91000001,26,1504,1340,164
1404/08/13,1,1,,,91000000,91000001,9,1504,1390,114
1404/08/13,1,1,,,91000000,91000001,30,1504,1350,154
1404/08/13,1,1,,,91000000,91000001,13,370,320,50
1404/08/13,1,1,,,81000000,81000001,43,232,230,2
1404/08/13,2,2,,,91000000,91000001,13,1154,1075,79
1404/08/13,2,2,,,91000000,91000001,45,1457,1360,97
1404/08/13,2,2,,,91000000,91000001,44,1504,1345,159
1404/08/13,2,2,,,91000000,91000001,59,1504,1345,159
1404/08/13,2,2,,,91000000,91000001,14,107,75,32
1404/08/13,2,2,,,93000000,93000001,45,22,20,2
1404/08/14,1,1,,,91000000,91000001,14,1300,1200,100
1404/08/14,1,1,,,91000000,91000001,28,1504,1360,144
1404/08/14,1,1,,,91000000,91000001,7,1504,1320,184
1404/08/14,1,1,,,91000000,91000001,11,1504,1400,104
1404/08/14,1,1,,,91000000,91000001,38,1504,1360,144
1404/08/14,1,1,,,91000000,91000001,72,440,360,80
1404/08/14,1,1,,,81000000,81000001,43,253,250,3
1404/08/14,2,2,,,91000000,91000001,72,1064,955,109
1404/08/14,2,2,,,91000000,91000001,77,1504,1300,204
1404/08/14,2,2,,,91000000,91000001,61,1504,1358,146
1404/08/14,2,2,,,91000000,91000001,63,1504,1370,134
1404/08/14,2,2,,,91000000,91000001,52,376,217,159
1404/08/15,1,1,,,91000000,91000001,52,1128,1000,128
1404/08/15,1,1,,,91000000,91000001,69,1504,1400,104
1404/08/15,1,1,,,91000000,91000001,49,1504,1300,204
1404/08/15,1,1,,,91000000,91000001,39,1504,1300,204
1404/08/15,1,1,,,91000000,91000001,67,1504,1360,144
1404/08/15,1,1,,,91000000,91000001,22,47,40,7
