SettingID,wagon_no,GlazeType,start_time,end_time,packages
1404010718,75,91000001,06:25:00,07:25:00,64
1404010718,41,91000001,07:25:00,08:05:00,64
1404010718,50,91000001,08:05:00,08:45:00,4
1404010712,50,91000001,08:05:00,08:45:00,60
1404010712,67,91000001,08:45:00,09:20:00,64
1404010712,64,91000001,09:20:00,09:55:00,6
1404010724,64,91000001,09:20:00,09:55:00,58
1404010724,72,91000001,09:55:00,10:45:00,60
1404010724,40,91000001,10:45:00,11:20:00,14
1404010905,40,91000001,10:45:00,11:20:00,50
1404010905,23,91000001,11:20:00,12:05:00,64
1404010905,54,91000001,12:05:00,12:45:00,22
1404010920,54,91000001,12:05:00,12:45:00,42
1404010920,38,91000001,12:45:00,14:35:00,64
1404010920,61,91000001,14:35:00,15:25:00,30
1404010932,61,91000001,14:35:00,15:25:00,34
1404010932,63,91000001,15:25:00,16:00:00,60
1404010932,80,91000001,16:00:00,16:35:00,42
1404010908,80,91000001,16:00:00,16:35:00,18
1404010908,57,91000001,16:35:00,17:10:00,62
1404010908,68,91000001,17:10:00,17:45:00,54
1404010926,68,91000001,17:10:00,17:45:00,10
1404010926,71,91000001,17:45:00,18:25:00,64
1404010926,31,91000001,18:25:00,19:40:00,62
1404010916,31,91000001,18:25:00,19:40:00,64
1404010916,69,91000001,19:40:00,20:15:00,64
1404010916,32,91000001,20:55:00,21:30:00,6
1404010913,32,91000001,20:55:00,21:30:00,57
1404010913,53,91000001,06:20:00,07:00:00,64
1404010913,25,91000001,07:00:00,07:35:00,14
1404010902,25,91000001,07:00:00,07:35:00,50
1404010902,51,91000001,07:35:00,08:05:00,64
1404010902,17,91000001,08:05:00,08:40:00,26
1404010931,17,91000001,08:05:00,08:40:00,38
1404010931,9,91000001,08:40:00,09:25:00,64
1404010931,28,91000001,09:25:00,10:10:00,34
1404011007,28,91000001,09:25:00,10:10:00,30
1404011007,35,91000001,10:10:00,10:45:00,64
1404011007,52,91000001,10:45:00,11:25:00,22
1404011019,52,91000001,10:45:00,11:25:00,42
1404011019,8,91000001,11:25:00,12:05:00,64
1404011019,73,91000001,12:05:00,12:45:00,10
1404011027,73,91000001,12:05:00,12:45:00,54
1404011027,46,91000001,12:45:00,14:25:00,64
1404011027,43,91000001,14:25:00,15:10:00,14
1404011011,43,91000001,14:25:00,15:10:00,50
1404011011,29,91000001,15:10:00,15:45:00,64
1404011003,20,91000001,15:45:00,16:25:00,64
1404011003,47,91000001,16:25:00,17:10:00,60
1404011021,47,91000001,16:25:00,17:10:00,4
1404011021,34,91000001,17:10:00,18:15:00,64
1404011021,49,91000001,18:25:00,19:30:00,64
1404011021,55,91000001,19:30:00,20:10:00,4
1404011009,55,91000001,19:30:00,20:10:00,58
1404011009,66,91000001,06:20:00,06:55:00,64
1404011009,70,91000001,06:55:00,07:30:00,16
1404011025,70,91000001,06:55:00,07:30:00,48
1404011025,10,91000001,07:30:00,08:10:00,64
1404011025,27,91000001,08:10:00,08:45:00,24
1404011028,27,91000001,08:10:00,08:45:00,40
1404011028,39,91000001,08:45:00,09:25:00,64
1404011028,4,91000001,09:25:00,10:05:00,16
1404011022,4,91000001,09:25:00,10:05:00,48
1404011022,24,91000001,10:05:00,10:45:00,64
1404011022,6,91000001,10:45:00,11:25:00,16
1404011414,6,91000001,10:45:00,11:25:00,48
1404011414,60,91000001,11:25:00,12:30:00,64
1404011414,16,91000001,12:30:00,13:15:00,6
1404011404,16,91000001,12:30:00,13:15:00,57
1404011404,56,91000001,06:15:00,07:00:00,64
1404011404,65,91000001,07:00:00,07:50:00,12
1404011429,65,91000001,07:00:00,07:50:00,52
1404011429,19,91000001,07:50:00,08:45:00,64
1404011429,7,91000001,08:45:00,09:25:00,24
1404011423,7,91000001,08:45:00,09:25:00,40
1404011423,13,91000001,09:25:00,10:00:00,64
1404011423,78,91000001,10:00:00,10:45:00,36
1404011417,78,91000001,10:00:00,10:45:00,28
1404011417,21,91000001,10:45:00,11:35:00,64
1404011417,58,91000001,11:35:00,12:30:00,36
1404011615,58,91000001,11:35:00,12:30:00,28
1404011615,36,91000001,12:30:00,13:10:00,64
1404011615,59,91000001,14:15:00,14:50:00,40
1404011606,59,91000001,14:15:00,14:50:00,24
1404011606,45,91000001,14:50:00,15:35:00,64
1404011606,76,91000001,15:35:00,16:10:00,22
1404011610,76,91000001,15:35:00,16:10:00,42
1404011610,5,91000001,16:10:00,16:50:00,64
1404011610,79,91000001,16:50:00,17:25:00,28
1404011630,79,91000001,16:50:00,17:25:00,36
1404011630,15,91000001,17:25:00,18:05:00,64
1404011630,30,91000001,18:05:00,19:20:00,34
1404011618,30,91000001,18:05:00,19:20:00,30
1404011618,3,91000001,19:20:00,20:05:00,64
1404011618,37,91000001,20:05:00,20:40:00,18
1404011612,37,91000001,20:05:00,20:40:00,44
1404011612,12,91000001,20:40:00,21:20:00,60
1404011612,74,91000001,06:15:00,07:00:00,22
1404011624,74,91000001,06:15:00,07:00:00,42
1404011624,18,91000001,07:00:00,07:40:00,64
1404011624,77,91000001,07:40:00,08:25:00,24
1404011605,77,91000001,07:40:00,08:25:00,40
1404011605,14,91000001,08:25:00,09:10:00,64
1404011605,42,91000001,09:10:00,09:50:00,18
1404011620,42,91000001,09:10:00,09:50:00,46
1404011620,75,91000001,09:50:00,10:25:00,64
1404011620,26,91000001,10:25:00,11:00:00,16
1404011708,26,91000001,10:25:00,11:00:00,48
1404011708,50,91000001,11:00:00,11:55:00,64
1404011708,41,91000001,11:55:00,12:30:00,14
1404011732,41,91000001,11:55:00,12:30:00,50
1404011732,67,91000001,12:30:00,13:10:00,64
1404011732,54,91000001,14:10:00,14:45:00,22
1404011726,54,91000001,14:10:00,14:45:00,42
1404011726,38,91000001,14:45:00,15:25:00,64
1404011726,23,91000001,15:25:00,16:05:00,14
1404011716,23,91000001,15:25:00,16:05:00,50
1404011716,40,91000001,16:05:00,16:45:00,64
1404011716,72,91000001,16:45:00,17:20:00,24
1404011713,72,91000001,16:45:00,17:20:00,40
1404011713,64,91000001,17:20:00,18:00:00,64
1404011713,61,91000001,18:00:00,19:10:00,28
1404011702,61,91000001,18:00:00,19:10:00,36
1404011702,80,91000001,19:10:00,19:45:00,60
1404011702,57,91000001,19:45:00,20:20:00,34
1404011731,57,91000001,19:45:00,20:20:00,30
1404011731,11,91000001,20:20:00,21:00:00,60
1404011731,32,91000001,06:15:00,07:15:00,44
1404011807,32,91000001,06:15:00,07:15:00,20
1404011807,47,91000001,07:15:00,07:50:00,64
1404011807,17,91000001,07:50:00,08:25:00,54
1404011819,17,91000001,07:50:00,08:25:00,10
1404011819,65,91000001,08:25:00,09:30:00,64
1404011819,21,91000001,09:30:00,10:10:00,64
1404011827,78,91000001,10:10:00,10:45:00,64
1404011827,13,91000001,10:45:00,11:20:00,64
1404011827,7,91000001,11:20:00,12:00:00,10
1404011811,7,91000001,11:20:00,12:00:00,54
1404011811,19,91000001,12:00:00,12:45:00,64
1404011811,56,91000001,12:45:00,13:20:00,4
1404011803,56,91000001,12:45:00,13:20:00,56
1404011803,60,91000001,06:20:00,07:00:00,64
1404011803,5,91000001,07:00:00,07:45:00,18
1404011821,5,91000001,07:00:00,07:45:00,46
1404011821,39,91000001,07:45:00,08:25:00,64
1404011821,15,91000001,08:25:00,09:30:00,26
1404011909,15,91000001,08:25:00,09:30:00,38
1404011909,79,91000001,09:30:00,10:25:00,64
1404011909,58,91000001,10:25:00,11:00:00,36
1404011925,58,91000001,10:25:00,11:00:00,28
1404011925,36,91000001,11:00:00,11:45:00,64
1404011925,59,91000001,11:45:00,12:30:00,40
1404011928,59,91000001,11:45:00,12:30:00,24
1404011928,45,91000001,12:30:00,13:15:00,64
1404011928,76,91000001,13:15:00,14:30:00,46
1404011914,76,91000001,13:15:00,14:30:00,18
1404011914,37,91000001,14:30:00,15:15:00,64
1404011914,67,91000001,15:15:00,15:50:00,58
1404011922,67,91000001,15:15:00,15:50:00,6
1404011922,12,91000001,15:50:00,16:30:00,64
1404011922,16,91000001,16:30:00,17:10:00,64
1404011904,41,91000001,17:10:00,17:50:00,64
1404011904,50,91000001,17:50:00,18:30:00,64
1404011904,54,91000001,18:30:00,19:30:00,12
1404012029,54,91000001,18:30:00,19:30:00,52
1404012029,38,91000001,19:30:00,20:15:00,64
1404012029,26,91000001,20:15:00,20:50:00,18
1404012023,26,91000001,20:15:00,21:50:00,46
1404012023,23,91000001,06:15:00,06:50:00,64
1404012023,40,91000001,06:50:00,07:25:00,32
1404012017,40,91000001,06:50:00,07:25:00,32
1404012017,64,91000001,07:25:00,08:00:00,64
1404012017,4,91000001,08:00:00,09:45:00,40
1404012015,4,91000001,08:00:00,09:45:00,24
1404012015,24,91000001,09:45:00,10:45:00,64
1404012015,6,91000001,10:45:00,11:35:00,50
1404012006,6,91000001,10:45:00,11:35:00,14
1404012006,61,91000001,11:35:00,12:10:00,64
1404012006,72,91000001,12:10:00,12:50:00,64
1404012010,18,91000001,12:50:00,13:30:00,64
1404012010,77,91000001,14:15:00,14:55:00,64
1404012010,75,91000001,14:55:00,15:30:00,12
1404012030,75,91000001,14:55:00,15:30:00,52
1404012030,42,91000001,15:30:00,16:10:00,64
1404012030,80,91000001,16:10:00,16:45:00,22
1404012018,80,91000001,16:10:00,16:45:00,42
1404012018,14,91000001,16:45:00,17:20:00,64
1404012018,11,91000001,17:20:00,17:55:00,38
1404012112,11,91000001,17:20:00,17:55:00,26
1404012112,57,91000001,17:55:00,18:30:00,64
1404012112,2,91000001,06:20:00,06:55:00,52
1404012124,2,91000001,06:20:00,06:55:00,12
1404012124,52,91000001,06:55:00,07:30:00,64
1404012124,46,91000001,07:30:00,08:05:00,64
1404012124,35,91000001,08:05:00,08:40:00,4
1404012120,35,91000001,08:05:00,08:40:00,60
1404012120,28,91000001,08:40:00,09:45:00,62
1404012120,9,91000001,09:45:00,10:20:00,18
1404012308,9,91000001,09:45:00,10:20:00,46
1404012308,1,91000001,10:20:00,10:50:00,64
1404012308,43,91000001,10:50:00,11:25:00,32
1404012305,43,91000001,10:50:00,11:25:00,32
1404012305,44,91000001,11:25:00,12:00:00,64
1404012305,74,91000001,12:00:00,12:35:00,46
1404012332,74,91000001,12:00:00,12:35:00,18
1404012332,3,91000001,12:35:00,13:10:00,64
1404012301,30,92000001,14:30:00,15:20:00,820
1404012301,27,92000001,15:20:00,16:50:00,820
1404012301,63,92000001,16:50:00,17:40:00,820
1404012301,29,92000001,17:40:00,18:00:00,90
1404012332,29,91000001,06:20:00,07:00:00,56
1404012426,49,91000001,07:00:00,07:35:00,64
1404012426,34,91000001,07:35:00,08:10:00,64
1404012426,51,91000001,08:10:00,08:45:00,12
1404012416,51,91000001,08:10:00,08:45:00,52
1404012416,8,91000001,08:45:00,09:45:00,64
1404012416,73,91000001,09:45:00,10:25:00,22
1404012413,73,91000001,09:45:00,10:25:00,42
1404012413,66,91000001,10:25:00,10:55:00,64
1404012413,20,91000001,10:55:00,11:35:00,38
1404012402,20,91000001,10:55:00,11:35:00,26
1404012402,55,91000001,11:35:00,12:10:00,64
1404012402,68,91000001,12:10:00,12:45:00,52
1404012431,68,91000001,12:10:00,12:45:00,12
1404012431,32,91000001,12:45:00,13:25:00,62
1404012431,64,91000001,06:00:00,06:55:00,64
1404012407,47,91000001,06:55:00,07:00:00,64
1404012407,17,91000001,07:30:00,08:05:00,64
1404012407,71,91000001,08:05:00,08:45:00,6
1404012419,71,91000001,08:05:00,08:45:00,58
1404012419,31,91000001,08:45:00,09:45:00,64
1404012419,70,91000001,09:45:00,10:30:00,16
1404012427,70,91000001,09:45:00,10:30:00,44
1404012427,65,91000001,10:30:00,11:10:00,64
1404012427,7,91000001,11:10:00,11:45:00,6
1404012411,7,91000001,11:10:00,11:45:00,58
1404012411,19,91000001,11:45:00,12:20:00,64
1404012429,13,91000001,12:20:00,13:00:00,60
1404012429,78,91000001,13:00:00,13:35:00,64
1404012429,21,91000001,14:10:00,14:45:00,10
1404012523,2,91000001,14:10:00,14:45:00,54
1404012523,69,91000001,14:45:00,15:20:00,64
1404012523,53,91000001,15:20:00,16:00:00,20
1404012517,53,91000001,15:20:00,16:00:00,44
1404012517,25,91000001,16:00:00,16:40:00,64
1404012517,56,91000001,16:40:00,17:25:00,28
1404012515,56,91000001,16:40:00,17:25:00,36
1404012515,39,91000001,17:25:00,18:30:00,64
1404012515,60,91000001,06:20:00,06:55:00,42
1404012506,60,91000001,06:20:00,06:55:00,22
1404012506,45,91000001,06:55:00,07:35:00,64
1404012506,59,91000001,07:35:00,08:10:00,54
1404012510,59,91000001,07:35:00,08:10:00,10
1404012510,36,91000001,08:10:00,08:50:00,64
1404012510,5,91000001,08:50:00,09:45:00,64
1404012510,58,91000001,09:45:00,10:20:00,4
1404012518,58,91000001,09:45:00,10:20:00,56
1404012618,79,91000001,06:20:00,06:55:00,64
1404012618,12,91000001,06:55:00,07:30:00,18
1404012604,12,91000001,06:55:00,07:30:00,46
1404012604,15,91000001,07:30:00,08:10:00,64
1404012604,16,91000001,08:10:00,08:45:00,32
1404012614,16,91000001,08:10:00,08:45:00,32
1404012614,1,91000001,08:45:00,09:50:00,64
1404012614,3,91000001,09:50:00,10:35:00,44
1404012630,3,91000001,09:50:00,10:35:00,20
1404012630,74,91000001,10:35:00,11:10:00,64
1404012630,44,91000001,11:10:00,11:45:00,56
1404012612,44,91000001,11:10:00,11:45:00,8
1404012612,43,91000001,11:45:00,12:30:00,64
1404012612,57,91000001,12:30:00,13:10:00,64
1404012724,11,91000001,06:20:00,06:55:00,64
1404012724,80,91000001,06:55:00,07:30:00,64
1404012701,30,91000001,07:30:00,08:05:00,64
1404012701,72,91000001,08:05:00,08:45:00,64
1404012701,61,91000001,08:45:00,09:50:00,6
1404012720,61,91000001,08:45:00,09:50:00,58
1404012720,67,91000001,09:50:00,10:25:00,60
1404012720,64,91000001,10:25:00,11:10:00,14
1404012705,64,91000001,10:25:00,11:10:00,50
1404012705,38,91000001,11:10:00,11:50:00,64
1404012705,35,91000001,11:50:00,12:25:00,25
1404012732,35,91000001,11:50:00,12:25:00,44
1404012732,28,91000001,12:25:00,13:00:00,62
1404012732,9,91000001,13:00:00,13:35:00,22
1404012726,9,91000001,13:00:00,13:35:00,42
1404012726,46,91000001,14:10:00,14:55:00,64
1404012726,75,91000001,14:55:00,15:30:00,30
1404012816,75,91000001,14:55:00,15:30:00,34
1404012816,42,91000001,15:30:00,16:05:00,64
1404012816,14,91000001,16:05:00,16:40:00,36
1404012813,14,91000001,16:05:00,16:40:00,28
1404012813,29,91000001,16:40:00,17:15:00,64
1404012813,2,91000001,17:15:00,17:50:00,46
1404012802,2,91000001,17:15:00,17:50:00,18
1404012802,52,91000001,17:50:00,18:35:00,62
1404012802,26,91000001,18:35:00,19:45:00,58
1404013007,26,91000001,18:35:00,19:45:00,6
1404013007,40,91000001,19:45:00,20:20:00,64
1404013007,23,91000001,20:20:00,20:55:00,64
1404013007,49,91000001,20:55:00,21:35:00,6
1404013031,49,91000001,20:55:00,21:35:00,32
1404013031,49,91000001,06:15:00,06:30:00,26
1404013031,54,91000001,06:30:00,07:10:00,64
1404013031,50,91000001,07:10:00,07:45:00,14
1404013019,50,91000001,07:10:00,07:45:00,50
1404013019,32,91000001,07:45:00,08:25:00,64
1404013019,66,91000001,08:25:00,09:35:00,22
1404013027,66,91000001,08:25:00,09:35:00,42
1404013027,10,91000001,09:35:00,10:10:00,64
1404013027,47,91000001,10:10:00,10:45:00,32
1404013011,47,91000001,10:10:00,10:45:00,32
1404013011,31,91000001,10:45:00,11:45:00,64
1404013011,17,91000001,11:25:00,12:00:00,38
1404013029,17,91000001,11:25:00,12:00:00,26
1404013029,71,91000001,12:00:00,12:35:00,64
1404013029,41,91000001,12:35:00,13:15:00,46
1404013003,41,91000001,12:35:00,13:15:00,16
1404013008,7,92000001,14:20:00,15:00:00,820
1404013008,19,92000001,15:00:00,15:50:00,820
1404013008,65,92000001,15:50:00,18:20:00,820
1404013008,27,92000001,18:20:00,18:45:00,225
1404013003,27,91000001,06:15:00,06:40:00,44
1404013003,70,91000001,06:40:00,07:20:00,64
1404013003,8,91000001,07:20:00,08:00:00,12
1404013023,8,91000001,07:20:00,08:00:00,52
1404013023,13,91000001,08:00:00,08:35:00,64
1404013023,73,91000001,08:35:00,09:35:00,24
1404013117,73,91000001,08:35:00,09:35:00,40
1404013117,20,91000001,09:35:00,10:10:00,64
1404013117,55,91000001,10:10:00,10:45:00,34
1404013121,55,91000001,10:10:00,10:45:00,30
1404013121,68,91000001,10:45:00,11:20:00,64
1404013121,51,91000001,11:20:00,11:55:00,46
1404013115,51,91000001,11:20:00,11:55:00,18
1404013115,34,91000001,11:55:00,12:30:00,64
1404013115,78,91000001,06:15:00,07:00:00,46
1404013106,78,91000001,06:15:00,07:00:00,18
1404013106,77,91000001,07:00:00,07:35:00,64
1404013106,18,91000001,07:35:00,08:10:00,54
1404013125,18,91000001,07:35:00,08:10:00,10
1404013125,63,91000001,08:10:00,08:45:00,62
1404013125,21,91000001,08:45:00,09:40:00,64
1404020128,76,91000001,09:40:00,10:15:00,64
1404020128,4,91000001,10:15:00,10:50:00,64
1404020128,37,91000001,10:50:00,11:25:00,14
1404020110,37,91000001,10:50:00,11:25:00,50
1404020110,24,91000001,11:25:00,12:00:00,64
1404020110,6,91000001,12:00:00,12:40:00,28
1404020118,6,91000001,12:00:00,12:40:00,33
1404020118,39,91000001,06:15:00,07:00:00,64
1404020118,45,91000001,07:10:00,07:45:00,32
1404020104,45,91000001,07:10:00,07:45:00,32
1404020104,60,91000001,07:45:00,08:20:00,64
1404020104,59,91000001,08:20:00,10:00:00,42
1404020112,59,91000001,08:20:00,10:00:00,22
1404020112,5,91000001,10:00:00,10:45:00,64
1404020212,58,91000001,06:20:00,07:10:00,54
1404020230,58,91000001,06:20:00,07:10:00,10
1404020230,69,91000001,07:10:00,07:45:00,64
1404020230,53,91000001,07:45:00,08:20:00,64
1404020214,25,91000001,08:20:00,09:25:00,64
1404020214,56,91000001,09:25:00,10:00:00,64
1404020214,36,91000001,10:00:00,10:50:00,16
1404020224,36,91000001,10:00:00,10:50:00,48
1404020224,66,91000001,10:50:00,11:25:00,64
1404020224,40,91000001,11:25:00,12:05:00,30
1404020201,40,91000001,11:25:00,12:05:00,34
1404020201,32,91000001,12:05:00,12:45:00,64
1404020201,23,91000001,12:45:00,13:20:00,40
1404020220,23,91000001,12:45:00,13:20:00,24
1404020220,50,91000001,13:20:00,14:40:00,64
1404020220,54,91000001,14:40:00,15:15:00,54
1404020305,54,91000001,14:40:00,15:15:00,10
1404020305,49,91000001,15:15:00,16:00:00,64
1404020305,26,91000001,16:00:00,16:35:00,64
1404020332,14,91000001,16:35:00,17:15:00,64
1404020332,46,91000001,17:15:00,17:55:00,64
1404020332,28,91000001,17:55:00,18:35:00,8
1404020326,28,91000001,17:55:00,18:35:00,56
1404020326,67,91000001,18:35:00,19:35:00,64
1404020326,52,91000001,19:35:00,20:10:00,26
1404020316,52,91000001,19:35:00,20:10:00,38
1404020316,35,91000001,20:10:00,20:45:00,64
1404020316,31,91000001,20:45:00,21:20:00,36
1404020313,31,91000001,20:45:00,21:20:00,28
1404020313,38,91000001,06:15:00,06:55:00,64
1404020313,71,91000001,06:55:00,07:30:00,46
1404020302,71,91000001,06:55:00,07:30:00,18
1404020302,41,91000001,07:30:00,08:10:00,64
1404020302,10,91000001,08:10:00,08:45:00,60
1404020307,10,91000001,08:10:00,08:45:00,4
1404020307,2,91000001,08:45:00,09:55:00,60
1404020307,47,91000001,09:55:00,10:30:00,60
1404020307,17,91000001,10:30:00,11:10:00,16
1404020331,17,91000001,10:30:00,11:10:00,48
1404020331,64,91000001,11:10:00,11:45:00,64
1404020331,72,91000001,11:45:00,12:20:00,28
1404020619,72,91000001,11:45:00,12:20:00,36
1404020619,61,91000001,12:20:00,12:55:00,62
1404020619,70,91000001,12:55:00,13:30:00,42
1404020611,70,91000001,12:55:00,13:30:00,20
1404020611,11,91000001,06:15:00,07:00:00,64
1404020611,3,91000001,07:00:00,07:35:00,38
1404020629,3,91000001,07:00:00,07:35:00,26
1404020629,20,91000001,07:35:00,08:10:00,64
1404020629,1,91000001,08:10:00,08:50:00,52
1404020608,1,91000001,08:10:00,08:50:00,12
1404020608,55,91000001,08:50:00,09:50:00,64
1404020608,27,91000001,09:50:00,10:30:00,60
1404020623,27,91000001,09:50:00,10:30:00,4
1404020623,7,91000001,10:30:00,11:10:00,64
1404020623,34,91000001,11:10:00,11:45:00,64
1404020623,73,91000001,11:45:00,12:15:00,4
1404020603,73,91000001,11:45:00,12:15:00,60
1404020603,65,91000001,12:15:00,12:55:00,64
1404020603,51,91000001,12:55:00,13:30:00,16
1404020617,51,91000001,12:55:00,13:30:00,38
1404020617,68,91000001,06:10:00,07:00:00,64
1404020617,8,91000001,07:00:00,07:40:00,38
1404020721,8,91000001,07:00:00,07:40:00,26
1404020721,13,91000001,07:40:00,08:25:00,64
1404020721,77,91000001,08:25:00,09:25:00,52
1404020725,77,91000001,08:25:00,09:25:00,10
1404020725,18,91000001,09:25:00,10:00:00,64
1404020725,63,91000001,10:00:00,10:35:00,64
1404020715,78,91000001,10:35:00,11:10:00,64
1404020715,9,91000001,11:10:00,11:50:00,64
1404020715,30,91000001,11:50:00,12:25:00,6
1404020710,30,91000001,11:50:00,12:25:00,58
1404020710,75,91000001,12:25:00,1900-01-13 00:00:00,64
1404020710,21,91000001,13:00:00,13:35:00,16
1404020706,21,91000001,1900-01-13 00:00:00,13:35:00,46
1404020706,42,91000001,06:15:00,07:00:00,28
1404020728,29,91000001,07:00:00,07:40:00,36
1404020728,80,91000001,07:40:00,08:15:00,64
1404020728,19,91000001,08:15:00,09:30:00,40
1404020804,19,91000001,08:15:00,09:30:00,24
1404020804,57,91000001,09:30:00,10:05:00,64
1404020804,44,91000001,10:05:00,10:40:00,42
1404020818,44,91000001,10:05:00,10:40:00,22
1404020818,43,91000001,10:40:00,11:20:00,64
1404020818,74,91000001,11:20:00,11:55:00,42
1404020809,74,91000001,11:20:00,11:55:00,22
1404020809,16,91000001,11:55:00,12:35:00,64
1404020809,79,91000001,12:35:00,13:10:00,52
1404020822,79,91000001,12:35:00,13:10:00,12
1404020822,12,91000001,13:10:00,14:05:00,64
1404020822,4,91000001,14:30:00,15:10:00,64
1404020812,76,91000001,15:10:00,15:50:00,64
1404020812,15,91000001,15:50:00,16:25:00,64
1404020812,24,91000001,16:25:00,17:00:00,4
1404020830,24,91000001,16:25:00,17:00:00,60
1404020830,6,91000001,17:00:00,17:35:00,64
1404020830,59,91000001,17:35:00,18:10:00,16
1404020914,59,91000001,17:35:00,18:10:00,48
1404020914,5,91000001,18:10:00,18:50:00,60
1404020914,53,91000001,06:15:00,06:50:00,32
1404020924,53,91000001,06:15:00,06:50:00,32
1404020924,31,91000001,06:50:00,07:35:00,64
1404020924,38,91000001,07:35:00,08:10:00,50
1404020901,38,91000001,07:35:00,08:10:00,14
1404020901,71,91000001,08:10:00,08:45:00,64
1404020901,2,91000001,08:45:00,09:45:00,42
1404020920,2,91000001,08:45:00,09:45:00,20
1404020920,47,91000001,09:45:00,10:20:00,64
1404020920,64,91000001,10:20:00,10:55:00,44
1404021005,64,91000001,10:20:00,10:55:00,18
1404021005,17,91000001,10:55:00,11:30:00,64
1404021005,10,91000001,11:30:00,12:05:00,54
1404021032,10,91000001,11:30:00,12:05:00,6
1404021032,11,91000001,12:05:00,13:20:00,64
1404021032,41,91000001,13:20:00,14:20:00,64
1404021026,66,91000001,14:10:00,14:45:00,64
1404021026,54,91000001,15:20:00,15:55:00,64
1404021026,3,91000001,15:55:00,16:30:00,8
1404021016,3,91000001,15:55:00,16:30:00,56
1404021016,49,91000001,16:30:00,17:10:00,64
1404021007,7,91000001,17:10:00,17:50:00,60
1404021007,46,91000001,17:50:00,18:30:00,62
1404021019,46,91000001,06:15:00,06:55:00,64
1404021019,34,91000001,06:55:00,07:30:00,64
1404021019,70,91000001,07:30:00,08:05:00,16
1404021011,70,91000001,07:30:00,08:05:00,50
1404021011,20,91000001,08:05:00,08:40:00,64
1404021011,1,91000001,08:40:00,09:50:00,8
1404021031,1,91000001,08:40:00,09:50:00,56
1404021031,55,91000001,09:50:00,10:25:00,64
1404021031,65,91000001,10:25:00,1900-01-11 00:00:00,22
1404021013,65,91000001,10:25:00,11:00:00,44
1404021013,73,91000001,11:00:00,11:35:00,64
1404021013,28,91000001,11:35:00,12:10:00,34
1404021029,28,91000001,11:35:00,12:10:00,30
1404021029,51,91000001,12:10:00,12:45:00,64
1404021029,52,91000001,12:45:00,14:00:00,48
1404021003,52,91000001,12:45:00,14:00:00,16
1404021327,35,92000001,14:25:00,15:45:00,820
1404021327,13,92000001,15:45:00,18:15:00,820
1404021327,78,92000001,18:15:00,19:20:00,240
1404021303,78,91000001,06:20:00,06:55:00,44
1404021303,63,91000001,06:50:00,07:30:00,64
1404021303,67,91000001,07:30:00,08:10:00,10
1404021308,67,91000001,07:30:00,08:10:00,54
1404021308,57,91000001,08:10:00,08:45:00,64
1404021308,44,91000001,08:45:00,09:45:00,20
1404021317,44,91000001,08:45:00,09:45:00,44
1404021317,21,91000001,09:45:00,10:20:00,64
1404021317,80,91000001,10:20:00,11:00:00,30
1404021302,80,91000001,10:20:00,10:55:00,32
1404021302,19,91000001,10:55:00,11:30:00,64
1404021302,29,91000001,11:30:00,12:05:00,44
1404021321,29,91000001,11:30:00,12:05:00,20
1404021321,42,91000001,12:05:00,12:40:00,64
1404021321,14,91000001,12:40:00,13:25:00,54
1404021325,14,91000001,12:40:00,13:25:00,6
1404021325,75,91000001,06:15:00,07:05:00,64
1404021325,26,91000001,07:05:00,07:40:00,64
1404021325,5,91000001,07:40:00,08:15:00,6
1404021315,5,91000001,07:40:00,08:15:00,58
1404021315,9,91000001,08:15:00,08:50:00,64
1404021315,30,91000001,08:50:00,10:00:00,18
1404021310,30,91000001,08:50:00,10:00:00,46
1404021310,23,91000001,10:00:00,10:40:00,64
1404021310,43,91000001,10:40:00,11:25:00,32
1404021423,43,91000001,10:40:00,11:25:00,32
1404021423,34,91000001,11:25:00,12:00:00,64
1404021423,72,91000001,12:00:00,12:50:00,44
1404021406,72,91000001,12:00:00,12:50:00,20
1404021406,61,91000001,12:50:00,13:30:00,62
1404021406,68,91000001,06:20:00,07:10:00,54
1404021428,68,91000001,06:20:00,07:10:00,10
1404021428,8,91000001,07:10:00,07:55:00,64
1404021428,77,91000001,07:55:00,08:35:00,64
1404021428,18,91000001,08:35:00,09:35:00,6
1404021404,18,91000001,08:35:00,09:35:00,58
1404021404,74,91000001,09:35:00,10:15:00,64
1404021404,40,91000001,10:15:00,10:50:00,20
1404021418,40,91000001,10:15:00,10:50:00,44
1404021418,25,91000001,10:50:00,11:25:00,64
1404021418,56,91000001,11:25:00,12:05:00,34
1404021509,56,91000001,11:25:00,12:05:00,30
1404021509,58,91000001,12:05:00,12:40:00,64
1404021509,69,91000001,12:40:00,14:10:00,36
1404021522,69,91000001,12:40:00,14:10:00,28
1404021522,60,91000001,14:20:00,14:55:00,64
1404021522,45,91000001,14:55:00,15:30:00,44
1404021512,45,91000001,14:55:00,15:30:00,16
1404021512,4,91000001,15:30:00,16:05:00,64
1404021512,12,91000001,16:05:00,16:40:00,64
1404021530,79,91000001,16:40:00,17:15:00,64
1404021530,16,91000001,17:15:00,17:50:00,64
1404021530,37,91000001,17:50:00,18:25:00,16
1404021514,37,91000001,17:50:00,18:25:00,48
1404021514,59,91000001,18:25:00,19:25:00,64
1404021514,32,91000001,19:25:00,20:05:00,30
1404021624,32,91000001,19:25:00,20:05:00,32
1404021624,39,91000001,08:05:00,08:45:00,64
1404021624,5,91000001,20:45:00,21:20:00,44
1404021601,5,91000001,20:45:00,21:20:00,16
1404021601,31,91000001,06:15:00,06:55:00,64
1404021601,11,91000001,06:55:00,07:30:00,60
1404021620,11,91000001,06:55:00,07:30:00,4
1404021620,64,91000001,07:30:00,08:05:00,64
1404021620,47,91000001,08:05:00,08:45:00,64
1404021620,38,91000001,08:45:00,09:45:00,6
1404021605,38,91000001,08:45:00,09:40:00,58
1404021605,71,91000001,09:40:00,10:15:00,64
1404021605,2,91000001,10:15:00,10:50:00,18
1404021732,2,91000001,10:15:00,10:50:00,46
1404021732,41,91000001,10:50:00,11:30:00,64
1404021732,10,91000001,11:30:00,12:20:00,28
1404021726,10,91000001,11:30:00,12:20:00,36
1404021726,17,91000001,12:20:00,13:10:00,64
1404021726,3,91000001,13:10:00,14:00:00,38
1404021716,3,91000001,13:10:00,14:00:00,26
1404021716,49,91000001,14:35:00,15:15:00,64
1404021716,63,91000001,15:15:00,15:50:00,52
1404021707,63,91000001,15:15:00,15:50:00,12
1404021707,27,91000001,15:50:00,16:30:00,64
1404021707,13,91000001,16:30:00,17:10:00,64
1404021707,46,91000001,17:10:00,17:55:00,4
1404021719,46,91000001,17:10:00,17:55:00,60
1404021719,44,91000001,17:55:00,18:30:00,64
1404021719,34,91000001,18:30:00,19:35:00,20
1404021713,34,91000001,18:30:00,19:35:00,44
1404021713,20,91000001,19:35:00,20:20:00,64
1404021713,70,91000001,20:20:00,20:50:00,30
1404021811,70,91000001,20:20:00,20:55:00,34
1404021811,1,91000001,20:55:00,21:30:00,64
1404021811,21,91000001,06:05:00,06:50:00,24
1404021829,21,91000001,06:15:00,06:50:00,40
1404021829,65,91000001,06:50:00,07:25:00,64
1404021829,80,91000001,07:25:00,08:00:00,26
1404022003,80,91000001,07:25:00,08:00:00,36
1404022003,73,91000001,08:00:00,08:35:00,64
1404022003,42,91000001,08:35:00,09:35:00,36
1404022008,42,91000001,08:35:00,09:35:00,28
1404022008,29,91000001,09:35:00,10:10:00,64
1404022008,19,91000001,10:10:00,10:45:00,52
1404022027,19,91000001,10:10:00,10:45:00,12
1404022027,50,91000001,10:45:00,11:20:00,64
1404022027,67,91000001,11:20:00,11:55:00,60
1404022017,67,91000001,11:20:00,11:55:00,4
1404022017,78,91000001,11:55:00,12:40:00,62
1404022017,57,91000001,12:40:00,13:25:00,64
1404022002,52,91000001,06:15:00,06:55:00,64
1404022002,28,91000001,06:55:00,07:30:00,64
1404022002,51,91000001,07:30:00,08:05:00,10
1404022021,51,91000001,07:30:00,08:05:00,54
1404022021,55,91000001,08:05:00,09:30:00,60
1404022021,30,91000001,09:30:00,10:05:00,22
1404022115,30,91000001,09:30:00,10:05:00,42
1404022115,9,91000001,10:05:00,10:40:00,64
1404022115,36,91000001,10:40:00,11:15:00,36
1404022125,36,91000001,10:40:00,11:15:00,38
1404022125,74,91000001,11:15:00,12:05:00,64
1404022110,69,91000001,12:05:00,12:40:00,64
1404022110,40,91000001,12:40:00,13:20:00,62
1404022123,58,91000001,06:20:00,07:15:00,64
1404022123,25,91000001,07:15:00,08:10:00,64
1404022123,72,91000001,08:10:00,08:45:00,16
1404022106,72,91000001,08:10:00,08:45:00,48
1404022106,56,91000001,08:45:00,09:50:00,64
1404022106,7,91000001,09:50:00,10:25:00,28
1404022128,7,91000001,09:50:00,10:25:00,36
1404022128,54,91000001,10:25:00,11:00:00,64
1404022128,45,91000001,11:00:00,11:40:00,40
1404022204,45,91000001,11:00:00,11:40:00,24
1404022204,60,91000001,11:40:00,12:15:00,64
1404022204,66,91000001,12:15:00,12:50:00,52
1404022218,66,91000001,12:15:00,12:50:00,12
1404022218,77,91000001,12:50:00,13:25:00,63
1404022218,18,91000001,06:25:00,07:10:00,64
1404022309,35,91000001,07:10:00,07:45:00,64
1404022309,26,91000001,07:45:00,08:20:00,64
1404022309,75,91000001,08:20:00,09:25:00,10
1404022322,75,91000001,08:20:00,09:25:00,54
1404022322,23,91000001,09:25:00,10:00:00,64
1404022322,43,91000001,10:00:00,10:35:00,18
1404022312,43,91000001,10:00:00,10:35:00,46
1404022312,61,91000001,10:35:00,11:10:00,64
1404022312,68,91000001,11:10:00,11:50:00,30
1404022330,68,91000001,11:10:00,11:50:00,34
1404022330,14,91000001,11:50:00,12:35:00,64
1404022330,8,91000001,12:35:00,13:15:00,34
1404022314,8,91000001,12:35:00,13:20:00,28
1404022414,4,91000001,06:15:00,06:50:00,64
1404022414,12,91000001,06:50:00,07:25:00,46
14042424,12,91000001,06:50:00,07:25:00,18
14042424,53,91000001,07:25:00,08:00:00,64
14042424,16,91000001,08:00:00,08:35:00,54
14042401,16,91000001,08:00:00,08:35:00,10
14042401,79,91000001,08:35:00,09:35:00,64
14042401,76,91000001,06:20:00,07:15:00,64
14042420,15,91000001,07:15:00,07:50:00,64
14042420,24,91000001,07:50:00,08:25:00,64
14042420,6,91000001,08:25:00,09:35:00,8
1404022505,6,91000001,08:25:00,09:35:00,56
1404022505,32,91000001,09:35:00,10:10:00,64
1404022505,39,91000001,10:10:00,10:50:00,16
1404022532,39,91000001,10:10:00,10:50:00,48
1404022532,33,91000001,10:50:00,11:35:00,64
1404022532,5,91000001,11:35:00,12:10:00,24
1404022516,5,91000001,11:35:00,12:10:00,40
1404022516,11,91000001,12:10:00,12:45:00,64
1404022516,47,91000001,12:45:00,13:20:00,28
1404022507,47,91000001,12:45:00,13:25:00,34
1404022507,38,91000001,06:20:00,06:55:00,64
1404022507,41,91000001,06:55:00,07:35:00,36
1404022519,41,91000001,06:55:00,07:35:00,28
1404022519,2,91000001,07:35:00,08:15:00,64
1404022519,71,91000001,08:15:00,08:50:00,44
1404022713,71,91000001,08:15:00,08:50:00,20
1404022713,48,91000001,08:50:00,09:50:00,64
1404022713,27,91000001,09:50:00,10:25:00,52
1404022711,27,91000001,09:50:00,10:25:00,12
1404022711,64,91000001,10:25:00,11:05:00,64
1404022711,80,91000001,11:05:00,11:40:00,40
1404022729,80,91000001,11:05:00,11:40:00,20
1404022729,65,91000001,11:40:00,12:15:00,64
1404022729,73,91000001,12:15:00,12:50:00,52
1404022703,73,91000001,12:15:00,12:50:00,12
1404022703,42,91000001,12:50:00,13:30:00,60
1404022731,29,92000001,06:35:00,07:35:00,620
1404022731,19,92000001,07:35:00,10:00:00,820
1404022731,67,92000001,10:00:00,12:10:00,645
1404022703,67,91000001,1900-01-10 00:00:00,12:10:00,12
1404022703,78,91000001,12:10:00,13:00:00,46
1404022827,78,91000001,12:10:00,13:00:00,16
1404022827,50,91000001,07:05:00,07:45:00,64
1404022827,57,91000001,07:45:00,08:25:00,54
1404022808,57,91000001,07:45:00,08:25:00,10
1404022808,30,91000001,08:25:00,09:25:00,64
1404022808,51,91000001,09:25:00,10:05:00,60
1404022817,51,91000001,09:25:00,10:05:00,4
1404022817,28,91000001,10:05:00,10:40:00,64
1404022817,1,91000001,10:40:00,11:30:00,64
1404022821,31,91000001,11:30:00,12:10:00,64
1404022821,10,91000001,12:10:00,12:45:00,52
1404022815,10,91000001,12:10:00,12:45:00,12
1404022815,17,91000001,12:45:00,13:20:00,64
1404022915,22,91000001,06:20:00,07:20:00,60
1404022902,22,91000001,06:20:00,07:20:00,4
1404022902,36,91000001,07:20:00,08:00:00,64
1404022902,7,91000001,08:00:00,08:45:00,64
1404022925,56,91000001,08:45:00,09:55:00,64
1404022925,25,91000001,09:55:00,10:25:00,64
1404022925,54,91000001,10:25:00,11:20:00,14
1404023010,54,91000001,10:25:00,11:20:00,50
1404023010,37,91000001,11:20:00,11:55:00,64
1404023010,59,91000001,11:55:00,12:30:00,24
1404023023,59,91000001,11:55:00,12:30:00,40
1404023023,69,91000001,12:30:00,13:10:00,62
1404023023,35,91000001,06:20:00,06:55:00,36
1404023006,35,91000001,06:20:00,06:55:00,28
1404023006,26,91000001,06:55:00,07:45:00,64
1404023006,74,91000001,07:45:00,08:25:00,50
1404023028,74,91000001,07:45:00,08:25:00,14
1404023028,75,91000001,08:25:00,09:25:00,64
1404023028,45,91000001,09:25:00,10:10:00,60
1404023104,45,91000001,09:25:00,10:10:00,4
1404023104,61,91000001,10:10:00,10:45:00,64
1404023104,68,91000001,10:45:00,11:20:00,8
1404023118,8,91000001,11:20:00,11:55:00,56
1404023118,14,91000001,11:55:00,12:35:00,64
1404023118,60,91000001,12:35:00,13:15:00,20
1404023109,60,91000001,12:35:00,13:10:00,42
1404023109,43,91000001,06:15:00,07:00:00,64
1404023109,4,91000001,07:00:00,07:40:00,32
1404023122,4,91000001,07:00:00,07:40:00,30
1404023122,62,91000001,07:40:00,08:20:00,64
1404023122,46,91000001,08:20:00,08:55:00,44
1404023112,46,91000001,08:20:00,08:55:00,20
1404023112,44,91000001,08:55:00,09:50:00,64
1404023112,70,91000001,09:50:00,10:25:00,58
1404030130,70,91000001,09:50:00,10:25:00,6
1404030130,13,91000001,10:25:00,11:00:00,64
1404030130,34,91000001,11:00:00,11:45:00,64
1404030126,34,91000001,11:45:00,12:20:00,64
1404030126,53,91000001,12:20:00,12:55:00,64
1404030126,79,91000001,12:55:00,13:30:00,8
1404030114,79,91000001,12:55:00,13:30:00,52
1404030114,39,91000001,06:15:00,06:50:00,64
1404030114,12,91000001,06:50:00,07:25:00,20
1404030101,12,91000001,06:50:00,07:25:00,44
1404030101,5,91000001,07:25:00,08:00:00,64
1404030101,33,91000001,08:00:00,08:35:00,32
1404030320,33,91000001,08:00:00,08:35:00,32
1404030305,29,91000001,09:35:00,10:10:00,24
1404030305,72,91000001,10:10:00,11:15:00,64
1404030305,55,91000001,11:15:00,11:55:00,50
1404030316,55,91000001,11:15:00,11:55:00,14
1404030316,9,91000001,11:55:00,12:40:00,62
1404030316,78,91000001,12:40:00,13:20:00,56
1404030324,78,91000001,12:40:00,13:20:00,6
1404030324,3,91000001,06:20:00,07:05:00,64
1404030324,65,91000001,10:40:00,12:45:00,32
1404030324,73,91000001,12:45:00,13:20:00,28
1404030329,63,92000001,07:05:00,08:10:00,820
1404030329,49,92000001,08:10:00,09:35:00,820
1404030329,50,92000001,09:35:00,10:40:00,820
1404030329,65,92000001,10:40:00,12:45:00,410
1404030432,73,91000001,12:45:00,13:20:00,36
1404030432,30,91000001,06:20:00,07:10:00,64
1404030432,57,91000001,07:10:00,07:55:00,40
1404030407,57,91000001,07:10:00,07:55:00,24
1404030407,51,91000001,07:55:00,08:35:00,64
1404030407,20,91000001,08:35:00,09:45:00,52
1404030413,20,91000001,08:35:00,09:45:00,12
1404030413,10,91000001,09:45:00,10:30:00,64
1404030413,17,91000001,10:30:00,11:05:00,60
1404030411,17,91000001,10:30:00,11:05:00,4
1404030411,1,91000001,11:05:00,11:40:00,64
1404030411,28,91000001,11:40:00,12:20:00,52
1404030519,28,91000001,11:40:00,12:20:00,12
1404030519,22,91000001,12:20:00,13:10:00,62
1404030519,67,91000001,06:15:00,07:45:00,42
1404030503,67,91000001,06:15:00,07:45:00,22
1404030503,56,91000001,07:45:00,08:20:00,64
1404030503,7,91000001,08:20:00,08:55:00,56
1404030531,7,91000001,08:20:00,08:55:00,8
1404030531,40,91000001,08:55:00,09:55:00,64
1404030531,58,91000001,09:55:00,10:30:00,60
1404030527,58,91000001,09:55:00,10:30:00,4
1404030527,69,91000001,10:30:00,11:05:00,64
1404030527,59,91000001,11:05:00,11:40:00,64
1404030527,37,91000001,11:40:00,12:15:00,6
1404030508,37,91000001,11:40:00,12:15:00,58
1404030508,23,91000001,12:15:00,12:55:00,64
1404030508,74,91000001,12:55:00,13:30:00,18
1404030517,74,91000001,12:55:00,13:30:00,44
1404030517,75,91000001,06:15:00,06:55:00,64
1404030517,14,91000001,06:55:00,07:35:00,28
1404030521,14,91000001,06:55:00,07:35:00,36
1404030521,8,91000001,07:35:00,08:10:00,64
1404030521,68,91000001,08:10:00,08:45:00,36
1404030502,68,91000001,08:10:00,08:45:00,28
1404030502,18,91000001,08:45:00,10:00:00,64
1404030502,60,91000001,10:00:00,11:00:00,48
1404030525,60,91000001,10:00:00,11:00:00,16
1404030525,16,91000001,11:00:00,11:35:00,64
1404030525,66,91000001,11:35:00,12:15:00,56
1404030615,66,91000001,11:35:00,12:15:00,8
1404030615,77,91000001,12:15:00,12:50:00,62
1404030615,38,91000001,12:50:00,13:30:00,64
1404030610,32,91000001,06:15:00,07:00:00,64
1404030610,6,91000001,07:00:00,07:35:00,64
1404030610,24,91000001,07:35:00,08:10:00,12
1404030623,24,91000001,07:35:00,08:10:00,52
1404030623,47,91000001,08:10:00,08:45:00,64
1404030623,41,91000001,08:45:00,09:45:00,4
1404030606,41,91000001,08:45:00,09:45:00,60
1404030606,76,91000001,09:45:00,10:20:00,64
1404030628,62,91000001,10:20:00,10:55:00,64
1404030628,15,91000001,10:55:00,11:40:00,64
1404030628,46,91000001,11:40:00,12:15:00,16
1404030604,46,91000001,11:40:00,12:15:00,48
1404030604,53,91000001,12:15:00,12:50:00,64
1404030604,34,91000001,12:50:00,13:25:00,30
1404030618,34,91000001,12:50:00,13:25:00,32
1404030618,52,91000001,06:20:00,07:00:00,64
1404030618,13,91000001,07:00:00,07:45:00,44
1404030609,13,91000001,07:00:00,07:45:00,20
1404030609,70,91000001,07:45:00,08:30:00,64
1404030609,79,91000001,08:30:00,09:40:00,60
1404030722,79,91000001,08:30:00,09:40:00,4
1404030722,31,91000001,09:40:00,10:20:00,64
1404030722,39,91000001,10:20:00,10:55:00,64
1404030712,42,91000001,10:55:00,11:35:00,64
1404030712,49,91000001,11:35:00,12:15:00,64
1404030712,63,91000001,12:15:00,12:50:00,14
1404030730,63,91000001,12:15:00,12:50:00,50
1404030730,64,91000001,12:50:00,13:30:00,62
1404030730,36,91000001,06:20:00,06:55:00,20
1404030726,36,91000001,06:20:00,06:55:00,44
1404030726,27,91000001,06:55:00,07:30:00,64
1404030726,57,91000001,07:30:00,08:05:00,38
1404030814,57,91000001,07:30:00,08:05:00,26
1404030814,30,91000001,08:05:00,09:25:00,64
1404030814,73,91000001,09:25:00,10:00:00,34
1404030820,73,91000001,09:25:00,10:00:00,30
1404030820,51,91000001,10:00:00,10:35:00,64
1404030820,65,91000001,10:35:00,11:10:00,42
1404030829,65,91000001,10:35:00,11:10:00,22
1404030829,28,91000001,11:10:00,11:45:00,64
1404030829,22,91000001,11:45:00,12:20:00,56
1404030816,22,91000001,11:45:00,12:20:00,8
1404030816,1,91000001,12:20:00,12:55:00,64
1404030816,17,91000001,12:55:00,13:30:00,64
1404030807,10,91000001,13:30:00,14:05:00,64
1404030807,20,91000001,14:35:00,15:30:00,64
1404030807,48,91000001,15:30:00,16:00:00,8
1404031013,48,91000001,15:30:00,16:05:00,56
1404031013,71,91000001,16:05:00,16:45:00,64
1404031013,80,91000001,16:45:00,17:25:00,16
1404031011,80,91000001,16:45:00,17:25:00,48
1404031011,11,91000001,17:25:00,18:00:00,64
1404031011,56,91000001,18:00:00,18:45:00,4
1404031019,56,91000001,18:00:00,18:45:00,60
1404031019,7,91000001,18:45:00,20:15:00,52
1404031003,7,91000001,18:45:00,20:15:00,12
1404031003,50,91000001,20:15:00,21:05:00,63
1404031003,74,91000001,06:20:00,07:00:00,54
1404031127,74,91000001,06:20:00,07:00:00,8
1404031127,37,91000001,07:00:00,07:35:00,64
1404031127,59,91000001,07:35:00,08:15:00,64
1404031131,75,91000001,08:15:00,08:55:00,64
1404031131,23,91000001,08:55:00,10:05:00,64
1404031131,68,91000001,10:05:00,10:45:00,4
1404031108,68,91000001,10:05:00,10:45:00,60
1404031108,14,91000001,10:45:00,11:25:00,64
1404031108,18,91000001,11:20:00,12:00:00,18
1404031102,18,91000001,11:20:00,12:00:00,46
1404031102,2,91000001,12:00:00,12:50:00,64
1404031102,25,91000001,12:50:00,13:30:00,30
1404031117,25,91000001,12:50:00,13:30:00,34
1404031117,38,91000001,14:05:00,14:40:00,64
1404031117,66,91000001,14:40:00,15:15:00,40
1404031121,66,91000001,14:40:00,15:15:00,24
1404031121,16,91000001,15:15:00,15:50:00,64
1404031121,60,91000001,15:50:00,16:25:00,54
1404031225,60,91000001,15:50:00,16:25:00,10
1404031225,54,91000001,16:25:00,17:00:00,64
1404031225,77,91000001,17:00:00,17:35:00,60
1404031210,77,91000001,17:00:00,17:35:00,4
1404031210,26,91000001,17:35:00,18:15:00,64
1404031210,35,91000001,18:15:00,19:00:00,63
1404031206,45,91000001,06:20:00,06:55:00,64
1404031206,21,91000001,06:55:00,07:40:00,64
1404031206,61,91000001,07:40:00,08:15:00,8
1404031228,61,91000001,07:40:00,08:15:00,56
1404031228,33,91000001,08:15:00,08:50:00,64
1404031228,5,91000001,08:50:00,09:55:00,16
1404031223,5,91000001,08:50:00,09:55:00,48
1404031223,12,91000001,09:55:00,10:30:00,64
1404031223,44,91000001,10:30:00,11:05:00,20
1404031304,44,91000001,10:30:00,11:05:00,44
1404031304,4,91000001,11:05:00,11:40:00,64
1404031304,32,91000001,11:40:00,12:20:00,24
1404031318,32,91000001,11:40:00,12:20:00,40
1404031318,43,91000001,12:20:00,13:00:00,60
1404031305,6,92000001,06:20:00,07:00:00,820
1404031305,24,92000001,07:00:00,07:40:00,820
1404031305,47,92000001,07:40:00,08:25:00,820
1404031305,41,92000001,08:25:00,09:30:00,85
1404031318,41,91000001,08:25:00,09:30:00,40
1404031309,41,91000001,08:25:00,09:30:00,16
1404031309,76,91000001,09:30:00,10:05:00,64
1404031309,34,91000001,10:05:00,10:40:00,56
1404031712,34,91000001,10:05:00,10:40:00,8
1404031712,62,91000001,10:40:00,11:20:00,64
1404031712,53,91000001,11:20:00,11:55:00,52
1404031722,53,91000001,11:20:00,11:55:00,4
1404031722,46,91000001,11:55:00,12:30:00,64
1404031722,52,91000001,12:30:00,13:10:00,64
1404031715,15,91000001,06:15:00,07:30:00,64
1404031715,63,91000001,07:30:00,08:05:00,56
1404031732,63,91000001,07:30:00,08:05:00,8
1404031732,49,91000001,08:05:00,08:40:00,64
1404031732,73,91000001,08:40:00,09:35:00,60
1404031724,73,91000001,08:40:00,09:35:00,4
1404031724,10,91000001,09:35:00,10:25:00,64
1404031724,20,91000001,10:25:00,11:00:00,64
1404031801,17,91000001,11:00:00,11:40:00,64
1404031801,22,91000001,11:40:00,12:25:00,64
1404031801,1,91000001,12:25:00,13:00:00,14
1404031830,1,91000001,12:25:00,13:00:00,50
1404031830,48,91000001,13:00:00,13:35:00,62
1404031830,56,91000001,06:15:00,06:50:00,22
1404031826,56,91000001,06:15:00,06:50:00,42
1404031826,80,91000001,06:50:00,07:35:00,64
1404031826,7,91000001,07:35:00,08:40:00,24
1404031820,7,91000001,07:35:00,08:40:00,40
1404031820,64,91000001,08:40:00,09:45:00,64
1404031820,74,91000001,09:45:00,10:30:00,36
1404031929,74,91000001,09:45:00,10:30:00,28
1404031929,68,91000001,10:30:00,11:10:00,64
1404031929,23,91000001,11:10:00,11:45:00,40
1404031914,23,91000001,11:10:00,11:45:00,24
1404031914,37,91000001,11:45:00,12:20:00,64
1404031914,75,91000001,12:20:00,13:00:00,48
1404031907,75,91000001,12:20:00,13:00:00,16
1404031907,14,91000001,13:00:00,13:35:00,64
1404031907,59,91000001,06:20:00,07:00:00,56
1404031913,59,91000001,06:20:00,07:00:00,8
1404031913,13,91000001,07:00:00,07:35:00,64
1404031913,16,91000001,07:35:00,08:35:00,64
1404031913,38,91000001,08:35:00,09:45:00,4
1404031911,38,91000001,08:35:00,09:45:00,60
1404031911,60,91000001,09:45:00,10:25:00,58
1404031919,60,91000001,09:45:00,10:25:00,6
1404031919,21,91000001,10:25:00,11:00:00,64
1404031919,45,91000001,11:00:00,11:40:00,64
1404031919,35,91000001,11:40:00,12:35:00,6
1404031903,35,91000001,11:40:00,12:35:00,58
1404031903,26,91000001,12:35:00,13:10:00,60
1404031927,77,91000001,06:30:00,07:10:00,64
1404031927,54,91000001,07:10:00,07:45:00,64
1404031927,25,91000001,07:45:00,08:25:00,10
1404031931,25,91000001,07:45:00,08:25:00,54
1404031931,28,91000001,08:25:00,09:25:00,64
1404031931,61,91000001,09:25:00,10:00:00,20
1404031908,61,91000001,09:25:00,10:00:00,44
1404031908,51,91000001,10:00:00,11:35:00,64
1404031908,12,91000001,10:35:00,11:20:00,26
1404032102,12,91000001,10:35:00,11:20:00,38
1404032102,66,91000001,11:20:00,11:55:00,64
1404032102,6,91000001,11:55:00,12:30:00,42
1404032117,6,91000001,11:55:00,12:30:00,22
1404032117,65,91000001,12:30:00,13:10:00,64
1404032117,5,91000001,06:20:00,07:15:00,52
1404032121,5,91000001,06:20:00,07:15:00,12
1404032121,2,91000001,07:15:00,08:20:00,64
1404032121,44,91000001,08:20:00,09:30:00,60
1404032116,44,91000001,08:20:00,09:30:00,4
1404032116,4,91000001,09:30:00,10:15:00,64
1404032116,24,91000001,10:15:00,10:50:00,64
1404032116,18,91000001,10:50:00,11:25:00,8
1404032125,18,91000001,10:50:00,11:25:00,56
1404032125,47,91000001,11:25:00,12:15:00,64
1404032125,11,91000001,12:15:00,13:00:00,16
1404032210,11,91000001,12:15:00,13:00:00,48
1404032210,26,91000001,13:00:00,13:35:00,60
1404032226,35,92000001,06:15:00,07:05:00,820
1404032226,29,92000001,07:05:00,07:40:00,820
1404032226,45,92000001,07:40:00,08:45:00,615
1404032210,45,91000001,07:40:00,08:45:00,16
1404032210,72,91000001,08:45:00,09:45:00,12
1404032206,72,91000001,08:45:00,09:45:00,52
1404032206,77,91000001,09:45:00,10:20:00,64
1404032206,21,91000001,10:20:00,11:00:00,6
1404032223,21,91000001,10:20:00,11:00:00,58
1404032223,25,91000001,11:00:00,11:35:00,64
1404032223,54,91000001,11:35:00,12:30:00,14
1404032228,54,91000001,11:35:00,12:30:00,50
1404032228,65,91000001,12:30:00,13:15:00,64
1404032528,55,91000001,06:30:00,07:15:00,22
1404032518,55,91000001,06:30:00,07:15:00,42
1404032518,6,91000001,07:15:00,07:50:00,64
1404032518,66,91000001,07:50:00,08:15:00,32
1404032509,66,91000001,07:50:00,08:15:00,32
1404032509,12,91000001,08:15:00,08:50:00,64
1404032509,51,91000001,08:50:00,10:00:00,44
1404032512,51,91000001,08:50:00,10:00:00,20
1404032512,61,91000001,10:00:00,10:35:00,64
1404032512,28,91000001,10:35:00,11:10:00,52
1404032505,28,91000001,10:35:00,11:10:00,12
1404032505,9,91000001,11:10:00,11:45:00,64
1404032505,41,91000001,11:45:00,12:20:00,64
1404032522,41,91000001,11:45:00,12:20:00,4
1404032522,3,91000001,12:20:00,12:55:00,62
1404032522,78,91000001,12:55:00,13:30:00,64
1404032522,31,91000001,14:05:00,14:55:00,8
1404032615,31,91000001,14:05:00,14:55:00,56
1404032615,79,91000001,14:55:00,15:30:00,64
1404032615,8,91000001,15:30:00,16:20:00,14
1404032632,8,91000001,15:30:00,16:20:00,50
1404032632,70,91000001,16:20:00,17:20:00,64
1404032632,69,91000001,17:20:00,18:00:00,4
1404032601,69,91000001,17:20:00,18:00:00,60
1404032601,58,91000001,18:00:00,18:55:00,60
1404032624,58,91000001,18:00:00,18:55:00,4
1404032624,40,91000001,18:55:00,20:00:00,64
1404032624,39,91000001,20:00:00,20:35:00,64
1404032624,67,91000001,20:35:00,21:10:00,4
1404032630,67,91000001,20:35:00,21:10:00,60
1404032730,42,91000001,06:20:00,07:00:00,64
1404032704,60,91000001,07:00:00,07:40:00,64
1404032704,26,91000001,07:40:00,08:30:00,64
1404032720,19,91000001,08:30:00,09:30:00,64
1404032720,70,91000001,09:30:00,10:05:00,64
1404032720,50,91000001,10:05:00,10:40:00,4
1404032729,50,91000001,10:05:00,10:40:00,60
1404032729,32,91000001,10:40:00,11:20:00,64
1404032729,43,91000001,11:20:00,12:10:00,10
1404032714,43,91000001,11:20:00,12:10:00,52
1404032714,33,91000001,12:10:00,12:40:00,64
1404032714,57,91000001,12:40:00,13:20:00,18
1404032807,57,91000001,12:40:00,13:20:00,42
1404032807,27,91000001,06:20:00,07:05:00,64
1404032807,16,91000001,07:05:00,07:55:00,20
1404032813,16,91000001,07:05:00,07:55:00,44
1404032813,34,91000001,07:55:00,08:30:00,64
1404032813,38,91000001,08:30:00,09:35:00,26
1404032819,38,91000001,08:30:00,09:35:00,38
1404032819,62,91000001,09:35:00,10:10:00,64
1404032819,76,91000001,10:10:00,10:45:00,30
1404032811,76,91000001,10:10:00,10:45:00,34
1404032811,73,91000001,10:45:00,11:20:00,64
1404032811,49,91000001,11:20:00,11:55:00,20
1404032903,49,91000001,11:20:00,11:55:00,44
1404032903,15,91000001,11:55:00,12:30:00,64
1404032903,63,91000001,12:30:00,13:10:00,30
1404032927,63,91000001,12:30:00,13:10:00,30
1404032927,46,91000001,06:15:00,06:50:00,64
1404032927,52,91000001,06:50:00,07:30:00,32
1404032931,52,91000001,06:50:00,07:30:00,32
1404032931,10,91000001,07:30:00,08:25:00,64
1404032931,53,91000001,08:25:00,09:25:00,34
1404032902,53,91000001,08:25:00,09:25:00,30
1404032902,30,91000001,09:25:00,10:00:00,64
1404032902,20,91000001,10:00:00,10:35:00,40
1404033125,20,91000001,10:00:00,10:35:00,24
1404033125,2,91000001,10:35:00,11:10:00,64
1404033125,5,91000001,11:10:00,11:50:00,42
1404033116,5,91000001,11:10:00,11:50:00,22
1404033116,26,91000001,11:50:00,12:25:00,64
1404033116,11,91000001,12:25:00,07:25:00,52
1404033121,11,91000001,12:25:00,13:10:00,12
1404033121,47,91000001,07:25:00,08:00:00,64
1404033121,18,91000001,08:00:00,08:35:00,36
1404033106,18,91000001,08:00:00,08:35:00,28
1404033106,24,91000001,08:35:00,09:45:00,64
1404033106,4,91000001,09:45:00,10:20:00,44
1404040126,4,91000001,09:45:00,10:20:00,20
1404040126,17,91000001,10:20:00,11:00:00,64
1404040126,35,91000001,11:00:00,11:35:00,48
1404040123,35,91000001,11:00:00,11:35:00,16
1404040123,1,91000001,11:35:00,12:20:00,64
1404040123,22,91000001,12:20:00,13:00:00,60
1404040118,22,91000001,12:20:00,13:00:00,4
1404040118,45,91000001,13:00:00,13:35:00,64
1404040118,67,91000001,07:05:00,07:45:00,64
1404040128,39,91000001,07:45:00,08:30:00,64
1404040128,40,91000001,08:30:00,10:00:00,64
1404040128,69,91000001,10:00:00,11:00:00,4
1404040109,69,91000001,10:00:00,11:00:00,60
1404040109,80,91000001,11:00:00,11:35:00,64
1404040109,58,91000001,11:35:00,12:10:00,14
1404040212,58,91000001,11:35:00,12:10:00,50
1404040212,48,91000001,12:10:00,12:45:00,64
1404040212,36,91000001,12:45:00,13:25:00,20
1404040205,36,91000001,12:45:00,13:25:00,40
1404040205,60,91000001,07:35:00,08:10:00,64
1404040205,57,91000001,08:10:00,08:50:00,24
1404040222,57,91000001,08:10:00,08:50:00,40
1404040222,43,91000001,08:50:00,09:55:00,64
1404040222,33,91000001,09:55:00,10:35:00,16
1404040215,33,91000001,09:55:00,10:35:00,48
1404040215,50,91000001,10:35:00,11:10:00,60
1404040215,19,91000001,11:10:00,11:45:00,22
1404040301,19,91000001,11:10:00,11:45:00,42
1404040301,32,91000001,11:45:00,12:25:00,64
1404040301,29,91000001,12:25:00,13:10:00,32
1404040317,29,91000001,12:25:00,13:10:00,30
1404040317,7,91000001,06:15:00,07:00:00,64
1404040317,71,91000001,07:00:00,07:45:00,44
1404040324,71,91000001,07:00:00,07:45:00,20
1404040324,63,91000001,07:45:00,08:20:00,64
1404040324,15,91000001,08:20:00,08:55:00,54
1404040330,15,91000001,08:20:00,08:55:00,10
1404040330,49,91000001,08:55:00,10:10:00,64
1404040330,76,91000001,10:10:00,10:45:00,60
1404040404,76,91000001,10:10:00,10:45:00,4
1404040404,23,91000001,10:45:00,12:00:00,64
1404040404,68,91000001,12:00:00,13:00:00,64
1404040404,74,91000001,13:00:00,13:35:00,6
1404040420,74,91000001,13:00:00,13:35:00,58
1404040420,64,91000001,06:30:00,07:10:00,64
1404040420,44,91000001,07:10:00,07:45:00,16
1404040414,44,91000001,07:10:00,07:45:00,48
1404040414,13,91000001,07:45:00,08:50:00,64
1404040414,59,91000001,08:50:00,09:55:00,26
1404040402,59,91000001,08:50:00,09:55:00,38
1404040402,14,91000001,09:55:00,10:35:00,64
1404040402,72,91000001,10:35:00,11:20:00,36
1404040529,72,91000001,10:35:00,11:20:00,28
1404040529,37,91000001,11:20:00,12:00:00,64
1404040529,77,91000001,12:00:00,12:45:00,50
1404040507,77,91000001,12:00:00,12:45:00,14
1404040507,75,91000001,06:55:00,07:30:00,56
1404040511,75,91000001,06:55:00,07:30:00,8
1404040511,21,91000001,07:30:00,08:05:00,64
1404040511,65,91000001,08:05:00,08:40:00,52
1404040531,65,91000001,08:05:00,08:40:00,12
1404040531,61,91000001,08:40:00,09:40:00,64
1404040531,51,91000001,09:40:00,10:35:00,60
1404040719,51,91000001,09:40:00,10:25:00,4
1404040719,12,91000001,10:25:00,11:10:00,60
1404040719,66,91000001,11:10:00,11:50:00,54
1404040713,66,91000001,11:10:00,11:50:00,10
1404040713,6,91000001,11:50:00,12:30:00,64
1404040713,62,91000001,12:30:00,13:10:00,42
1404040703,62,91000001,12:30:00,13:10:00,22
1404040710,73,92000001,06:20:00,07:00:00,820
1404040710,28,92000001,07:00:00,07:35:00,820
1404040710,55,92000001,07:35:00,08:40:00,625
1404040703,55,91000001,07:35:00,08:40:00,8
1404040703,45,91000001,08:40:00,10:00:00,64
1404040703,22,91000001,10:00:00,11:00:00,38
1404040725,22,91000001,10:00:00,11:00:00,26
1404040725,56,91000001,11:00:00,12:10:00,64
1404040816,39,91000001,12:10:00,12:45:00,62
1404040816,67,91000001,12:45:00,13:20:00,58
1404040821,67,91000001,12:45:00,13:20:00,4
1404040821,3,91000001,06:50:00,07:30:00,64
1404040821,31,91000001,07:30:00,08:05:00,60
1404040827,unknown,91000001,07:30:00,08:05:00,4
1404040827,78,91000001,08:05:00,08:40:00,1900-03-04 00:00:00
1404040827,27,91000001,08:40:00,09:55:00,62
1404040827,48,91000001,09:55:00,10:30:00,10
1404040806,48,91000001,09:55:00,10:30:00,54
1404040806,58,91000001,10:30:00,11:15:00,64
1404040806,80,91000001,11:15:00,11:50:00,16
1404040923,80,91000001,11:15:00,11:50:00,48
1404040923,57,91000001,11:50:00,12:30:00,64
1404040923,60,91000001,12:30:00,13:10:00,28
1404040926,60,91000001,12:30:00,13:10:00,36
1404040926,79,91000001,07:00:00,07:35:00,64
1404040926,43,91000001,07:35:00,08:10:00,32
1404040918,43,91000001,07:35:00,08:10:00,32
1404040918,70,91000001,08:10:00,08:45:00,64
1404040918,8,91000001,08:45:00,10:00:00,38
1404040928,8,91000001,08:45:00,10:00:00,26
1404040928,29,91000001,10:00:00,10:45:00,64
1404040928,32,91000001,10:45:00,11:35:00,32
1404040909,32,91000001,10:45:00,11:35:00,32
1404040909,42,91000001,11:35:00,12:15:00,62
1404040909,71,91000001,12:15:00,12:50:00,36
1404040912,71,91000001,12:15:00,12:50:00,28
1404040912,7,91000001,12:45:00,13:20:00,64
1404040912,19,91000001,06:20:00,07:15:00,44
1404040908,19,91000001,06:20:00,07:15:00,20
1404040908,63,91000001,07:15:00,07:50:00,60
1404040908,16,91000001,07:50:00,08:30:00,54
1404040905,16,91000001,07:50:00,08:30:00,10
1404040905,74,91000001,08:30:00,09:35:00,64
1404040905,68,91000001,09:35:00,10:20:00,52
1404040922,68,91000001,09:35:00,10:20:00,12
1404040922,23,91000001,10:20:00,11:00:00,64
1404040922,52,91000001,11:00:00,11:40:00,62
1404040922,38,91000001,11:40:00,12:35:00,4
1404041015,38,91000001,11:40:00,12:35:00,60
1404041015,22,91000001,12:35:00,13:15:00,64
1404041015,34,91000001,06:15:00,07:20:00,10
1404041001,34,91000001,06:15:00,07:20:00,54
1404041001,5,91000001,07:20:00,07:55:00,64
1404041001,2,91000001,07:55:00,08:25:00,16
1404041030,2,91000001,07:55:00,08:25:00,48
1404041030,20,91000001,08:25:00,09:30:00,64
1404041030,30,91000001,09:30:00,10:05:00,20
1404041004,30,91000001,09:30:00,10:05:00,44
1404041004,26,91000001,10:05:00,10:45:00,62
1404041004,54,91000001,10:45:00,12:00:00,22
1404041017,54,91000001,10:45:00,12:00:00,42
1404041017,53,91000001,12:00:00,12:40:00,64
1404041017,64,91000001,12:40:00,13:20:00,22
1404041024,64,91000001,12:40:00,13:20:00,42
1404041010,46,92000001,06:20:00,06:55:00,800
1404041010,10,92000001,06:55:00,07:30:00,800
1404041010,13,92000001,07:30:00,08:05:00,800
1404041010,25,92000001,08:05:00,08:50:00,540
1404041024,25,91000001,08:05:00,08:50:00,20
1404041024,77,91000001,08:50:00,09:55:00,64
1404041020,37,91000001,09:55:00,10:30:00,64
1404041020,11,91000001,10:30:00,11:10:00,64
1404041020,41,91000001,11:10:00,12:00:00,8
1404041114,41,91000001,11:10:00,12:00:00,56
1404041114,47,91000001,12:00:00,12:35:00,64
1404041114,18,91000001,12:35:00,13:15:00,14
1404041102,18,91000001,12:35:00,13:15:00,50
1404041102,24,91000001,06:15:00,06:55:00,60
1404041102,17,91000001,06:55:00,07:30:00,24
1404041129,17,91000001,06:55:00,07:30:00,40
1404041129,4,91000001,07:30:00,08:20:00,64
1404041129,67,91000001,08:20:00,09:30:00,26
1404041107,67,91000001,08:20:00,09:30:00,38
1404041107,35,91000001,09:30:00,10:20:00,64
1404041107,73,91000001,10:20:00,11:05:00,24
1404041231,73,91000001,11:05:00,12:10:00,40
1404041231,3,91000001,11:05:00,12:10:00,62
1404041231,60,91000001,12:10:00,12:45:00,34
1404041213,60,91000001,12:10:00,12:45:00,30
1404041213,57,91000001,12:45:00,13:20:00,64
1404041213,80,91000001,14:05:00,14:40:00,46
1404041225,80,91000001,14:05:00,14:40:00,18
1404041225,58,91000001,14:40:00,15:15:00,64
1404041225,48,91000001,15:15:00,16:00:00,52
1404041603,48,91000001,15:15:00,16:00:00,12
1404041603,36,91000001,16:00:00,16:35:00,62
1404041603,9,91000001,16:35:00,17:10:00,64
1404041603,79,91000001,17:10:00,17:45:00,4
1404041616,79,91000001,17:10:00,17:45:00,60
1404041616,70,91000001,17:45:00,18:40:00,64
1404041616,43,91000001,18:40:00,19:50:00,14
1404041611,43,91000001,18:45:00,19:50:00,50
1404041611,28,91000001,19:50:00,20:25:00,64
1404041611,7,91000001,20:25:00,21:00:00,10
1404041621,7,91000001,20:25:00,21:00:00,52
1404041621,40,91000001,21:00:00,21:35:00,60
1404041621,71,91000001,06:20:00,07:10:00,12
1404041727,71,91000001,06:20:00,07:10:00,52
1404041727,42,91000001,07:10:00,08:15:00,64
1404041727,29,91000001,08:15:00,08:50:00,14
1404041706,29,91000001,08:15:00,08:50:00,50
1404041706,69,91000001,08:50:00,10:05:00,64
1404041706,8,91000001,10:05:00,12:45:00,16
1404041723,8,91000001,10:05:00,12:45:00,48
1404041723,19,91000001,12:45:00,13:25:00,62
1404041723,16,91000001,13:25:00,14:40:00,18
1404041732,16,91000001,13:25:00,14:40:00,46
1404041732,63,91000001,14:40:00,15:15:00,64
1404041732,32,91000001,15:15:00,15:55:00,24
1404041709,32,91000001,15:15:00,15:55:00,40
1404041709,33,91000001,15:55:00,16:35:00,64
1404041709,27,91000001,16:35:00,17:15:00,24
1404041726,27,91000001,16:35:00,17:15:00,40
1404041726,38,91000001,17:15:00,17:50:00,62
1404041726,52,91000001,17:50:00,18:25:00,32
1404041828,52,91000001,17:50:00,18:25:00,32
1404041828,23,91000001,18:25:00,19:25:00,64
1404041828,68,91000001,19:25:00,20:10:00,42
1404041818,68,91000001,19:25:00,20:10:00,22
1404041818,50,91000001,20:10:00,20:45:00,64
1404041818,74,91000001,20:45:00,21:20:00,52
1404041805,74,91000001,20:45:00,21:20:00,12
1404041805,15,91000001,06:20:00,07:15:00,64
1404041805,55,91000001,07:15:00,08:00:00,48
1404041812,55,91000001,07:15:00,08:00:00,16
1404041812,76,91000001,08:00:00,08:55:00,64
1404041812,49,91000001,08:55:00,10:00:00,60
1404041808,49,91000001,08:55:00,10:00:00,4
1404041808,44,91000001,10:00:00,10:40:00,62
1404041808,65,91000001,10:40:00,11:20:00,58
1404041922,65,91000001,10:40:00,11:20:00,6
1404041922,21,91000001,11:20:00,12:00:00,64
1404041922,75,91000001,12:00:00,12:40:00,56
1404041915,75,91000001,12:00:00,12:40:00,8
1404041915,72,91000001,12:40:00,13:20:00,62
1404041915,14,91000001,06:20:00,07:00:00,52
1404041930,61,91000001,07:40:00,08:30:00,14
1404041930,51,91000001,08:30:00,09:45:00,64
1404041930,66,91000001,09:45:00,11:00:00,50
1404041904,66,91000001,09:45:00,11:00:00,14
1404041904,12,91000001,11:00:00,11:40:00,64
1404041904,6,91000001,11:40:00,12:20:00,52
1404042124,6,91000001,11:40:00,12:20:00,12
1404042124,26,91000001,12:20:00,13:10:00,64
1404042110,30,92000001,06:20:00,06:55:00,800
1404042110,20,92000001,06:55:00,07:30:00,800
1404042110,2,92000001,07:30:00,08:05:00,800
1404042110,5,92000001,08:05:00,08:50:00,265
1404042124,5,91000001,08:05:00,08:50:00,40
1404042124,54,91000001,08:50:00,10:15:00,16
1404042120,54,91000001,08:50:00,10:05:00,48
1404042120,34,91000001,10:15:00,10:50:00,64
1404042120,53,91000001,10:50:00,11:25:00,30
1404042114,53,91000001,10:50:00,11:25:00,34
1404042114,62,91000001,11:25:00,12:00:00,64
1404042114,45,91000001,12:00:00,12:50:00,40
1404042202,45,91000001,12:00:00,12:50:00,24
1404042202,15,91000001,12:50:00,13:30:00,60
1404042202,25,91000001,06:20:00,06:55:00,60
1404042329,25,91000001,06:20:00,06:55:00,4
1404042329,13,91000001,06:55:00,07:35:00,64
1404042329,74,91000001,07:35:00,08:20:00,64
1404042329,50,91000001,08:20:00,08:55:00,6
1404042307,50,91000001,08:20:00,08:55:00,58
1404042307,68,91000001,08:55:00,10:05:00,64
1404042307,55,91000001,10:05:00,10:55:00,16
1404042331,55,91000001,10:05:00,10:55:00,48
1404042331,23,91000001,10:55:00,11:30:00,64
1404042331,63,91000001,11:30:00,12:05:00,28
1404042313,63,91000001,11:30:00,12:05:00,36
1404042313,44,91000001,12:05:00,12:40:00,64
1404042313,49,91000001,12:40:00,13:20:00,44
1404042325,49,91000001,12:40:00,13:20:00,20
1404042325,10,91000001,06:20:00,06:55:00,64
1404042325,59,91000001,06:55:00,07:30:00,54
1404042403,59,91000001,06:55:00,07:30:00,12
1404042403,16,91000001,07:30:00,08:05:00,64
1404042403,14,91000001,08:05:00,08:40:00,64
1404042403,72,91000001,08:40:00,09:40:00,6
1404042416,72,91000001,08:40:00,09:40:00,58
1404042416,75,91000001,09:40:00,10:20:00,64
1404042416,21,91000001,10:20:00,10:55:00,22
1404042411,21,91000001,10:20:00,10:55:00,42
1404042411,61,91000001,10:55:00,11:30:00,64
1404042411,46,91000001,11:30:00,12:05:00,30
1404042421,46,91000001,11:30:00,12:05:00,34
1404042421,66,91000001,12:05:00,12:40:00,64
1404042421,71,91000001,12:40:00,13:15:00,22
1404042427,71,91000001,12:40:00,13:15:00,40
1404042527,51,91000001,06:20:00,07:05:00,64
1404042527,58,91000001,07:05:00,07:40:00,30
1404042506,58,91000001,07:05:00,07:40:00,34
1404042506,12,91000001,07:40:00,08:15:00,64
1404042506,9,91000001,08:15:00,09:25:00,44
1404042523,9,91000001,08:15:00,09:25:00,20
1404042523,79,91000001,09:25:00,10:10:00,64
1404042523,7,91000001,10:10:00,10:55:00,56
1404042632,7,91000001,10:10:00,10:55:00,8
1404042632,80,91000001,10:55:00,11:30:00,64
1404042632,56,91000001,11:30:00,12:10:00,64
1404042609,22,91000001,12:10:00,12:45:00,62
1404042609,1,91000001,12:45:00,13:20:00,62
1404042611,11,91000001,06:15:00,07:00:00,64
1404042611,78,91000001,07:00:00,07:35:00,64
1404042611,77,91000001,07:35:00,08:15:00,10
1404042618,77,91000001,07:35:00,08:15:00,54
1404042618,37,91000001,08:15:00,08:55:00,64
1404042618,31,91000001,08:55:00,09:55:00,6
1404042605,31,91000001,08:55:00,09:55:00,58
1404042605,39,91000001,09:55:00,10:40:00,62
1404042605,41,91000001,10:40:00,11:20:00,6
1404042612,41,91000001,10:40:00,11:20:00,58
1404042612,30,91000001,11:20:00,12:05:00,64
1404042612,36,91000001,12:05:00,12:45:00,10
1404042608,36,91000001,12:05:00,12:45:00,54
1404042608,15,91000001,12:45:00,13:20:00,64
1404042824,48,92000001,06:25:00,07:10:00,800
1404042824,45,92000001,07:10:00,08:30:00,800
1404042824,62,92000001,08:30:00,10:35:00,800
1404042824,70,92000001,10:35:00,13:00:00,400
1404042822,70,91000001,10:35:00,13:00:00,29
1404042822,53,91000001,06:15:00,06:55:00,64
1404042822,34,91000001,06:55:00,07:45:00,32
1404042815,34,91000001,06:55:00,07:45:00,32
1404042815,54,91000001,07:45:00,08:35:00,64
1404042815,35,91000001,08:35:00,09:40:00,26
1404042801,35,91000001,08:35:00,09:40:00,38
1404042801,74,91000001,09:40:00,10:15:00,64
1404042801,25,91000001,10:15:00,10:55:00,26
1404042830,25,91000001,10:15:00,10:55:00,38
1404042830,44,91000001,10:55:00,11:35:00,62
1404042830,50,91000001,11:35:00,12:20:00,32
1404042904,50,91000001,11:35:00,12:20:00,32
1404042904,5,91000001,12:20:00,12:55:00,64
1404042904,20,91000001,12:55:00,13:30:00,40
1404042928,20,91000001,12:55:00,13:30:00,24
1404042928,23,91000001,06:15:00,06:50:00,60
1404042928,55,91000001,06:50:00,07:40:00,40
1404042914,55,91000001,06:50:00,07:40:00,24
1404042914,63,91000001,07:40:00,08:30:00,64
1404042914,49,91000001,08:30:00,09:40:00,52
1404042920,49,91000001,08:30:00,09:40:00,12
1404042920,16,91000001,08:30:00,09:40:00,62
1404042920,59,91000001,10:15:00,10:55:00,64
1404042910,66,91000001,10:55:00,11:40:00,64
1404042910,14,91000001,11:40:00,12:25:00,56
1404043002,14,91000001,11:40:00,12:25:00,8
1404043002,46,91000001,12:25:00,13:00:00,64
1404043002,61,91000001,13:00:00,13:35:00,63
1404043007,21,91000001,06:25:00,07:05:00,64
1404043007,71,91000001,07:05:00,07:50:00,60
1404043129,58,91000008,08:45:00,09:25:00,64
1404043129,2,91000001,09:25:00,11:00:00,64
1404043129,12,91000001,11:00:00,11:40:00,10
1404043131,12,91000008,11:00:00,11:40:00,54
1404043131,22,91000008,11:40:00,12:50:00,64
1404043131,80,91000008,12:50:00,13:30:00,16
1404043113,80,91000008,12:50:00,13:30:00,42
1404050113,56,91000001,06:25:00,07:00:00,64
1404050113,79,91000001,07:00:00,07:30:00,26
1404050125,79,91000001,07:00:00,07:30:00,38
1404050125,7,91000001,07:35:00,08:15:00,64
1404050125,40,91000001,08:15:00,08:55:00,16
1404050103,40,91000001,08:15:00,08:55:00,48
1404050103,28,91000001,08:55:00,09:55:00,64
1404050103,43,91000001,09:55:00,10:35:00,24
1404050116,43,91000001,09:55:00,10:35:00,40
1404050116,1,91000001,10:35:00,11:15:00,64
1404050116,38,91000001,11:15:00,11:55:00,32
1404050111,38,91000001,11:15:00,11:55:00,32
1404050111,23,91000001,11:55:00,12:45:00,64
1404050111,32,91000001,12:45:00,13:20:00,28
1404050221,32,91000001,12:45:00,13:20:00,36
1404050221,19,91000001,06:15:00,07:15:00,64
1404050221,8,91000001,07:15:00,07:50:00,20
1404050227,8,91000001,07:15:00,07:50:00,44
1404050227,69,91000001,07:50:00,08:30:00,64
1404050227,29,91000001,08:30:00,09:30:00,16
1404050406,29,91000001,08:30:00,09:30:00,48
1404050406,42,91000001,09:30:00,10:05:00,62
1404050406,77,91000001,10:05:00,10:45:00,30
1404050409,77,91000001,10:05:00,10:45:00,34
1404050409,78,91000001,10:45:00,11:20:00,64
1404050409,11,91000001,11:20:00,,44
1404050423,11,91000001,11:20:00,11:55:00,20
1404050423,37,91000001,11:55:00,12:35:00,62
1404050423,15,91000001,12:35:00,13:15:00,52
1404050432,15,91000001,12:35:00,13:20:00,11
1404050532,36,91000001,06:20:00,06:55:00,64
1404050532,30,91000001,06:55:00,07:30:00,64
1404050532,41,91000001,07:30:00,08:05:00,
1404050526,41,91000001,07:30:00,08:05:00,56
1404050526,52,91000001,08:05:00,08:40:00,64
1404050526,27,91000001,08:40:00,09:35:00,22
1404050512,27,91000001,08:40:00,09:35:00,42
1404050512,20,91000001,09:35:00,10:10:00,64
1404050512,49,91000001,10:10:00,10:45:00,32
1404050524,49,91000001,10:10:00,10:45:00,32
1404050524,63,91000001,10:45:00,11:40:00,64
1404050524,61,91000001,11:40:00,12:30:00,42
1404050505,61,91000001,11:40:00,12:30:00,20
1404050505,46,91000001,12:30:00,13:10:00,64
1404050605,45,91000001,06:15:00,07:10:00,52
1404050622,45,91000001,06:15:00,07:10:00,12
1404050622,58,91000001,07:10:00,07:45:00,64
1404050622,12,91000001,07:45:00,08:20:00,64
1404050622,22,91000001,08:20:00,09:25:00,4
1404050618,22,91000001,08:20:00,09:25:00,60
1404050618,2,91000001,09:25:00,10:00:00,64
1404050615,80,91000001,06:15:00,07:00:00,64
1404050615,3,91000001,07:00:00,07:35:00,64
1404050615,67,91000001,07:35:00,08:20:00,10
1404050730,67,91000001,07:35:00,08:20:00,50
1404050730,4,91000001,08:20:00,09:55:00,64
1404050730,17,91000001,09:55:00,10:30:00,22
1404050701,17,91000001,09:55:00,10:30:00,40
1404050701,24,91000001,10:30:00,11:10:00,60
1404050701,47,91000001,06:20:00,07:15:00,6
1404050704,47,91000001,06:20:00,07:15:00,54
1404050704,60,91000001,07:15:00,07:50:00,60
1404050704,57,91000001,07:50:00,08:25:00,18
1404050710,57,91000001,07:50:00,08:25:00,46
1404050710,18,91000001,08:25:00,09:35:00,64
1404050710,75,91000001,09:35:00,10:15:00,20
1404050814,75,91000001,09:35:00,10:15:00,44
1404050814,64,91000001,10:15:00,10:50:00,64
1404050814,39,91000001,10:50:00,11:25:00,26
1404050828,39,91000001,10:50:00,11:25:00,38
1404050828,31,91000001,11:25:00,12:10:00,61
1404050828,10,91000001,06:15:00,06:55:00,40
1404050802,10,91000001,06:15:00,06:55:00,24
1404050802,9,91000001,06:55:00,09:50:00,64
1404050802,65,91000001,09:50:00,10:25:00,48
1404050929,65,91000001,09:50:00,10:25:00,16
1404050929,70,91000001,10:25:00,11:10:00,64
1404050929,76,91000001,06:15:00,07:00:00,56
1404050907,76,91000001,06:15:00,07:00:00,8
1404050907,71,91000001,07:00:00,08:20:00,64
1404050907,14,91000001,08:20:00,09:25:00,60
1404050931,14,91000001,08:20:00,09:25:00,4
1404050931,16,91000001,09:25:00,10:05:00,64
1404050931,55,91000001,10:05:00,10:45:00,64
1404050913,23,91000001,10:45:00,11:20:00,64
1404051113,59,91000001,06:20:00,07:25:00,64
1404051113,40,91000001,07:25:00,08:00:00,8
1404051125,40,91000001,07:25:00,08:00:00,56
1404051125,5,91000001,08:00:00,08:45:00,64
1404051125,24,91000001,08:45:00,09:45:00,16
1404051211,24,91000001,08:45:00,09:45:00,48
1404051211,79,91000001,09:45:00,10:20:00,64
1404051211,56,91000001,10:20:00,11:00:00,8
1404051221,56,91000001,10:20:00,11:00:00,56
1404051221,32,91000001,11:00:00,11:35:00,64
1404051221,7,91000001,11:35:00,12:10:00,18
1404051227,7,91000001,11:35:00,12:10:00,44
1404051327,72,91000001,06:20:00,07:00:00,64
1404051327,60,91000001,07:00:00,07:50:00,26
1404051306,60,91000001,07:00:00,07:50:00,38
1404051306,48,91000001,09:45:00,10:35:00,64
1404051306,62,91000001,10:00:00,11:15:00,32
1404051323,62,91000001,10:35:00,11:15:00,32
1404051323,31,91000001,11:15:00,11:50:00,62
1404051323,39,91000001,11:50:00,12:30:00,38
140/4579109,39,91000001,11:50:00,12:30:00,26
140/4579109,57,91000001,12:30:00,13:10:00,60
1404051409,51,91000001,06:15:00,07:00:00,54
1404051432,51,91000001,06:15:00,07:00:00,10
1404051432,8,91000001,07:00:00,07:50:00,64
1404051432,9,91000001,07:50:00,08:45:00,48
1404051526,9,91000001,07:50:00,08:45:00,16
1404051526,69,91000001,08:45:00,09:45:00,64
1404051526,37,91000001,09:45:00,10:20:00,56
1404051516,37,91000001,09:45:00,10:20:00,16
1404051516,11,91000001,10:20:00,11:00:00,64
1404051516,78,91000001,11:00:00,11:40:00,64
1404051512,77,91000001,11:40:00,12:20:00,64
1404051512,42,91000001,12:15:00,13:10:00,64
1404051605,19,91000001,06:20:00,06:55:00,64
1404051605,29,91000001,06:55:00,07:30:00,64
1404051605,13,91000001,07:30:00,08:20:00,10
1404051618,13,91000001,07:30:00,08:20:00,54
1404051618,6,91000001,08:20:00,09:25:00,64
1404051618,21,91000001,09:25:00,10:00:00,20
1404051603,21,91000001,09:25:00,10:00:00,44
1404051603,66,91000001,10:00:00,10:50:00,64
1404051603,28,91000001,10:50:00,11:30:00,24
1404051620,28,91000001,10:50:00,11:30:00,38
1404051820,1,91000001,06:20:00,07:20:00,64
1404051820,38,91000001,07:20:00,08:00:00,34
1404051822,38,91000001,07:20:00,08:00:00,30
1404051822,43,91000001,08:00:00,08:40:00,62
1404051822,34,91000001,08:40:00,09:50:00,34
1404051834,34,91000001,8:/40,09:50:00,30
1404051834,53,91000001,09:50:00,11:00:00,64
1404051834,73,91000001,11:00:00,11:40:00,20
1404051915,73,91000001,11:00:00,11:40:00,44
1404051915,26,91000001,11:40:00,12:15:00,64
1404051915,3,91000001,12:15:00,13:10:00,24
14040519/19,3,91000001,12:15:00,13:10:00,38
1404051919,64,91000001,06:55:00,07:40:00,64
1404051919,75,91000001,07:40:00,08:25:00,30
1404051930,75,91000001,07:40:00,08:25:00,34
1404051930,18,91000001,08:25:00,09:00:00,63
1404052030,47,91000001,06:20:00,07:10:00,44
1404052001,47,91000001,06:20:00,07:10:00,20
1404052001,10,91000001,07:10:00,07:45:00,64
1404052001,17,91000001,07:45:00,08:25:00,60
1404052014,17,91000001,07:45:00,08:25:00,4
1404052014,4,91000001,08:25:00,09:30:00,64
1404052014,65,91000001,09:30:00,10:05:00,64
1404052010,80,91000008,08:10:00,08:50:00,64
1404052010,67,91000008,08:50:00,10:00:00,64
1404052010,33,91000008,10:00:00,10:35:00,12
1404052028,33,91000008,10:00:00,10:35:00,52
1404052028,77,91000008,10:35:00,11:40:00,62
1404052028,76,91000001,11:40:00,12:20:00,20
1404052004,76,91000001,11:40:00,12:20:00,40
1404052104,14,91000001,10:30:00,11:15:00,60
1404052104,23,91000001,11:15:00,11:55:00,40
1404052117,23,91000001,11:15:00,11:55:00,22
1404052117,26,91000001,11:55:00,12:30:00,64
1404052117,55,91000001,12:30:00,13:10:00,56
1404052102,55,91000001,12:30:00,13:10:00,6
1404052102,59,91000001,06:25:00,07:25:00,64
1404052102,40,91000001,07:25:00,08:00:00,64
1404052102,24,91000001,08:00:00,08:45:00,6
1404052107,24,91000001,08:00:00,08:45:00,56
1404052107,79,91000001,08:45:00,10:45:00,62
1404052107,70,91000001,10:40:00,11:15:00,22
1404052229,70,91000001,10:40:00,11:15:00,42
1404052229,72,91000001,11:15:00,12:00:00,62
1404052229,60,91000001,06:20:00,06:55:00,34
1404052231,60,91000001,06:20:00,06:55:00,30
1404052231,48,91000001,06:55:00,07:30:00,64
1404052231,31,91000001,07:30:00,08:05:00,52
1404052221,31,91000001,07:30:00,08:05:00,12
1404052221,62,91000001,08:05:00,08:45:00,62
1404052221,54,91000001,08:45:00,09:50:00,56
1404052513,54,91000001,08:45:00,09:50:00,8
1404052513,57,91000001,09:50:00,10:30:00,62
1404052513,39,91000001,10:30:00,11:10:00,62
1404052525,51,91000001,06:40:00,07:20:00,64
1404052525,67,91000001,07:20:00,08:00:00,64
1404052525,77,91000001,08:00:00,08:35:00,10
1404052511,77,91000001,08:00:00,08:35:00,52
1404052511,76,91000001,08:35:00,09:45:00,64
1404052511,33,91000001,09:45:00,10:30:00,6
1404052623,33,91000001,09:45:00,10:30:00,56
1404052623,80,91000001,06:20:00,07:00:00,64
1404052623,36,91000001,07:00:00,07:40:00,14
1404052606,36,91000001,07:00:00,07:40:00,50
1404052606,41,91000001,07:40:00,08:35:00,60
1404052606,3,91000001,08:35:00,09:40:00,28
1404052609,3,91000001,08:35:00,09:40:00,36
1404052609,15,91000001,09:40:00,10:40:00,64
1404052609,50,91000001,10:40:00,11:20:00,22
1404052732,50,91000001,10:45:00,11:20:00,42
1404052732,30,91000001,11:20:00,11:55:00,61
1404052732,44,91000001,06:20:00,07:10:00,18
1404052726,44,91000001,06:20:00,07:10:00,46
1404052726,25,91000001,07:10:00,07:50:00,64
1404052726,74,91000001,07:50:00,08:25:00,28
1404052716,74,91000001,07:50:00,08:25:00,36
1404052716,35,91000001,08:25:00,09:40:00,64
1404052716,20,91000001,09:40:00,10:15:00,36
1404052812,20,91000001,09:40:00,10:15:00,28
1404052812,27,91000001,10:15:00,11:00:00,60
1404052812,52,91000001,11:00:00,11:35:00,54
1404052805,52,91000001,11:00:00,11:35:00,10
1404052805,49,91000001,11:35:00,12:20:00,64
1404052805,78,91000001,12:20:00,13:00:00,48
1404052818,78,91000001,12:20:00,13:00:00,14
1404052818,11,91000001,06:20:00,07:00:00,64
1404052818,37,91000001,07:00:00,07:35:00,54
1404052903,37,91000001,07:00:00,07:35:00,10
1404052903,75,91000001,07:35:00,08:10:00,64
1404052903,69,91000001,08:10:00,08:50:00,64
1404052920,18,91000001,08:50:00,10:00:00,64
1404052920,64,91000001,10:00:00,10:35:00,64
1404052920,63,91000001,10:35:00,11:20:00,6
1404052915,63,91000001,10:35:00,11:10:00,57
1404052915,47,91000001,06:25:00,07:00:00,64
1404052915,46,91000001,07:00:00,07:35:00,8
1404053022,46,91000001,07:00:00,07:35:00,56
1404053022,61,91000001,07:35:00,08:10:00,62
1404053022,45,91000001,08:10:00,08:40:00,24
1404053024,45,91000001,08:10:00,08:40:00,40
1404053024,13,91000001,08:40:00,09:45:00,64
1404053024,29,91000001,09:45:00,10:35:00,32
1404053019,29,91000001,09:45:00,10:35:00,32
1404053019,19,91000001,10:35:00,11:10:00,64
1404053019,10,91000001,06:20:00,07:20:00,42
1404060101,10,91000001,06:20:00,07:20:00,22
1404060101,4,91000001,07:20:00,08:55:00,64
1404060101,17,91000001,08:55:00,10:30:00,54
1404060130,17,91000001,08:55:00,10:30:00,8
1404060130,60,91000001,10:30:00,11:00:00,62
1404060130,24,91000001,06:25:00,07:05:00,64
1404060130,40,91000001,07:05:00,07:40:00,6
1404060114,40,91000001,07:05:00,07:40:00,58
1404060114,59,91000001,07:40:00,08:15:00,64
1404060114,6,91000001,08:15:00,09:25:00,14
1404040310,6,91000001,08:15:00,09:25:00,50
1404040310,65,91000001,09:25:00,10:00:00,64
1404040310,39,91000001,10:00:00,10:35:00,18
1404060328,39,91000001,10:00:00,10:35:00,46
1404060328,57,91000001,10:35:00,11:20:00,62
1404060328,54,91000001,06:20:00,07:00:00,26
1404060304,54,91000001,06:20:00,07:00:00,38
1404060304,62,91000001,07:00:00,07:35:00,64
1404060304,2,91000001,07:35:00,08:30:00,40
1404060417,2,91000001,07:35:00,08:30:00,24
1404060417,22,91000001,08:30:00,09:30:00,62
1404060417,72,91000001,09:30:00,10:05:00,54
1404060507,51,91000001,06:20:00,07:20:00,64
1404060502,76,91000001,07:20:00,08:05:00,64
1404060502,77,91000001,08:05:00,09:25:00,64
1404060502,67,91000001,09:25:00,10:10:00,4
1404060513,67,91000001,09:25:00,10:10:00,60
1404060513,79,91000001,10:10:00,11:00:00,60
1404060529,79,91000001,10:10:00,11:00:00,4
1404060529,70,91000001,11:00:00,11:40:00,64
1404060629,36,91000001,14:10:00,14:50:00,64
1404060629,80,91000001,14:50:00,15:25:00,4
1404060621,80,91000001,14:50:00,15:25:00,60
1404060621,3,91000001,15:25:00,16:05:00,64
1404060621,41,91000001,16:05:00,17:00:00,6
1404060631,41,91000001,16:05:00,17:00:00,56
1404060631,15,91000001,17:00:00,17:35:00,64
1404060631,74,91000001,17:35:00,18:15:00,8
1404060625,74,91000001,17:35:00,18:15:00,56
1404060625,25,91000001,18:15:00,19:45:00,64
1404060625,44,91000001,19:45:00,20:30:00,12
1404060611,44,91000001,19:45:00,20:30:00,52
1404060611,35,91000001,20:30:00,21:10:00,64
1404060627,52,91000001,06:25:00,07:00:00,64
1404060627,27,91000001,07:00:00,07:45:00,64
1404060627,20,91000001,07:45:00,08:30:00,10
1404060823,20,91000001,07:45:00,08:30:00,50
1404060823,11,91000001,08:30:00,09:40:00,64
1404060823,78,91000001,09:40:00,10:20:00,16
1404060806,78,91000001,09:40:00,10:20:00,48
1404060806,49,91000001,10:20:00,11:10:00,64
1404060806,26,91000001,11:10:00,12:00:00,28
1404060809,26,91000001,11:10:00,12:00:00,36
1404060809,61,91000001,06:30:00,11:45:00,64
1404060809,19,91000001,11:45:00,13:00:00,32
1404060832,19,91000001,11:45:00,13:00:00,32
1404060932,29,91000001,14:20:00,15:45:00,64
1404060932,13,91000001,15:45:00,17:50:00,42
1404060926,13,91000001,15:45:00,17:50:00,18
1404060926,45,91000001,17:50:00,19:00:00,64
1404060926,64,91000001,06:30:00,09:30:00,52
1404060912,64,91000001,06:30:00,09:30:00,12
1404060912,14,91000001,09:30:00,11:30:00,64
1404061107,23,81000001,11:30:00,13:30:00,792
1404061107,23,81000001,14:30:00,16:40:00,792
1404061107,37,81000001,16:40:00,20:00:00,1584
1404061112,63,91000001,06:30:00,09:40:00,48
1404061105,63,91000001,06:30:00,09:40:00,16
1404061205,4,91000001,06:20:00,07:10:00,64
1404061205,10,91000001,07:10:00,07:50:00,34
1404061218,10,91000001,07:10:00,07:50:00,30
1404061218,69,91000001,07:50:00,08:35:00,64
1404061218,30,91000001,08:35:00,10:00:00,34
1404061220,30,91000001,08:35:00,10:00:00,28
1404061220,24,91000001,10:00:00,10:35:00,64
1404061220,50,91000001,10:35:00,12:35:00,36
1404061216,50,91000001,10:35:00,12:35:00,28
1404061216,55,91000001,12:35:00,13:15:00,62
1404061216,54,91000001,06:15:00,07:00:00,46
1404061303,54,91000001,06:15:00,07:00:00,18
1404061303,57,91000001,07:00:00,07:35:00,64
1404061303,39,91000001,07:35:00,08:15:00,54
1404061314,39,91000001,07:35:00,08:15:00,10
1404061314,65,91000001,08:15:00,08:50:00,64
1404061314,62,91000001,08:50:00,10:00:00,48
1404061322,62,91000001,08:50:00,10:00:00,16
1404061322,22,91000001,10:00:00,10:35:00,64
1404061322,2,91000001,10:35:00,11:10:00,46
1404061301,2,91000001,10:35:00,11:10:00,16
1404061301,72,91000001,11:10:00,12:10:00,64
1404061301,51,91000001,12:10:00,12:50:00,54
1404061319,51,91000001,12:10:00,12:50:00,8
1404061319,6,91000001,12:50:00,13:30:00,60
1404061619,33,91000001,06:20:00,06:55:00,64
1404061619,77,91000001,06:55:00,07:35:00,6
1404061624,77,91000001,06:55:00,07:35:00,58
1404061624,59,91000001,07:35:00,08:10:00,64
1404061624,40,91000001,08:10:00,09:25:00,10
1404061715,40,91000001,08:10:00,09:25:00,54
1404061715,28,91000001,09:25:00,10:00:00,60
1404061715,36,91000001,10:00:00,10:40:00,18
1404061710,36,91000001,10:00:00,10:40:00,46
1404061710,74,91000001,10:40:00,11:15:00,64
1404061710,15,91000001,11:15:00,11:55:00,24
1404061730,15,91000001,11:15:00,11:55:00,40
1404061730,38,91000001,11:55:00,12:40:00,58
1404061730,25,91000001,06:25:00,07:10:00,32
1404061728,25,91000001,06:25:00,07:10:00,32
1404061728,1,91000001,07:10:00,08:00:00,64
1404061728,41,91000001,08:00:00,08:35:00,40
1404061704,41,91000001,08:00:00,08:35:00,20
1404061704,27,91000001,08:35:00,09:35:00,64
1404061704,52,91000001,09:35:00,10:10:00,58
1404061717,52,91000001,09:35:00,10:10:00,14
1404061717,35,91000001,10:10:00,10:45:00,62
1404061717,20,91000001,10:45:00,11:30:00,52
1404061702,3,91000001,06:25:00,07:10:00,64
1404061702,44,91000001,07:10:00,07:45:00,64
1404061702,26,91000001,07:45:00,08:20:00,12
1404061826,26,91000001,07:45:00,08:20:00,52
1404061826,49,91000001,08:20:00,09:25:00,64
1404061826,11,91000001,09:25:00,10:15:00,16
1404061812,11,91000001,09:25:00,10:15:00,48
1404061812,78,91000001,10:15:00,10:55:00,62
1404061812,66,91000001,10:55:00,11:35:00,28
1404061829,66,91000001,10:55:00,11:35:00,36
1404061829,21,91000001,11:35:00,12:20:00,62
1404061829,19,91000001,06:35:00,07:15:00,34
1404062005,19,91000001,06:35:00,07:15:00,30
1404062005,61,91000001,07:15:00,07:50:00,64
1404062005,43,91000001,07:50:00,08:35:00,42
1404062018,43,91000001,07:50:00,08:35:00,22
1404062018,23,91000001,08:35:00,09:35:00,64
1404062018,29,91000001,09:35:00,10:10:00,54
1404062020,29,91000001,09:35:00,10:10:00,10
1404062020,45,91000001,10:10:00,11:15:00,64
1404062020,13,91000001,11:15:00,11:50:00,64
1404062016,48,91000001,11:50:00,12:30:00,62
1404062216,14,91000001,06:30:00,07:05:00,64
1404062216,59,91000001,07:05:00,07:40:00,10
1404062203,59,91000001,07:05:00,07:40:00,54
1404062203,64,91000001,07:40:00,08:30:00,64
1404062203,80,91000001,08:30:00,09:35:00,20
1404062314,80,91000001,08:30:00,09:35:00,44
1404062314,70,91000001,09:35:00,10:10:00,64
1404062314,79,91000001,10:10:00,10:55:00,20
1404062322,79,91000001,10:10:00,10:55:00,44
1404062322,67,91000001,10:55:00,11:30:00,62
1404062322,63,91000001,11:30:00,12:20:00,32
1404062319,63,91000001,11:20:00,12:20:00,32
1404062308,69,92000001,06:25:00,07:35:00,800
1404062308,37,92000001,07:35:00,10:35:00,800
1404062308,55,92000001,10:30:00,12:00:00,600
1404062319,55,91000001,10:30:00,12:00:00,16
1404062319,30,91000001,06:20:00,07:00:00,64
1404062319,39,91000001,07:00:00,07:35:00,20
1404062401,39,91000001,07:00:00,07:35:00,44
1404062401,10,91000001,07:35:00,08:30:00,62
1404062401,65,91000001,08:30:00,09:35:00,34
1404062424,65,91000001,08:30:00,09:35:00,30
1404062424,72,91000001,09:35:00,10:10:00,64
1404062424,4,91000001,10:10:00,10:50:00,30
1404062415,4,91000001,10:10:00,10:50:00,34
1404062415,76,91000001,10:50:00,11:25:00,62
1404062415,31,91000001,11:20:00,12:00:00,40
1404062510,31,91000001,11:25:00,12:00:00,23
1404062510,29,91000001,14:30:00,15:10:00,64
1404062510,51,91000001,15:10:00,15:50:00,50
1404062528,51,91000001,15:10:00,15:50:00,14
1404062528,58,91000001,15:50:00,16:25:00,64
1404062528,9,91000001,16:25:00,17:00:00,60
1404062528,12,91000001,17:00:00,17:35:00,4
1404062604,12,91000001,17:00:00,17:35:00,60
1404062604,8,91000001,17:35:00,18:10:00,64
1404062604,7,91000001,18:10:00,18:45:00,18
1404062617,7,91000001,18:10:00,18:50:00,46
1404062617,5,91000001,18:50:00,19:45:00,64
1404062617,56,91000001,06:20:00,06:55:00,28
1404062702,56,91000001,06:20:00,06:55:00,36
1404062702,32,91000001,06:55:00,07:30:00,64
1404062702,28,91000001,07:30:00,08:10:00,38
1404062726,28,91000001,07:30:00,08:10:00,30
1404062726,40,91000001,08:10:00,09:35:00,64
1404062726,77,91000001,09:35:00,10:10:00,50
1404062712,77,91000001,09:35:00,10:10:00,14
1404062712,33,91000001,10:10:00,10:50:00,62
1404062912,36,91000001,06:25:00,07:10:00,60
1404062929,36,91000001,06:25:00,07:10:00,4
1404062929,74,91000001,07:10:00,07:45:00,64
1404062929,38,91000001,07:45:00,08:30:00,64
1404062929,20,91000001,08:30:00,09:40:00,6
1404062905,20,91000001,08:30:00,09:40:00,58
1404062905,35,91000001,09:40:00,10:20:00,64
1404062905,52,91000001,10:20:00,11:10:00,10
1404063018,52,91000001,10:20:00,11:10:00,54
1404063018,27,91000001,11:10:00,12:00:00,64
1404063011,41,81000001,07:00:00,10:00:00,1744
1404063011,21,81000001,10:00:00,11:30:00,1296
1404063007,21,81000001,10:00:00,11:30:00,288
1404063007,19,81000001,11:30:00,13:00:00,1584
1404063118,66,91000001,06:20:00,07:15:00,18
1404063120,66,91000001,06:20:00,07:15:00,46
1404063120,22,91000001,07:15:00,07:55:00,64
1404063120,55,91000001,07:55:00,08:45:00,32
1404063116,55,91000001,07:55:00,08:45:00,32
1404063116,2,91000001,08:45:00,09:45:00,64
1404063116,57,91000001,09:45:00,10:20:00,40
1404063101,57,91000001,09:45:00,10:20:00,14
1404063101,54,91000001,10:20:00,11:10:00,64
1404063101,6,91000001,11:10:00,11:50:00,54
1404063119,6,91000001,11:10:00,11:50:00,10
1404063119,45,91000001,11:50:00,12:35:00,64
1404063119,1,91000001,12:35:00,13:10:00,54
1404063124,1,91000001,12:35:00,13:10:00,10
1404070107,25,81000001,06:50:00,10:00:00,1584
1404070131,37,81000001,10:00:00,11:00:00,1584
1404070131,15,81000001,11:00:00,12:30:00,1584
1404070113,70,81000001,12:30:00,13:30:00,1728
1404070224,79,91000001,06:30:00,07:10:00,64
1404070224,80,91000001,07:10:00,07:50:00,64
1404070215,69,91000001,07:50:00,09:00:00,64
1404070215,39,91000001,07:00:00,07:40:00,64
1404070215,30,91000001,07:40:00,08:20:00,8
1404070210,30,91000001,07:40:00,08:20:00,56
1404070210,67,91000001,08:20:00,09:50:00,64
1404070210,10,91000001,09:50:00,10:30:00,14
1404070228,10,91000001,09:50:00,10:30:00,50
1404070228,63,91000001,06:20:00,07:10:00,62
1404070228,43,91000001,07:10:00,07:45:00,22
1404070304,43,91000001,07:10:00,07:45:00,42
1404070304,23,91000001,07:45:00,08:25:00,64
1404070304,65,91000001,08:25:00,10:20:00,28
1404070317,65,91000001,08:25:00,10:20:00,34
1404070317,61,91000001,10:20:00,11:10:00,64
1404070313,28,81000001,07:00:00,08:25:00,1450
1404070306,28,81000001,07:00:00,08:25:00,250
1404070306,32,81000001,08:25:00,10:40:00,1584
1404070306,56,81000001,10:40:00,12:10:00,1510
1404070309,56,81000001,10:40:00,12:10:00,1072
1404070309,33,81000001,12:10:00,13:00:00,1584
1404070509,19,81000001,06:40:00,08:00:00,800
1404070523,19,81000001,06:40:00,08:00:00,900
1404070523,15,81000001,08:00:00,10:20:00,1700
1404070523,12,81000001,10:20:00,12:10:00,850
1404070532,12,81000001,10:20:00,12:10:00,850
1404070532,9,81000001,12:10:00,13:00:00,1584
1404070517,74,91000008,07:20:00,08:00:00,24
1404070530,74,91000008,07:20:00,08:00:00,40
1404070530,36,91000008,08:00:00,08:40:00,64
1404070530,27,91000008,08:40:00,09:55:00,32
1404070602,27,91000008,08:40:00,09:55:00,32
1404070602,20,91000008,09:55:00,10:35:00,64
1404070602,35,91000008,10:35:00,11:15:00,36
1404070626,35,91000008,10:35:00,11:15:00,28
1404070626,52,91000008,11:15:00,11:55:00,64
1404070626,27,91000008,11:55:00,12:30:00,16
1404070612,27,91000008,11:55:00,12:30:00,36
1404070603,27,92000008,11:55:00,12:30:00,198
1404070703,58,92000001,06:30:00,07:25:00,730
1404070703,70,92000001,07:25:00,08:40:00,800
1404070703,51,92000001,08:40:00,10:30:00,800
1404070712,72,91000001,12:10:00,12:55:00,60
1404070712,25,91000001,12:50:00,13:30:00,6
1404070718,25,91000001,12:55:00,13:30:00,52
1404070718,4,91000001,06:15:00,07:05:00,64
1404070718,76,91000001,07:05:00,07:45:00,4
1404070722,76,91000001,07:05:00,07:45:00,60
1404070722,31,91000001,07:45:00,08:20:00,64
1404070722,66,91000001,08:20:00,09:35:00,6
1404070820,66,91000001,08:20:00,09:35:00,56
1404070820,38,91000001,09:35:00,10:10:00,64
1404070820,77,91000001,10:10:00,11:15:00,18
1404070816,77,91000001,10:10:00,11:15:00,46
1404070816,21,91000001,11:15:00,11:55:00,64
1404070816,55,91000001,11:55:00,12:35:00,28
1404070807,55,91000001,11:55:00,12:35:00,34
1404070807,22,91000001,12:35:00,13:15:00,62
1404070907,45,91000001,06:20:00,07:05:00,28
1404070931,45,91000001,06:20:00,07:05:00,36
1404070931,6,91000001,07:05:00,07:45:00,64
1404070931,54,91000001,07:45:00,08:45:00,36
1404070924,54,91000001,07:45:00,08:45:00,28
1404070924,1,91000001,08:45:00,09:50:00,64
1404070924,41,91000001,09:50:00,10:30:00,28
1404070915,41,91000001,09:50:00,10:30:00,32
1404070915,28,91000001,10:30:00,11:10:00,64
1404070915,57,91000001,11:10:00,11:50:00,36
1404070910,57,91000001,11:10:00,11:50:00,28
1404070910,40,91000001,11:50:00,12:25:00,64
1404070910,2,91000001,12:25:00,13:10:00,40
1404070928,2,91000001,12:25:00,13:10:00,23
1404070928,29,91000001,06:20:00,07:30:00,64
1404070928,8,91000001,07:30:00,08:05:00,52
1404071204,8,91000001,07:30:00,08:05:00,12
1404071204,7,91000001,08:05:00,08:40:00,64
1404071204,32,91000001,08:40:00,10:00:00,64
1404071223,78,91000001,10:00:00,10:45:00,64
1404071223,33,91000001,10:45:00,11:25:00,64
1404071217,56,91000001,11:25:00,12:10:00,64
1404071217,5,91000001,12:10:00,12:50:00,60
1404071217,27,91000001,12:50:00,13:30:00,14
1404071302,27,91000001,12:50:00,13:30:00,50
1404071321,52,81000001,06:50:00,08:25:00,1648
1404071321,35,81000001,08:25:00,10:30:00,1360
1404071329,35,81000001,08:25:00,10:30:00,288
1404071329,20,81000001,10:30:00,12:30:00,1213
1404071305,20,81000001,10:30:00,12:30:00,435
1404071305,37,81000001,12:30:00,13:40:00,1300
1404071411,37,81000001,12:30:00,13:40:00,364
1404071402,30,91000001,06:25:00,07:00:00,64
1404071402,58,91000001,07:00:00,07:45:00,18
1404071418,58,91000001,07:00:00,07:45:00,46
1404071418,74,91000001,07:45:00,08:40:00,64
1404071418,36,91000001,08:40:00,09:50:00,24
1404071530,36,91000001,08:40:00,09:50:00,40
1404071530,25,91000001,09:50:00,10:50:00,60
1404071530,51,91000001,10:50:00,11:30:00,32
1404071522,51,91000001,10:50:00,11:30:00,32
1404071522,19,91000001,11:30:00,12:10:00,62
1404071522,67,91000001,12:10:00,12:50:00,22
1404071520,67,91000001,12:10:00,12:50:00,42
1404071520,12,91000001,12:50:00,13:30:00,62
1404071511,39,81000001,06:30:00,07:45:00,1220
1404071501,39,81000001,06:30:00,07:45:00,440
1404071501,69,81000001,07:45:00,09:40:00,1664
1404071501,79,81000001,09:40:00,10:40:00,1120
1404071619,79,81000001,09:40:00,10:40:00,444
1404071619,70,81000001,10:40:00,12:10:00,1664
1404071619,10,81000001,12:10:00,13:30:00,1110
1404071627,10,81000001,12:10:00,13:30:00,554
1404071620,9,91000001,06:25:00,07:10:00,18
1404071616,9,91000001,06:25:00,07:10:00,46
1404071616,80,91000001,07:10:00,07:45:00,64
1404071616,44,91000001,07:45:00,08:30:00,20
1404071607,44,91000001,07:45:00,08:30:00,44
1404071607,26,91000001,08:30:00,09:35:00,64
1404071607,61,91000001,09:35:00,10:15:00,32
1404071703,61,91000001,09:35:00,10:15:00,32
1404071703,11,91000001,10:15:00,10:50:00,64
1404071703,49,91000001,10:50:00,11:25:00,42
1404071712,49,91000001,10:50:00,11:25:00,22
1404071712,23,91000001,11:25:00,12:05:00,64
1404071712,65,91000001,12:05:00,12:40:00,52
1404071731,65,91000001,12:05:00,12:40:00,10
1404071731,62,91000001,12:40:00,13:20:00,64
1404071927,3,81000001,06:45:00,07:55:00,1664
1404071927,63,81000001,07:55:00,08:50:00,1120
1404071913,63,81000001,07:55:00,08:50:00,144
1404071913,43,81000001,08:50:00,10:35:00,1664
1404071913,73,81000001,10:35:00,12:00:00,932
1404072006,73,81000001,10:35:00,12:00:00,732
1404072006,27,81000001,12:00:00,13:30:00,1664
1404072006,64,81000001,06:30:00,07:50:00,832
1404072023,64,81000001,06:30:00,07:50:00,832
1404072023,72,81000001,07:50:00,08:50:00,1664
1404072023,15,81000001,08:50:00,10:50:00,750
1404072009,15,81000001,08:50:00,10:50:00,914
1404072009,19,81000001,10:50:00,12:00:00,1664
1404072009,55,81000001,12:00:00,13:10:00,724
1404072017,55,81000001,12:00:00,13:10:00,940
1404072031,77,91000001,06:20:00,07:00:00,64
1404072115,38,91000001,07:00:00,10:10:00,64
1404072115,69,91000001,10:10:00,10:55:00,62
1404072115,10,91000001,10:55:00,12:20:00,12
1404072124,10,91000001,10:55:00,12:20:00,54
1404072124,79,91000001,12:20:00,13:10:00,62
1404072124,70,91000001,06:20:00,06:55:00,16
1404072128,70,91000001,06:20:00,06:55:00,48
1404072128,40,91000001,06:55:00,07:30:00,64
1404072128,39,91000001,07:30:00,08:20:00,26
1404072121,39,91000001,07:30:00,08:20:00,38
1404072121,2,91000001,08:20:00,08:55:00,62
1404072121,45,91000001,08:55:00,09:55:00,42
1404072205,45,91000001,08:55:00,09:55:00,22
1404072205,6,91000001,09:55:00,10:30:00,64
1404072205,21,91000001,10:30:00,11:10:00,52
1404072202,21,91000001,10:30:00,11:10:00,10
1404072202,22,91000001,11:10:00,11:45:00,64
1404072202,13,91000001,06:20:00,06:55:00,64
1404072229,31,91000001,06:55:00,07:35:00,62
1404072229,66,91000001,07:35:00,08:25:00,64
1404072211,76,91000001,08:25:00,09:25:00,64
1404072211,28,91000001,09:25:00,10:00:00,56
1404072220,28,91000001,09:25:00,10:00:00,8
1404072220,41,91000001,10:00:00,10:40:00,64
1404072220,57,91000001,10:40:00,11:15:00,62
1404072220,8,91000001,11:15:00,12:00:00,4
1404072322,8,91000001,11:15:00,12:00:00,60
1404072322,1,91000001,06:20:00,07:05:00,64
1404072322,7,91000001,07:05:00,07:45:00,10
1404072301,7,91000001,07:05:00,07:45:00,54
1404072301,54,91000001,07:45:00,08:30:00,64
1404072301,4,91000001,08:30:00,09:45:00,8
1404072316,4,91000001,08:30:00,09:45:00,56
1404072316,74,91000001,09:45:00,10:30:00,64
1404072412,36,91000001,06:50:00,07:30:00,64
1404072412,23,91000001,07:30:00,08:15:00,64
1404072412,49,91000001,08:15:00,09:25:00,14
1404072407,49,91000001,08:15:00,09:25:00,50
1404072407,25,91000001,09:25:00,10:10:00,64
1404072407,40,91000001,06:20:00,07:00:00,30
1404072419,40,91000001,06:20:00,07:00:00,34
1404072419,39,91000001,07:00:00,07:35:00,64
1404072419,65,91000001,07:35:00,08:10:00,40
1404072403,65,91000001,07:35:00,08:10:00,24
1404072403,21,91000001,08:10:00,08:45:00,64
1404072403,6,91000001,08:45:00,10:15:00,50
1404072614,6,91000001,08:45:00,10:15:00,14
1404072614,37,91000001,10:15:00,11:00:00,64
1404072614,45,91000001,11:00:00,11:40:00,54
1404072623,45,91000001,11:00:00,11:40:00,10
1404072623,13,91000001,11:40:00,12:10:00,62
1404072623,52,91000001,12:10:00,13:00:00,58
1404072606,52,91000001,12:10:00,13:00:00,6
1404072606,22,91000001,06:25:00,07:20:00,64
1404072606,66,91000001,07:20:00,07:55:00,60
1404072731,66,91000001,07:20:00,07:55:00,4
1404072731,31,91000001,07:55:00,08:40:00,64
1404072731,2,91000001,08:40:00,09:55:00,62
1404072713,8,91000001,09:55:00,10:35:00,64
1404072713,11,91000001,10:35:00,11:10:00,50
1404072704,11,91000001,10:35:00,11:10:00,14
1404072704,57,91000001,11:10:00,11:45:00,64
1404072704,61,91000001,11:45:00,12:30:00,58
1404072709,61,91000001,11:45:00,12:30:00,6
1404072709,41,91000001,11:45:00,12:30:00,62
1404072709,1,91000001,06:20:00,07:00:00,60
1404072815,1,91000001,06:20:00,07:00:00,4
1404072815,7,91000001,07:00:00,07:40:00,60
1404072815,28,91000001,07:40:00,08:15:00,64
1404072824,76,91000001,08:15:00,09:30:00,64
1404072824,62,91000001,09:30:00,10:15:00,64
1404072824,44,91000001,10:15:00,10:50:00,6
1404072828,44,91000001,10:15:00,10:50:00,58
1404072828,9,91000001,10:50:00,11:30:00,60
1404072821,9,91000001,10:50:00,11:30:00,4
1404072821,26,91000001,11:30:00,12:10:00,64
1404072821,15,91000001,12:10:00,13:00:00,56
1404072805,15,91000001,12:10:00,13:00:00,6
1404072805,4,91000001,06:20:00,07:10:00,64
1404072805,74,91000001,07:10:00,07:45:00,62
1404072805,54,91000001,07:45:00,08:30:00,6
1404072902,54,91000001,07:45:00,08:30:00,58
1404072902,80,91000001,08:30:00,09:40:00,64
1404072902,38,91000001,09:40:00,10:15:00,10
1404072925,38,91000001,09:40:00,10:15:00,54
1404072925,77,91000001,10:15:00,11:00:00,62
1404072925,12,91000001,11:00:00,12:00:00,20
1404072911,12,91000001,11:00:00,12:00:00,42
1404072911,69,91000001,06:25:00,07:00:00,64
1404072911,79,91000001,07:00:00,07:35:00,20
1404072929,79,91000001,07:00:00,07:35:00,44
1404072929,36,91000001,07:35:00,08:10:00,64
1404072929,67,91000001,08:10:00,08:45:00,28
1404073020,67,91000001,08:10:00,08:45:00,36
1404073020,25,91000001,08:45:00,09:40:00,64
1404073020,49,91000001,09:40:00,10:20:00,24
1404073022,49,91000001,09:40:00,10:20:00,40
1404073022,70,91000001,10:20:00,11:25:00,63
1404073022,51,91000001,11:25:00,12:00:00,34
1404073001,51,91000001,11:25:00,12:00:00,29
1404073001,55,91000001,06:50:00,07:30:00,64
1404073001,10,91000001,07:30:00,08:05:00,40
1404073016,10,91000001,07:30:00,08:05:00,24
1404073016,61,91000001,08:05:00,08:40:00,62
1404073016,57,91000001,08:40:00,10:00:00,36
1404080112,57,91000001,08:40:00,10:00:00,28
1404080112,11,91000001,10:00:00,10:45:00,64
1404080112,41,91000001,10:45:00,11:30:00,40
1404080107,41,91000001,10:45:00,11:30:00,22
1404080107,8,91000001,11:30:00,12:15:00,64
1404080107,31,91000001,06:20:00,06:55:00,52
1404080119,31,91000001,06:20:00,06:55:00,12
1404080119,28,91000001,06:55:00,07:30:00,64
1404080119,7,91000001,07:30:00,08:15:00,64
1404080114,76,91000001,08:15:00,08:50:00,62
1404080114,44,91000001,08:50:00,09:55:00,64
1404080114,62,91000001,09:55:00,10:30:00,6
1404080103,62,91000001,09:55:00,10:30:00,58
1404080103,1,91000001,10:30:00,11:15:00,64
1404080103,9,91000001,11:15:00,11:50:00,20
1404080323,9,91000001,11:15:00,11:50:00,42
1404080323,26,91000001,11:15:00,11:50:00,62
1404080323,58,91000001,06:20:00,07:00:00,34
1404080306,58,91000001,06:20:00,07:00:00,30
1404080306,15,91000001,07:00:00,07:50:00,64
1404080306,52,91000001,07:50:00,08:30:00,38
1404080304,52,91000001,07:50:00,08:30:00,26
1404080304,13,91000001,08:30:00,09:40:00,64
1404080304,45,91000001,09:40:00,10:20:00,44
1404080313,45,91000001,09:40:00,10:20:00,24
1404080313,80,91000001,10:20:00,10:55:00,64
1404080313,54,91000001,10:55:00,11:35:00,46
1404080331,54,91000001,10:55:00,11:35:00,18
1404080331,4,91000001,11:35:00,12:10:00,64
1404080331,12,91000001,12:10:00,12:45:00,54
1404080409,12,91000001,12:10:00,12:45:00,10
1404080409,38,91000001,12:45:00,13:20:00,64
1404080426,72,92000001,06:35:00,07:10:00,800
1404080426,74,92000001,07:10:00,07:50:00,800
1404080426,39,92000001,07:50:00,08:30:00,800
1404080426,79,92000001,08:30:00,09:55:00,160
1404080409,79,91000001,08:30:00,09:55:00,48
1404080409,40,91000001,09:55:00,10:30:00,14
1404080424,40,91000001,09:55:00,10:30:00,50
1404080424,70,91000001,10:30:00,11:15:00,64
1404080428,77,91000001,11:15:00,11:55:00,64
1404080428,49,91000001,11:55:00,12:30:00,64
1404080428,69,91000001,12:30:00,13:00:00,12
1404080415,69,91000001,12:30:00,13:05:00,48
1404080415,19,91000001,13:05:00,13:40:00,64
1404080421,25,91000001,06:20:00,07:05:00,64
1404080421,51,91000001,07:05:00,07:45:00,58
1404080505,51,91000001,07:05:00,07:45:00,4
1404080505,67,91000001,07:45:00,08:20:00,64
1404080505,36,91000001,08:20:00,10:05:00,60
1404080502,36,91000001,08:20:00,10:05:00,4
1404080502,23,91000001,10:05:00,10:55:00,64
1404080502,66,91000001,10:55:00,11:30:00,64
1404080502,22,91000001,11:30:00,12:05:00,6
1404080525,22,91000001,11:30:00,12:05:00,58
1404080525,37,91000001,12:05:00,12:45:00,64
1404080525,35,91000001,12:45:00,13:30:00,14
1404080511,35,91000001,12:45:00,13:30:00,46
1404080511,6,91000001,06:20:00,07:05:00,64
1404080511,2,91000001,07:05:00,07:55:00,24
1404080620,2,91000001,07:05:00,07:55:00,40
1404080620,27,91000001,07:55:00,08:30:00,64
1404080620,21,91000001,08:30:00,09:40:00,18
1404080629,21,91000001,08:30:00,09:40:00,44
1404080629,55,91000001,09:40:00,10:15:00,64
1404080629,65,91000001,10:15:00,10:55:00,24
1404080622,65,91000001,10:15:00,10:55:00,40
1404080622,10,91000001,10:55:00,11:30:00,64
1404080622,29,91000001,11:30:00,12:05:00,34
1404080601,29,91000001,11:30:00,12:05:00,28
1404080601,30,91000001,12:05:00,12:40:00,64
1404080601,64,91000001,12:40:00,13:15:00,40
104/0716,64,91000001,12:45:00,13:15:00,24
104/0716,8,91000001,13:15:00,13:50:00,62
1404080716,41,91000001,06:30:00,07:20:00,46
1404080712,41,91000001,06:30:00,07:20:00,18
1404080712,11,91000001,07:20:00,07:55:00,62
1404080712,31,91000001,07:55:00,08:30:00,58
1404080707,31,91000001,07:55:00,08:30:00,6
1404080707,80,91000001,08:30:00,09:35:00,64
1404080707,45,91000001,09:35:00,10:10:00,64
1404080707,13,91000001,10:10:00,10:45:00,8
1404080703,13,91000001,10:10:00,10:45:00,56
1404080703,52,91000001,10:45:00,11:20:00,64
1404080703,15,91000001,11:20:00,11:55:00,8
1404080814,15,91000001,11:20:00,11:55:00,56
1404080814,54,91000001,11:55:00,12:30:00,64
1404080814,58,91000001,12:30:00,13:05:00,20
1404080819,58,91000001,12:30:00,13:05:00,40
1404080819,73,91000001,13:05:00,13:40:00,64
1404080819,7,91000001,06:20:00,07:00:00,34
1404080823,7,91000001,06:20:00,07:00:00,30
1404080823,28,91000001,07:00:00,07:45:00,64
1404080823,57,91000001,07:45:00,08:20:00,20
1404080806,57,91000001,07:45:00,08:20:00,44
1404080806,38,91000001,08:20:00,08:55:00,64
1404080806,72,91000001,08:55:00,10:00:00,34
1404080804,72,91000001,08:55:00,10:00:00,30
1404080804,61,91000001,10:00:00,10:35:00,64
1404080804,77,91000001,10:35:00,11:20:00,36
1404081031,77,91000001,10:35:00,11:20:00,28
1404081031,70,91000001,11:20:00,11:55:00,64
1404081031,40,91000001,11:55:00,12:30:00,48
1404081026,40,91000001,11:55:00,12:30:00,16
1404081026,79,91000001,12:30:00,13:05:00,64
1404081026,4,91000001,13:05:00,13:40:00,34
1404081013,4,91000001,13:05:00,13:40:00,30
1404081013,12,91000001,06:20:00,07:05:00,62
1404081013,69,91000001,07:05:00,07:55:00,42
1404081024,69,91000001,07:05:00,07:55:00,22
1404081024,49,91000001,07:55:00,08:30:00,64
1404081024,39,91000001,08:30:00,09:40:00,44
1404081028,39,91000001,08:30:00,09:40:00,20
1404081028,19,91000001,09:40:00,10:15:00,64
1404081028,36,91000001,10:15:00,10:50:00,54
1404081115,36,91000001,10:15:00,10:50:00,10
1404081115,67,91000001,10:50:00,11:25:00,62
1404081115,74,91000001,11:25:00,12:00:00,64
1404081121,23,91000001,12:00:00,12:35:00,64
1404081121,51,91000001,12:35:00,13:15:00,62
1404081109,22,92000001,06:50:00,07:30:00,800
1404081109,66,92000001,07:30:00,09:30:00,800
1404081109,25,92000001,09:30:00,09:45:00,364
1404081105,25,91000001,09:45:00,10:10:00,32
1404081105,37,91000001,10:10:00,10:45:00,64
1404081105,27,91000001,10:45:00,11:20:00,44
1404081102,27,91000001,10:45:00,11:20:00,20
1404081102,2,91000001,11:20:00,11:55:00,64
1404081102,6,91000001,11:50:00,12:30:00,60
1404081125,6,91000001,11:50:00,12:30:00,4
1404081125,35,91000001,12:30:00,13:05:00,64
1404081125,55,91000001,13:05:00,13:40:00,64
1404081211,21,91000001,06:20:00,07:00:00,64
1404081211,10,91000001,07:00:00,07:35:00,58
1404081229,10,91000001,07:00:00,07:35:00,6
1404081229,65,91000001,07:35:00,08:10:00,64
1404081229,29,91000001,08:10:00,08:45:00,64
1404081220,48,91000001,08:45:00,10:05:00,64
1404081220,76,91000001,10:05:00,10:45:00,62
1404081220,8,91000001,10:45:00,11:35:00,6
1404081201,8,91000001,10:45:00,11:35:00,58
1404081201,64,91000001,11:35:00,12:10:00,62
1404081201,44,91000001,12:10:00,13:00:00,16
1404081316,44,91000001,12:10:00,13:00:00,48
1404081316,30,91000001,13:00:00,13:40:00,64
1404081312,26,91000001,06:30:00,07:05:00,64
1404081312,1,91000001,07:05:00,07:40:00,64
1404081312,62,91000001,07:40:00,08:15:00,6
1404081307,62,91000001,07:40:00,08:15:00,58
1404081307,9,91000001,08:15:00,08:55:00,64
1404081307,13,91000001,08:55:00,10:05:00,4
1404081303,13,91000001,08:55:00,10:05:00,60
1404081303,45,91000001,10:05:00,10:45:00,62
1404081303,80,91000001,10:40:00,11:15:00,16
1404081314,80,91000001,10:40:00,11:15:00,48
1404081314,31,91000001,11:15:00,11:50:00,64
1404081314,52,91000001,11:50:00,12:25:00,30
1404081319,52,91000001,11:50:00,12:25:00,34
1404081319,63,91000001,12:25:00,13:00:00,64
1404081319,11,91000001,13:00:00,13:35:00,40
1404081323,11,91000001,13:00:00,13:35:00,22
1404081323,61,91000001,06:25:00,07:00:00,64
1404081323,77,91000001,07:00:00,07:40:00,52
1404081331,77,91000001,07:00:00,07:40:00,12
1404081331,57,91000001,07:40:00,08:30:00,62
1404081331,58,91000001,08:30:00,09:35:00,60
1404081326,58,91000001,08:30:00,09:35:00,4
1404081326,19,91000001,09:35:00,10:10:00,64
1404081326,39,91000001,10:10:00,10:55:00,50
1404081324,39,91000001,10:10:00,10:55:00,14
1404081324,49,91000001,10:55:00,11:30:00,64
1404081324,69,91000001,11:30:00,12:05:00,52
1404081406,69,91000001,11:30:00,12:05:00,12
1404081406,22,91000001,12:05:00,12:40:00,62
1404081406,67,91000001,12:40:00,13:20:00,46
1404081404,67,91000001,12:40:00,13:20:00,17
1404081404,12,91000001,06:20:00,07:00:00,64
1404081404,23,91000001,07:00:00,07:35:00,56
1404081428,23,91000001,07:00:00,07:35:00,8
1404081428,51,91000001,07:35:00,08:20:00,64
1404081428,4,91000001,08:20:00,09:25:00,58
1404081415,4,91000001,08:20:00,09:25:00,6
1404081415,40,91000001,09:25:00,10:05:00,64
1404081415,79,91000001,10:05:00,10:40:00,48
1404081513,79,91000001,10:05:00,10:40:00,16
1404081513,27,91000001,10:40:00,11:15:00,64
1404081513,37,91000001,11:15:00,11:50:00,42
1404081521,37,91000001,11:15:00,11:50:00,22
1404081521,2,91000001,11:50:00,12:25:00,64
1404081521,25,91000001,12:25:00,13:00:00,44
1404081509,25,91000001,12:25:00,13:00:00,20
1404081509,36,91000001,13:00:00,13:40:00,64
1404081517,3,81000001,06:30:00,07:30:00,1664
1404081517,74,81000001,07:30:00,08:20:00,624
1404081530,74,81000001,07:30:00,08:20:00,1040
1404081530,6,81000001,08:20:00,10:00:00,1664
1404081530,35,81000001,10:00:00,11:00:00,580
1404081708,35,81000001,10:00:00,11:00:00,1084
1404081708,70,81000001,11:00:00,12:00:00,1664
1404081708,66,81000001,12:00:00,13:10:00,650
1404081727,66,81000001,12:00:00,13:10:00,1014
1404081709,73,91000001,06:20:00,07:05:00,52
1404081725,73,91000001,06:20:00,07:05:00,12
1404081725,55,91000001,07:05:00,07:40:00,64
1404081725,29,91000001,07:40:00,08:15:00,60
1404081811,29,91000001,07:40:00,08:15:00,4
1404081811,65,91000001,08:15:00,09:25:00,64
1404081811,10,91000001,09:25:00,10:05:00,64
1404081811,21,91000001,10:05:00,10:40:00,4
1404081801,21,91000001,10:05:00,10:40:00,60
1404081801,48,91000001,10:40:00,11:15:00,64
1404081801,54,91000001,11:15:00,12:00:00,6
1404081820,54,91000001,11:15:00,12:00:00,58
1404081820,8,91000001,12:00:00,12:35:00,64
1404081820,76,91000001,12:35:00,13:10:00,18
1404081829,76,91000001,12:35:00,13:10:00,46
1404081829,15,91000001,13:10:00,14:40:00,64
1404081829,64,91000001,14:40:00,15:25:00,32
1404081816,64,91000001,14:40:00,15:25:00,32
1404081816,41,91000001,15:25:00,16:00:00,64
1404081816,62,91000001,16:00:00,16:35:00,44
1404081812,62,91000001,16:00:00,16:35:00,20
1404081812,1,91000001,16:35:00,17:10:00,64
1404081812,26,91000001,17:10:00,17:45:00,38
1404081907,26,91000001,17:10:00,17:45:00,26
1404081907,9,91000001,17:45:00,18:25:00,64
1404081907,30,91000001,18:25:00,19:40:00,26
1404081903,30,91000001,18:25:00,19:40:00,36
1404081903,13,91000001,19:40:00,20:15:00,64
1404081903,45,91000001,20:15:00,20:50:00,36
1404081914,45,91000001,20:15:00,20:50:00,28
1404081914,44,91000001,20:50:00,21:30:00,60
1404081914,59,91000001,06:25:00,07:10:00,44
1404082023,59,91000001,06:25:00,07:10:00,20
1404082023,14,91000001,07:10:00,07:45:00,64
1404082023,28,91000001,07:45:00,08:20:00,38
1404082031,28,91000001,07:45:00,08:20:00,26
1404082031,43,91000001,08:20:00,08:55:00,64
1404082031,7,91000001,08:55:00,10:00:00,28
1404082026,7,91000001,08:55:00,10:00:00,34
1404082026,11,91000001,10:00:00,10:35:00,64
1404082026,38,91000001,10:35:00,11:20:00,26
1404082024,38,91000001,10:35:00,11:20:00,38
1404082024,72,91000001,06:20:00,06:55:00,64
1404082024,77,91000001,06:55:00,07:30:00,36
1404082106,77,91000001,06:55:00,07:30:00,28
1404082106,61,91000001,07:30:00,08:05:00,64
1404082106,63,91000001,08:05:00,08:40:00,44
1404082104,63,91000001,08:05:00,08:40:00,20
1404082104,52,91000001,08:40:00,09:45:00,62
1404082104,69,91000001,09:45:00,10:20:00,60
1404082128,69,91000001,09:45:00,10:20:00,4
1404082128,49,91000001,10:20:00,10:55:00,64
1404082128,39,91000001,10:55:00,11:25:00,64
1404082115,67,91000001,11:25:00,12:10:00,64
1404082115,2,91000001,07:15:00,08:00:00,44
1404082221,2,91000001,07:15:00,08:00:00,20
1404082221,25,91000001,08:00:00,09:25:00,62
1404082221,73,91000001,09:25:00,10:05:00,52
1404082213,73,91000001,09:25:00,10:05:00,12
1404082213,3,91000001,10:05:00,10:55:00,62
1404082213,36,91000001,10:55:00,12:40:00,44
1404082208,36,91000001,10:55:00,12:40:00,20
1404082208,6,91000001,12:40:00,13:20:00,60
1404082208,37,91000001,06:20:00,07:15:00,44
1404082217,37,91000001,06:20:00,07:15:00,20
1404082217,55,91000001,07:15:00,07:50:00,64
1404082217,27,91000001,07:50:00,08:25:00,42
1404082230,27,91000001,07:50:00,08:25:00,22
1404082230,79,91000001,08:25:00,09:35:00,64
1404082230,15,91000001,09:35:00,10:15:00,40
1404082409,15,91000001,09:35:00,10:15:00,24
1404082409,76,91000001,10:15:00,10:55:00,64
1404082409,8,91000001,10:55:00,11:30:00,16
1404082425,8,91000001,10:55:00,11:30:00,16
1404082425,48,91000001,11:30:00,12:05:00,64
1404082425,21,91000001,12:05:00,12:40:00,60
1404082411,21,91000001,12:05:00,12:40:00,4
1404082411,62,91000001,12:40:00,13:20:00,60
1404082411,64,91000001,06:20:00,07:05:00,48
1404082401,64,91000001,06:20:00,07:05:00,16
1404082401,26,91000001,07:05:00,07:40:00,64
1404082401,9,91000001,07:40:00,08:20:00,60
1404082520,9,91000001,07:40:00,08:20:00,4
1404082520,1,91000001,08:20:00,09:25:00,64
1404082520,44,91000001,09:25:00,10:20:00,64
1404082520,45,91000001,10:00:00,10:35:00,6
1404082529,45,91000001,10:00:00,10:35:00,58
1404082529,13,91000001,10:35:00,11:20:00,64
1404082529,59,91000001,07:40:00,08:20:00,16
1404082516,59,91000001,07:40:00,08:20:00,48
1404082516,28,91000001,08:20:00,08:55:00,64
1404082516,14,91000001,08:55:00,10:00:00,26
1404082512,14,91000001,08:55:00,10:00:00,38
1404082512,30,91000001,10:00:00,10:35:00,64
1404082512,54,91000001,10:35:00,11:20:00,30
1404082503,54,91000001,10:35:00,11:20:00,34
1404082503,41,91000001,11:20:00,11:55:00,64
1404082503,7,91000001,11:55:00,12:30:00,38
1404082607,7,91000001,11:55:00,12:30:00,26
1404082607,43,91000001,12:30:00,13:10:00,64
1404082607,11,91000001,06:20:00,07:00:00,44
1404082614,11,91000001,06:20:00,07:00:00,20
1404082614,29,91000001,07:00:00,07:35:00,64
1404082614,38,91000001,07:35:00,08:30:00,52
1404082623,38,91000001,07:35:00,08:30:00,12
1404082623,72,91000001,08:30:00,10:05:00,64
1404082623,77,91000001,10:05:00,10:45:00,64
1404082605,65,91000001,10:45:00,11:35:00,64
1404082605,63,91000001,11:35:00,12:15:00,64
1404082605,39,91000001,12:15:00,13:00:00,10
1404082731,39,91000001,12:15:00,13:00:00,54
1404082731,49,91000001,13:00:00,13:35:00,64
1404082731,67,91000001,06:30:00,07:05:00,16
1404082726,67,91000001,06:30:00,07:05:00,48
1404082726,61,91000001,07:05:00,07:40:00,64
1404082726,69,91000001,07:40:00,08:20:00,32
1404082719,69,91000001,07:40:00,08:20:00,32
1404082719,52,91000001,08:20:00,09:20:00,64
1404082719,2,91000001,09:20:00,09:55:00,42
1404082724,2,91000001,09:20:00,09:55:00,22
1404082724,25,91000001,09:55:00,10:30:00,64
1404082724,10,91000001,10:30:00,11:10:00,50
1404082728,10,91000001,10:30:00,11:10:00,14
1404082728,73,91000001,11:10:00,12:00:00,64
1404082728,6,91000001,12:00:00,12:40:00,52
1404082806,6,91000001,12:00:00,12:40:00,12
1404082806,36,91000001,12:40:00,13:20:00,60
1404082806,35,91000001,06:20:00,07:10:00,52
1404082804,35,91000001,06:20:00,07:10:00,12
1404082804,3,91000001,07:10:00,07:50:00,64
1404082804,40,91000001,07:50:00,08:30:00,64
1404082822,37,91000001,08:30:00,09:40:00,64
1404082822,45,91000001,09:40:00,10:15:00,60
1404082822,44,91000001,10:15:00,10:50:00,8
1404082815,44,91000001,10:15:00,10:50:00,56
1404082815,13,91000001,10:50:00,11:25:00,64
1404082815,1,91000001,11:25:00,12:15:00,18
1404082913,1,91000001,11:25:00,12:15:00,46
1404082913,9,91000001,12:15:00,13:30:00,10
1404082913,9,91000001,06:20:00,06:55:00,54
1404082913,26,91000001,06:55:00,07:30:00,28
1404082908,26,91000001,06:55:00,07:30:00,36
1404082908,28,91000001,07:30:00,08:05:00,62
1404082908,59,91000001,08:05:00,08:40:00,42
1404082921,59,91000001,08:05:00,08:40:00,22
1404082921,64,91000001,08:40:00,09:40:00,64
1404082921,7,91000001,09:40:00,10:15:00,52
1404082917,7,91000001,09:40:00,10:15:00,12
1404082917,41,91000001,10:15:00,10:50:00,64
1404082917,54,91000001,10:50:00,11:30:00,48
1404082909,54,91000001,10:50:00,11:30:00,16
1404082909,43,91000001,11:30:00,12:10:00,64
1404082909,30,91000001,12:10:00,12:50:00,54
1404090130,30,91000001,12:10:00,12:50:00,10
1404090130,11,91000001,12:50:00,13:30:00,64
1404090102,29,92000001,06:45:00,07:20:00,800
1404090102,38,92000001,07:20:00,07:55:00,800
1404090102,14,92000001,07:55:00,08:35:00,470
1404090130,14,91000001,07:55:00,08:35:00,24
1404090130,62,91000001,08:35:00,09:35:00,36
1404090111,62,91000001,08:35:00,09:35:00,28
1404090111,77,91000001,09:35:00,10:25:00,64
1404090111,49,91000001,10:25:00,11:05:00,14
1404090125,49,91000001,10:25:00,11:05:00,50
1404090125,78,91000001,11:05:00,11:40:00,64
1404090125,39,91000001,11:40:00,12:20:00,22
1404090120,39,91000001,11:40:00,12:20:00,42
1404090120,67,91000001,12:20:00,13:15:00,60
